metric,transition,n_from,n_to,cohens_d,ci_low,ci_high,welch_p,bh_q,holm_p,sig_raw,sig_bh,sig_holm,ci_excludes_0,sig_nom,d_nom,q_nom
Algebraic connectivity (lambda_2),"Toughening (weak, Q1->Q2)",128,35,0.37553778738102694,-0.08999428992519648,0.7122301120958832,0.036165891235270205,0.062160125560620665,0.867981389646485,True,False,False,False,True,0.7480803139701899,4.4426184036814825e-05
Algebraic connectivity (lambda_2),"Toughening (strong, Q3->Q4)",35,129,0.28240595244288463,-0.06595675044278285,0.7711283596712792,0.11793867923195689,0.17531425291236835,1.0,False,False,False,False,True,0.563272132163442,0.003146700208370829
Algebraic connectivity (lambda_2),"Strengthening (brittle, Q1->Q3)",128,35,1.1617123559306237,0.7220482576304859,1.5066155818879727,5.422713482589309e-09,2.98249241542412e-08,2.4944482019910823e-07,True,True,True,True,True,0.7509481882240728,0.00014049031399362676
Algebraic connectivity (lambda_2),"Strengthening (tough, Q2->Q4)",35,129,1.101118673708012,0.7571414146563621,1.6632225034352897,1.0369606477244063e-07,4.0737739732030246e-07,4.355234720442506e-06,True,True,True,True,True,0.6512561092034824,0.0002790366403566854
Algebraic connectivity (lambda_2),Total (Q1->Q4),128,129,1.4254706549630194,1.147133404002095,1.7418144280574475,1.1675082705085083e-24,6.421295487796795e-23,6.421295487796795e-23,True,True,True,True,True,1.3565133795736348,1.297348187729798e-18
"Algebraic connectivity excl. dangling ends (lambda_2,core)","Toughening (weak, Q1->Q2)",128,35,0.2967300808598089,-0.09438553972323696,0.6031933084880975,0.061904307576013354,0.09727819761944956,1.0,False,False,False,False,True,0.5127750345381195,0.0028846253992846163
"Algebraic connectivity excl. dangling ends (lambda_2,core)","Toughening (strong, Q3->Q4)",35,129,-0.25488856405243265,-0.7884789438381308,0.2365559665857524,0.298685726738891,0.38516347202991685,1.0,False,False,False,False,False,-0.333099757857923,0.09999123581105711
"Algebraic connectivity excl. dangling ends (lambda_2,core)","Strengthening (brittle, Q1->Q3)",128,35,0.5193551900037356,0.07073008588721487,0.9634798484144681,0.014087213237649353,0.02499344284099079,0.3521803309412338,True,True,False,True,True,0.9641740437631054,2.823761849351469e-06
"Algebraic connectivity excl. dangling ends (lambda_2,core)","Strengthening (tough, Q2->Q4)",35,129,0.0581165547001641,-0.34695891253649525,0.458290693770637,0.7562676882353272,0.7702726454248703,1.0,False,False,False,False,False,0.2613054543784059,0.13794822665064707
"Algebraic connectivity excl. dangling ends (lambda_2,core)",Total (Q1->Q4),128,129,0.3685490467319289,0.1025509594823874,0.5967144558519779,0.003495948076881546,0.006867040865303036,0.09788654615268329,True,True,False,True,True,0.7634911759406511,2.21066220958238e-07
Mean shortest path length (L),"Toughening (weak, Q1->Q2)",128,35,-0.31628094000278223,-0.6752547035793236,0.02798436219406413,0.05909118175953917,0.09558867637572512,1.0,False,False,False,False,True,-0.6244205276159371,0.00012065721254411529
Mean shortest path length (L),"Toughening (strong, Q3->Q4)",35,129,0.0049096188329965625,-0.4765449985092764,0.39719093948467155,0.9812389976669758,0.9812389976669759,1.0,False,False,False,False,True,-0.4615804157563268,0.02005980461830859
Mean shortest path length (L),"Strengthening (brittle, Q1->Q3)",128,35,-1.1648156443244921,-1.5222498150378165,-0.7429697378758345,7.319488717435047e-09,3.404944818347178e-08,3.293769922845771e-07,True,True,True,True,True,-1.0161047397974363,7.952702794430067e-08
Mean shortest path length (L),"Strengthening (tough, Q2->Q4)",35,129,-1.1114958049586867,-1.5540158086275326,-0.6637393903952662,6.559706150852513e-07,2.1222578723346365e-06,2.55828539883248e-05,True,True,True,True,True,-1.0927945740979026,3.882268137208799e-09
Mean shortest path length (L),Total (Q1->Q4),128,129,-1.285786013045779,-1.5529870892472224,-1.0132229175929848,1.0009633209332787e-20,1.835099421711011e-19,5.305105600946378e-19,True,True,True,True,True,-1.5426646071942083,2.8734577429563296e-22
Cycle rank,"Toughening (weak, Q1->Q2)",128,35,-0.21191835848194962,-0.5959815798456074,0.2537204079928349,0.30871660932642087,0.3858957616580261,1.0,False,False,False,False,False,0.08328969765467664,0.6579250377065601
Cycle rank,"Toughening (strong, Q3->Q4)",35,129,-0.2800723339556578,-0.6960185011858544,0.14920569942990664,0.15597443388306786,0.21865393371714678,1.0,False,False,False,False,False,-0.1544018547313338,0.3797018078454227
Cycle rank,"Strengthening (brittle, Q1->Q3)",128,35,0.1853139839735782,-0.24454920776370487,0.6037012086174663,0.34996605545560455,0.42773629000129443,1.0,False,False,False,False,True,0.615029028403861,0.0014230366294976106
Cycle rank,"Strengthening (tough, Q2->Q4)",35,129,0.11438276000089578,-0.36863762813132994,0.5233725167710697,0.5776945848339341,0.6354640433173275,1.0,False,False,False,False,False,0.34216351480093815,0.05702493591311915
Cycle rank,Total (Q1->Q4),128,129,-0.09851231532198992,-0.3458399016410611,0.15472902382621434,0.4304490524860355,0.5037169763134458,1.0,False,False,False,False,True,0.4406720957236955,0.0024545540751681333
Max. betweenness centrality,"Toughening (weak, Q1->Q2)",128,35,-0.28683883526912657,-0.564377098191142,0.0071904907471354845,0.05070164330460421,0.08450273884100701,1.0,False,False,False,False,True,-0.36328784463692804,0.02205275874800693
Max. betweenness centrality,"Toughening (strong, Q3->Q4)",35,129,0.08889217140382101,-0.34631145235235977,0.43981847083271886,0.6367291365696699,0.6734635098333046,1.0,False,False,False,False,False,-0.19402836431851583,0.31925147047716906
Max. betweenness centrality,"Strengthening (brittle, Q1->Q3)",128,35,-0.6749313685771812,-0.9687767512539749,-0.35124172528837705,3.902802462116771e-05,0.0001073270677082112,0.0014050088863620375,True,True,True,True,True,-0.606861028000589,0.0010274925208177484
Max. betweenness centrality,"Strengthening (tough, Q2->Q4)",35,129,-0.44649690106056134,-0.8968738807345238,-0.10111385178294079,0.012530044721131988,0.022971748655408644,0.3257811627494317,True,True,False,True,True,-0.6001671722477561,0.0006613362862883833
Max. betweenness centrality,Total (Q1->Q4),128,129,-0.6624630127779078,-0.9375440372308559,-0.4233354514460648,2.682273784736503e-07,9.22031613503173e-07,1.0729095138946012e-05,True,True,True,True,True,-0.864228161943371,7.4241445330978535e-09
Bridges,"Toughening (weak, Q1->Q2)",128,35,-0.07869086263863793,-0.5697864146884748,0.2761999890157478,0.6613089588832426,0.6862640139354405,1.0,False,False,False,False,False,-0.3556966711604462,0.0510386865233993
Bridges,"Toughening (strong, Q3->Q4)",35,129,-0.5962851506998222,-1.0549369634350976,-0.19537170576503776,0.003234521756241586,0.006588840614566193,0.09380113093100599,True,True,False,True,True,-0.7630858694081493,4.873326633301856e-05
Bridges,"Strengthening (brittle, Q1->Q3)",128,35,-0.611740975193377,-1.0707615321721378,-0.15812829578651394,0.0036326567536695215,0.0068895214293732306,0.09808173234907708,True,True,False,True,False,-0.024938409464005627,0.899900367164016
Bridges,"Strengthening (tough, Q2->Q4)",35,129,-1.1494810055606681,-1.5441645324735924,-0.74587253173632,7.42897051275748e-09,3.404944818347178e-08,3.293769922845771e-07,True,True,True,True,True,-0.4509084033032262,0.012465529947281574
Bridges,Total (Q1->Q4),128,129,-1.2218490768328263,-1.572139982707937,-0.9494231470539182,1.9770858871802188e-19,2.7184930948728007e-18,1.0280846613337137e-17,True,True,True,True,True,-0.8008834451656422,6.95147291141636e-08
Degree bimodality (D_bi),"Toughening (weak, Q1->Q2)",128,35,-0.10165178866071235,-0.5918706988898134,0.30804733233431236,0.6049638531505375,0.6524119984956777,1.0,False,False,False,False,True,-0.4248097927021286,0.024437990783095973
Degree bimodality (D_bi),"Toughening (strong, Q3->Q4)",35,129,-0.6753177207674147,-1.1346137737547877,-0.2802907283445038,0.0019204019540681606,0.004400921144739535,0.06145286253018114,True,True,False,True,True,-0.6372102824090285,0.0005203974305047546
Degree bimodality (D_bi),"Strengthening (brittle, Q1->Q3)",128,35,-0.3833786405637696,-0.882899387196195,0.14074379386231006,0.11195633467224395,0.17104440019370604,1.0,False,False,False,False,False,-0.010185406192966298,0.9554094745362623
Degree bimodality (D_bi),"Strengthening (tough, Q2->Q4)",35,129,-0.9861051898318647,-1.3589002283533023,-0.5942392166059612,1.9278056129620168e-07,7.068620580860728e-07,7.90400301314427e-06,True,True,True,True,False,-0.31798848665348617,0.05702493591311915
Degree bimodality (D_bi),Total (Q1->Q4),128,129,-1.1486508043837524,-1.452555176760993,-0.8684800772484453,1.5659741476436682e-17,1.435476302006696e-16,7.829870738218341e-16,True,True,True,True,True,-0.7131692137950453,1.2648417964026036e-06
Degree heterogeneity (sigma_k),"Toughening (weak, Q1->Q2)",128,35,-0.13872336150624504,-0.5732888408175284,0.21875849192854993,0.42504341801715706,0.5037169763134458,1.0,False,False,False,False,True,-0.40762806610305347,0.040178368296207884
Degree heterogeneity (sigma_k),"Toughening (strong, Q3->Q4)",35,129,-0.5282517909792662,-0.8588572235618525,-0.12203556157694168,0.003025443001190178,0.006399975579440761,0.09076329003570534,True,True,False,True,True,-0.6193044469086948,0.00040061044920235893
Degree heterogeneity (sigma_k),"Strengthening (brittle, Q1->Q3)",128,35,-0.9127916112786256,-1.5488443299929995,-0.47119653705520054,0.0002688795693895547,0.0007042083960202623,0.009410784928634414,True,True,True,True,False,-0.27524610937909877,0.13794822665064707
Degree heterogeneity (sigma_k),"Strengthening (tough, Q2->Q4)",35,129,-1.1162232270532018,-1.3888660289213006,-0.8362615411479962,1.416735564389332e-13,9.740057005176658e-13,6.800330709068793e-12,True,True,True,True,True,-0.48444914289142693,0.00709811942720392
Degree heterogeneity (sigma_k),Total (Q1->Q4),128,129,-1.3418774236831896,-1.6325163192604084,-1.0748003442958103,8.313151390343616e-22,2.2861166323444943e-20,4.4891017507855525e-20,True,True,True,True,True,-0.9092349443052616,1.5429580216073483e-09
Degree entropy (H),"Toughening (weak, Q1->Q2)",128,35,-0.12760321210756623,-0.587582178028722,0.2593813859576089,0.5361084160875551,0.6017543445880721,1.0,False,False,False,False,False,-0.26847201154416683,0.179110139289457
Degree entropy (H),"Toughening (strong, Q3->Q4)",35,129,-0.26499013100476704,-0.6458503358594168,0.1949282966074346,0.15902104270337947,0.21865393371714678,1.0,False,False,False,False,True,-0.37977018118014766,0.03605858005498551
Degree entropy (H),"Strengthening (brittle, Q1->Q3)",128,35,-0.8884867308059339,-1.5544535784914606,-0.4240349787832527,0.0028301868423243996,0.0062264110531136795,0.08773579211205638,True,True,False,True,False,-0.3561340983320456,0.08733231458429935
Degree entropy (H),"Strengthening (tough, Q2->Q4)",35,129,-0.7975499364192339,-1.0668076422084454,-0.5118494945468338,3.960884439677484e-08,1.6757588014020124e-07,1.703180309061318e-06,True,True,True,True,True,-0.4669518649203638,0.007746932726566541
Degree entropy (H),Total (Q1->Q4),128,129,-1.0196612993965182,-1.2563906228942523,-0.7714594542060138,4.6225882950968273e-14,3.6320336604332214e-13,2.2650682645974453e-12,True,True,True,True,True,-0.7679243393042505,2.21066220958238e-07
Mean eigenvector centrality,"Toughening (weak, Q1->Q2)",128,35,0.21469288178205848,-0.2225193283467582,0.6637898649841046,0.3011278054052077,0.38516347202991685,1.0,False,False,False,False,False,0.3699663072844041,0.05702493591311915
Mean eigenvector centrality,"Toughening (strong, Q3->Q4)",35,129,0.22492266421946977,-0.16827544736519978,0.5740569461019487,0.20011253510189192,0.26844364464887943,1.0,False,False,False,False,True,0.4825246508826983,0.010773210589186925
Mean eigenvector centrality,"Strengthening (brittle, Q1->Q3)",128,35,1.0636136620938161,0.639136748612666,1.6355698921001127,2.1582102351772314e-06,6.594531274152651e-06,8.201198893673479e-05,True,True,True,True,True,0.6493742776089787,0.0009742834379997365
Mean eigenvector centrality,"Strengthening (tough, Q2->Q4)",35,129,0.9156427558478865,0.5638745167914221,1.3566279439658382,3.6332323160954607e-06,1.0517251441328966e-05,0.00013442959569553206,True,True,True,True,True,0.7206953219827844,0.0002790366403566854
Mean eigenvector centrality,Total (Q1->Q4),128,129,1.1891525316937963,0.918198076890731,1.5243777541132748,1.5951829131434359e-18,1.7547012044577794e-17,8.135432857031523e-17,True,True,True,True,True,1.1665042157166945,1.3233599546032906e-14
Assortativity (r),"Toughening (weak, Q1->Q2)",128,35,-0.22939951429176234,-0.553836748609898,0.09425767952093168,0.15359973413191047,0.21865393371714678,1.0,False,False,False,False,False,-0.31754542275218245,0.0510386865233993
Assortativity (r),"Toughening (strong, Q3->Q4)",35,129,-0.14049016163358635,-0.5872151783156795,0.2048637894667875,0.4620292573913837,0.5294085240942937,1.0,False,False,False,False,False,-0.33876773712902425,0.07952834666270228
Assortativity (r),"Strengthening (brittle, Q1->Q3)",128,35,-0.617853908184819,-0.9570971257282458,-0.17288502951590953,0.0006969000900325224,0.001742250225081306,0.02369460306110576,True,True,True,True,False,-0.24396852985367898,0.179110139289457
Assortativity (r),"Strengthening (tough, Q2->Q4)",35,129,-0.6060380768327788,-0.9761392964832553,-0.21942984562613238,0.0008935365382127252,0.0021367178087695602,0.02948670576101993,True,True,True,True,False,-0.33356713273113314,0.050403170092723076
Assortativity (r),Total (Q1->Q4),128,129,-0.773633416344061,-1.021967217467438,-0.5152664761695629,2.377747039765298e-09,1.4530676354121263e-08,1.11754110868969e-07,True,True,True,True,True,-0.6077333298110646,4.014372284514786e-05
