variable,Q1_mean,Q1_sd,Q1_min,Q1_max,Q1_n,Q2_mean,Q2_sd,Q2_min,Q2_max,Q2_n,Q3_mean,Q3_sd,Q3_min,Q3_max,Q3_n,Q4_mean,Q4_sd,Q4_min,Q4_max,Q4_n,KW_p,rho_UTS,p_UTS,rho_T,p_T
Vacancies (f=0 sites),12.296875,1.6427333425257031,10.0,15.0,128,12.142857142857142,1.6828347432559276,10.0,15.0,35,12.742857142857142,1.6150552192864918,10.0,15.0,35,12.03875968992248,1.7695475268023755,10.0,15.0,129,0.16069157414506038,-0.08053918088302538,0.14617214319466956,-0.07311893275082894,0.18719492431385348
Dangling ends (f=1),26.8984375,10.424713099585112,0.0,48.0,128,26.82857142857143,9.488338707517318,3.0,46.0,35,21.257142857142856,11.74319041012294,0.0,44.0,35,14.488372093023257,11.472192112254097,0.0,42.0,129,3.366433256055137e-15,-0.5604102520712839,1.9536015831212913e-28,-0.4458192614956525,2.2552207691566654e-17
Chain extenders (f=2),29.71875,12.400747691453391,0.0,62.0,128,28.17142857142857,12.176365038311658,2.0,55.0,35,22.314285714285713,12.778132581441922,1.0,54.0,35,23.069767441860463,11.536075241465106,0.0,52.0,129,1.3269354588800696e-05,-0.34125311964412824,2.318988763238615e-10,-0.17679913324243024,0.0013265843885054422
Junctions (f>=3),147.0859375,11.31998952710208,127.0,188.0,128,148.85714285714286,11.157015353428472,134.0,187.0,35,159.68571428571428,14.523351234905702,138.0,189.0,35,166.4031007751938,17.317584713523924,131.0,197.0,129,1.7806415210755237e-20,0.6522038777040658,5.371744941347134e-41,0.4447141277233431,2.7597266474412858e-17
Strands (edges),377.0,6.032719186851115,368.0,388.0,128,375.8,7.041056070522042,368.0,388.0,35,377.7142857142857,6.7107088631066505,368.0,388.0,35,376.6434108527132,5.8880154360526085,368.0,388.0,129,0.5043712011910035,0.01554641959083119,0.7794249619410276,-0.029583136024580063,0.5940168536341428
2-core strands,347.6171875,13.403561104992791,321.0,380.0,128,347.2857142857143,13.131845953682998,324.0,375.0,35,355.37142857142857,12.988876947979294,330.0,378.0,35,361.50387596899225,12.318129443405606,331.0,384.0,129,1.1478377464132455e-14,0.5638216857761793,7.80825863485162e-29,0.4224989860760007,1.3714915253680328e-15
2-core junctions (f>=3 in core),142.5234375,11.796813158178626,121.0,188.0,128,144.0857142857143,11.218082641488271,129.0,187.0,35,156.71428571428572,15.54986557265789,135.0,188.0,35,164.07751937984497,18.435534811836884,128.0,197.0,129,2.6808753185202e-23,0.6952297028755703,1.5751478569360066e-48,0.4701216449541367,2.200026549986211e-19
Mean degree (occupied sites),3.7016853192212933,0.06526443661192832,3.5728155339805827,3.8606965174129355,128,3.687088108011339,0.07280243222333968,3.5728155339805827,3.8308457711442787,35,3.7167217153165626,0.06552875047114598,3.5825242718446604,3.8415841584158414,35,3.693602539899074,0.06846733625120735,3.5728155339805827,3.8606965174129355,129,0.1690023015821502,-0.026033864299389704,0.6390333323625248,-0.07022042155166887,0.20533156887443058
Beads,11513.703125,181.05297260137786,11241.0,11845.0,128,11477.857142857143,211.39705363536712,11244.0,11845.0,35,11534.685714285713,201.71117549438787,11242.0,11846.0,35,11503.263565891473,176.5009525195546,11241.0,11846.0,129,0.5487478781701938,0.019332852241945146,0.7276205170343215,-0.026181276954515317,0.6371354939633431
Volume <V> (sigma^3),12849.614853767695,201.06396345465046,12543.506947534872,13221.286780041759,128,12809.767842406127,234.76004972879537,12549.158746095243,13218.40884885014,35,12873.517816997908,223.43156847042806,12544.436858507963,13220.936321865365,35,12840.133393829792,195.35759328041536,12547.646237751447,13222.084101225764,129,0.5127381520227539,0.034230699007614836,0.5373607251951891,-0.015315458777371586,0.7826193136295263
Bead density (sigma^-3),0.8960338136279491,0.00014898524205950408,0.8956185641284798,0.8963690200863578,128,0.8960223795398042,0.00013144845011939861,0.8957330301825157,0.8962933145779096,35,0.8959990938489748,0.00019239661200317135,0.8956343224486719,0.8963144244115233,35,0.8958817685427511,0.00020566749599802445,0.8954186722341114,0.8963985011243127,129,4.5513882863567785e-09,-0.3992723561219965,6.051760916902029e-14,-0.3262759679153048,1.5062818288890697e-09
Junction density f>=3 (1e-3 sigma^-3),11.44622734921889,0.8604216972699574,10.067720484843411,14.932275296124986,128,11.619696778771623,0.8374354273651341,10.531793606907087,14.861500073046015,35,12.410962213720458,1.1934825555622175,10.854813983048546,14.97433932473515,35,12.967972556955441,1.4189679593056137,10.386257789291598,15.699160905303547,129,3.929955960873177e-20,0.6420769115666617,2.1304696737567618e-39,0.44548196368438614,2.398737782510543e-17
2-core strand density (1e-3 sigma^-3),27.050371635900873,0.884172700015149,25.183652741258438,29.333499895888984,128,27.107979856248885,0.7975845685559368,25.47935282569309,29.087214046710386,35,27.606776774850747,0.954024404920267,25.63027097070086,29.33077119983293,35,28.156386821460675,0.9289272253770116,26.03556658287266,29.342246047779227,129,5.512938377342676e-17,0.5984999595028877,3.702229509018902e-33,0.4702332496393012,2.1518849690213677e-19
