set,metric,transition,n_from_true,n_to_true,d_true,p_true,q_true,sig_true,n_from_nom,n_to_nom,d_nom,p_nom,q_nom,sig_nom,sign_flip,sig_change
seed1_3pull,lambda_2,Q1->Q2,118,45,0.47037245173300835,0.005593266175822691,0.010986772845366,True,98,65,0.4021472916089401,0.011958212337091345,0.021923389284667468,True,False,False
seed1_3pull,lambda_2,Q3->Q4,45,119,0.44481817859953904,0.012683227796076592,0.020773853065978905,True,65,99,0.7464241500708725,1.3165779704429365e-05,4.827452558290767e-05,True,False,False
seed1_3pull,lambda_2,Q1->Q3,118,45,0.9933989179309886,1.5125859525602426e-07,5.942301956486667e-07,True,98,65,0.5211805382673675,0.0018204637019122777,0.0038509809078913567,True,False,False
seed1_3pull,lambda_2,Q2->Q4,45,119,1.011376587723926,3.472852179517883e-08,1.591723915612363e-07,True,65,99,0.9633426043184576,1.110293824457438e-08,1.2213232069031816e-07,True,False,False
seed1_3pull,lambda_2,Q1->Q4,118,119,1.4355848530023303,3.9762583277374e-23,2.18694208025557e-21,True,98,99,1.3357573915946213,1.8295618042432055e-17,1.006258992333763e-15,True,False,False
seed1_3pull,lambda_2_core,Q1->Q2,118,45,0.4692388104914467,0.0038075460002983037,0.008054424231400258,True,98,65,0.2601333188837114,0.09396308460501923,0.1359992014020015,False,False,True
seed1_3pull,lambda_2_core,Q3->Q4,45,119,-0.16540616156609994,0.41369032943074024,0.5414284382668325,False,65,99,-0.14984340582182162,0.3718759131358095,0.43517394090360684,False,False,False
seed1_3pull,lambda_2_core,Q1->Q3,118,45,0.5040500037806265,0.007893718042148648,0.014004983623166956,True,98,65,0.6120282966874871,0.00024079185793934315,0.0006306453422220892,True,False,False
seed1_3pull,lambda_2_core,Q2->Q4,45,119,-0.09155792674842267,0.597376621971943,0.6990577491161034,False,65,99,0.28701309072489456,0.07328990978091178,0.10894446048513913,False,True,False
seed1_3pull,lambda_2_core,Q1->Q4,118,119,0.40546335214363527,0.0020550797432059707,0.004709557744847016,True,98,99,0.5245174611464555,0.00030611512557971723,0.0007320144307341065,True,False,False
seed1_3pull,avg_path_len,Q1->Q2,118,45,-0.37922469304094253,0.021924251661390205,0.0344523954678989,True,98,65,-0.3105392449531972,0.04312030529681624,0.06975343503896746,False,False,True
seed1_3pull,avg_path_len,Q3->Q4,45,119,-0.32308348795441255,0.08059562945050641,0.11366050307122699,False,65,99,-0.6174217243841941,0.00025825092357560376,0.0006456273089390094,True,False,True
seed1_3pull,avg_path_len,Q1->Q3,118,45,-0.8883570676026047,6.062006944779029e-07,2.083814887267791e-06,True,98,65,-0.6348856887135671,9.57966237685589e-05,0.0002842593672575317,True,False,False
seed1_3pull,avg_path_len,Q2->Q4,45,119,-0.9351690884721873,1.5566037430425735e-06,5.036070933373032e-06,True,65,99,-1.082341529087665,1.9418625132546563e-10,3.560081274300203e-09,True,False,False
seed1_3pull,avg_path_len,Q1->Q4,118,119,-1.2430514655771938,2.248826565773285e-18,4.1228487039176895e-17,True,98,99,-1.2666708672508935,5.328223715219807e-16,1.465261521685447e-14,True,False,False
seed1_3pull,cycle_rank,Q1->Q2,118,45,-0.1184659676046903,0.498065492234241,0.608746712730739,False,98,65,-0.19340587704732723,0.23013222056016427,0.2943551658327683,False,False,False
seed1_3pull,cycle_rank,Q3->Q4,45,119,0.06448060626100918,0.7241184009148071,0.7809120009865566,False,65,99,0.1799854609805422,0.2631216509744282,0.32365062230437114,False,False,False
seed1_3pull,cycle_rank,Q1->Q3,118,45,-0.07943194652064202,0.6646416997730169,0.7311058697503187,False,98,65,-0.018510432150057127,0.907713204420115,0.907713204420115,False,False,False
seed1_3pull,cycle_rank,Q2->Q4,45,119,0.10291588698690737,0.5547602196095489,0.6633002625766345,False,65,99,0.3562449159118063,0.028883890204420913,0.04813981700736819,True,False,True
seed1_3pull,cycle_rank,Q1->Q4,118,119,-0.01513777568018787,0.9073379090505979,0.9241404629219052,False,98,99,0.15938460608069335,0.2648050546126673,0.32365062230437114,False,True,False
seed1_3pull,max_betweenness,Q1->Q2,118,45,-0.44709006514027727,0.0067108375837478,0.012555013688951977,True,98,65,-0.15728097576802,0.323369809475766,0.38663781567754635,False,False,True
seed1_3pull,max_betweenness,Q3->Q4,45,119,0.007141664234990215,0.9666210528505877,0.9666210528505877,False,65,99,-0.31294879400900244,0.05977379028910609,0.0913210684972454,False,True,False
seed1_3pull,max_betweenness,Q1->Q3,118,45,-0.6198052912601678,0.00010297000489188582,0.0002574250122297145,True,98,65,-0.3740741657491595,0.02423783635517277,0.0416587812354532,True,False,False
seed1_3pull,max_betweenness,Q2->Q4,45,119,-0.18376464231945144,0.30831562263645035,0.4135941279269456,False,65,99,-0.5825478746987051,0.0003612833389844834,0.0008127561942037239,True,False,True
seed1_3pull,max_betweenness,Q1->Q4,118,119,-0.6385909882279113,1.7591049923051325e-06,5.375043032043461e-06,True,98,99,-0.7290281091412173,7.469656087990617e-07,5.135388560493549e-06,True,False,False
seed1_3pull,num_bridges,Q1->Q2,118,45,-0.08698530577302317,0.6276607093536852,0.718043357453918,False,98,65,-0.11877947324545872,0.45498384555142835,0.5213356563610116,False,False,False
seed1_3pull,num_bridges,Q3->Q4,45,119,-0.4743989235237781,0.008430342358102041,0.014489650927987884,True,65,99,-0.7310724648904154,9.185244738245438e-06,3.6084890043107075e-05,True,False,False
seed1_3pull,num_bridges,Q1->Q3,118,45,-0.5907530377579059,0.0024772310652917675,0.005449908343641888,True,98,65,-0.030145329884903066,0.8520660969020094,0.8842195345209531,False,False,True
seed1_3pull,num_bridges,Q2->Q4,45,119,-0.9583162791285712,1.2534770013092397e-07,5.303171928616014e-07,True,65,99,-0.6703784839227219,3.106824149285403e-05,0.00010679708013168573,True,False,False
seed1_3pull,num_bridges,Q1->Q4,118,119,-1.0810955998322465,7.416137667614517e-15,8.157751434375968e-14,True,98,99,-0.7773905355213865,1.4610401315322685e-07,1.1479601033467823e-06,True,False,False
seed1_3pull,deg_bimodality,Q1->Q2,118,45,-0.0829127451272153,0.6397113548225815,0.718043357453918,False,98,65,-0.11181903187869367,0.476762362766023,0.5244385990426254,False,False,False
seed1_3pull,deg_bimodality,Q3->Q4,45,119,-0.5366465087069714,0.005160396241626035,0.010511918269978961,True,65,99,-0.6877624493540673,3.8793856938371066e-05,0.00012550953715355343,True,False,False
seed1_3pull,deg_bimodality,Q1->Q3,118,45,-0.38893726040014204,0.05473424018852266,0.0813617083883445,False,98,65,0.04806154753083916,0.7727162246748509,0.8333214187669961,False,True,False
seed1_3pull,deg_bimodality,Q2->Q4,45,119,-0.8838195436556058,6.05612617265968e-07,2.083814887267791e-06,True,65,99,-0.6089567502015053,9.819869050714732e-05,0.0002842593672575317,True,False,False
seed1_3pull,deg_bimodality,Q1->Q4,118,119,-0.9932529629446477,5.437701625146345e-13,4.9845598230508166e-12,True,98,99,-0.6984100385473387,1.988632111413398e-06,9.484809563372022e-06,True,False,False
seed1_3pull,deg_std,Q1->Q2,118,45,-0.13094872286326373,0.4232985971904327,0.5414284382668325,False,98,65,-0.11390756190637762,0.47022129116536315,0.5244385990426254,False,False,False
seed1_3pull,deg_std,Q3->Q4,45,119,-0.33115036092471084,0.044937374210514816,0.06865432171050874,False,65,99,-0.56283274658203,0.00036943463372896544,0.0008127561942037239,True,False,True
seed1_3pull,deg_std,Q1->Q3,118,45,-0.9438417151975083,1.763366773357135e-05,5.10448276498118e-05,True,98,65,-0.2714867593011348,0.09969110364123579,0.1370752675066992,False,False,True
seed1_3pull,deg_std,Q2->Q4,45,119,-0.9928772466090503,9.078477201921076e-12,6.241453076320739e-11,True,65,99,-0.7432942373232393,1.492584392890984e-06,8.209214160900411e-06,True,False,False
seed1_3pull,deg_std,Q1->Q4,118,119,-1.1643689547512357,2.2726216490686543e-16,3.1248547674693995e-15,True,98,99,-0.8417888463480231,1.5942666332737523e-08,1.4614110805009396e-07,True,False,False
seed1_3pull,deg_entropy,Q1->Q2,118,45,-0.021995509092786886,0.8966183763845571,0.9241404629219052,False,98,65,0.025974680630109156,0.8698138998479925,0.8859215646599923,False,True,False
seed1_3pull,deg_entropy,Q3->Q4,45,119,-0.20584284417601167,0.21755086145541008,0.29913243450118887,False,65,99,-0.40825632013337015,0.0088692405847589,0.016820973522818604,True,False,True
seed1_3pull,deg_entropy,Q1->Q3,118,45,-0.8985721407276202,0.00021410267535244576,0.0005119846584515007,True,98,65,-0.2808959516253218,0.0991250088891294,0.1370752675066992,False,False,True
seed1_3pull,deg_entropy,Q2->Q4,45,119,-0.8404669904479729,5.736734541330332e-10,3.5057822197018695e-09,True,65,99,-0.6974334674528777,3.3838544609529683e-06,1.431630733480102e-05,True,False,False
seed1_3pull,deg_entropy,Q1->Q4,118,119,-0.960300156409343,5.725550468675562e-12,4.4986467968165135e-11,True,98,99,-0.6994589868242884,2.069412995644805e-06,9.484809563372022e-06,True,False,False
seed1_3pull,avg_eigenvector_cent,Q1->Q2,118,45,-0.03400671373548819,0.858909902970939,0.9084623973731086,False,98,65,0.0364408716171186,0.8250403453166176,0.8726388267771917,False,True,False
seed1_3pull,avg_eigenvector_cent,Q3->Q4,45,119,0.4402162669952883,0.012842018258968777,0.020773853065978905,True,65,99,0.44429261290333005,0.005279967809210903,0.010371365339521417,True,False,False
seed1_3pull,avg_eigenvector_cent,Q1->Q3,118,45,0.8214091308668557,5.821566865922463e-05,0.00015246960839320736,True,98,65,0.4653222178041175,0.004841139146379422,0.009861579742624749,True,False,False
seed1_3pull,avg_eigenvector_cent,Q2->Q4,45,119,1.1760691124740212,1.3609555771214042e-09,7.485255674167723e-09,True,65,99,0.8133202659710341,1.0253299499524852e-06,6.265905249709632e-06,True,False,False
seed1_3pull,avg_eigenvector_cent,Q1->Q4,118,119,1.2546350873121797,1.0447833179025012e-18,2.873154124231878e-17,True,98,99,0.9030008417384264,1.6017426553399237e-09,2.202396151092395e-08,True,False,False
seed1_3pull,assortativity,Q1->Q2,118,45,-0.12243075301205678,0.4477114258359455,0.5596392822949319,False,98,65,-0.195432035215216,0.21650126917250292,0.28351356677351575,False,False,False
seed1_3pull,assortativity,Q3->Q4,45,119,-0.32168630709483,0.06481860305362115,0.09381639915655693,False,65,99,-0.3047910447721002,0.05922572551044865,0.0913210684972454,False,False,False
seed1_3pull,assortativity,Q1->Q3,118,45,-0.4683728317835163,0.006848189284882897,0.012555013688951977,True,98,65,-0.25206137387531974,0.11953350757846927,0.16034982723941,False,False,True
seed1_3pull,assortativity,Q2->Q4,45,119,-0.7001340972259046,4.4029391465125894e-05,0.0001210808265290962,True,65,99,-0.3839991496159457,0.015445605228574072,0.027403493147470127,True,False,False
seed1_3pull,assortativity,Q1->Q4,118,119,-0.7798898984558998,7.347079128469553e-09,3.673539564234777e-08,True,98,99,-0.5620673057909673,0.00011141577604060808,0.00030639338411167223,True,False,False
12pull,lambda_2,Q1->Q2,128,35,0.37553778738102694,0.036165891235270205,0.062160125560620665,False,111,52,0.7480803139701899,1.1308483209371046e-05,4.4426184036814825e-05,True,False,True
12pull,lambda_2,Q3->Q4,35,129,0.28240595244288463,0.11793867923195689,0.17531425291236835,False,52,112,0.563272132163442,0.0016019564697160582,0.003263244660532711,True,False,True
12pull,lambda_2,Q1->Q3,128,35,1.1617123559306237,5.422713482589309e-09,2.98249241542412e-08,True,111,52,0.7509481882240728,4.342427887075736e-05,0.00014049031399362676,True,False,False
12pull,lambda_2,Q2->Q4,35,129,1.101118673708012,1.0369606477244063e-07,4.0737739732030246e-07,True,52,112,0.6512561092034824,9.639447575958223e-05,0.0002790366403566854,True,False,False
12pull,lambda_2,Q1->Q4,128,129,1.4254706549630194,1.1675082705085083e-24,6.421295487796795e-23,True,111,112,1.3565133795736348,4.717629773562902e-20,1.297348187729798e-18,True,False,False
12pull,lambda_2_core,Q1->Q2,128,35,0.2967300808598089,0.061904307576013354,0.09727819761944956,False,111,52,0.5127750345381195,0.0014160888323760843,0.0029955725300263325,True,False,True
12pull,lambda_2_core,Q3->Q4,35,129,-0.25488856405243265,0.298685726738891,0.394334030887772,False,52,112,-0.333099757857923,0.08362903358742958,0.09999123581105711,False,False,False
12pull,lambda_2_core,Q1->Q3,128,35,0.5193551900037356,0.014087213237649353,0.02499344284099079,True,111,52,0.9641740437631054,6.160934944039568e-07,2.823761849351469e-06,True,False,False
12pull,lambda_2_core,Q2->Q4,35,129,0.0581165547001641,0.7562676882353272,0.7702726454248703,False,52,112,0.2613054543784059,0.12039117962238291,0.13794822665064707,False,False,False
12pull,lambda_2_core,Q1->Q4,128,129,0.3685490467319289,0.003495948076881546,0.006867040865303036,True,111,112,0.7634911759406511,4.0193858356043275e-08,2.21066220958238e-07,True,False,False
12pull,avg_path_len,Q1->Q2,128,35,-0.31628094000278223,0.05909118175953917,0.09558867637572512,False,111,52,-0.6244205276159371,3.510028001283354e-05,0.00012065721254411529,True,False,True
12pull,avg_path_len,Q3->Q4,35,129,0.0049096188329965625,0.9812389976669758,0.9812389976669759,False,52,112,-0.4615804157563268,0.012035882770985154,0.02005980461830859,True,True,True
12pull,avg_path_len,Q1->Q3,128,35,-1.1648156443244921,7.319488717435047e-09,3.404944818347178e-08,True,111,52,-1.0161047397974363,1.1567567700989188e-08,7.952702794430067e-08,True,False,False
12pull,avg_path_len,Q2->Q4,35,129,-1.1114958049586867,6.559706150852513e-07,2.1222578723346365e-06,True,52,112,-1.0927945740979026,3.5293346701898173e-10,3.882268137208799e-09,True,False,False
12pull,avg_path_len,Q1->Q4,128,129,-1.285786013045779,1.0009633209332787e-20,1.835099421711011e-19,True,111,112,-1.5426646071942083,5.224468623556963e-24,2.8734577429563296e-22,True,False,False
12pull,cycle_rank,Q1->Q2,128,35,-0.19171765656538725,0.3620527997108022,0.4630907903277702,False,111,52,0.11021327013849587,0.5318655680260331,0.562550120027535,False,True,False
12pull,cycle_rank,Q3->Q4,35,129,-0.1764228807496342,0.3947067668592771,0.4933834585740964,False,52,112,-0.056801828415728686,0.7428441206040266,0.7708759742117257,False,False,False
12pull,cycle_rank,Q1->Q3,128,35,0.11554107481879602,0.5713089090012742,0.6412651019402057,False,111,52,0.5278644845850174,0.003552078456137628,0.006977296967413197,True,False,True
12pull,cycle_rank,Q2->Q4,35,129,0.13718530079942057,0.5190065894058835,0.6073481365387998,False,52,112,0.3482651640577798,0.04571906634813698,0.05847787556157056,False,False,False
12pull,cycle_rank,Q1->Q4,128,129,-0.05982514699322009,0.63200435974951,0.6734635098333046,False,111,112,0.4772710721952919,0.0004469778257565355,0.0009863928199850384,True,True,True
12pull,max_betweenness,Q1->Q2,128,35,-0.28683883526912657,0.05070164330460421,0.08450273884100701,False,111,52,-0.36328784463692804,0.01363261449876792,0.02205275874800693,True,False,True
12pull,max_betweenness,Q3->Q4,35,129,0.08889217140382101,0.6367291365696699,0.6734635098333046,False,52,112,-0.19402836431851583,0.29603318171519316,0.31925147047716906,False,True,False
12pull,max_betweenness,Q1->Q3,128,35,-0.6749313685771812,3.902802462116771e-05,0.0001073270677082112,True,111,52,-0.606861028000589,0.000448360372720472,0.0009863928199850384,True,False,False
12pull,max_betweenness,Q2->Q4,35,129,-0.44649690106056134,0.012530044721131988,0.022971748655408644,True,52,112,-0.6001671722477561,0.0002645345145153533,0.0006613362862883833,True,False,False
12pull,max_betweenness,Q1->Q4,128,129,-0.6624630127779078,2.682273784736503e-07,9.22031613503173e-07,True,111,112,-0.864228161943371,8.099066763379476e-10,7.4241445330978535e-09,True,False,False
12pull,num_bridges,Q1->Q2,128,35,-0.07869086263863793,0.6613089588832426,0.6862640139354405,False,111,52,-0.3556966711604462,0.03648555803047961,0.0510386865233993,False,False,False
12pull,num_bridges,Q3->Q4,35,129,-0.5962851506998222,0.003234521756241586,0.006588840614566193,True,52,112,-0.7630858694081493,1.3290890818095972e-05,4.873326633301856e-05,True,False,False
12pull,num_bridges,Q1->Q3,128,35,-0.611740975193377,0.0036326567536695215,0.0068895214293732306,True,111,52,-0.024938409464005627,0.8835385423064884,0.899900367164016,False,False,True
12pull,num_bridges,Q2->Q4,35,129,-1.1494810055606681,7.42897051275748e-09,3.404944818347178e-08,True,52,112,-0.4509084033032262,0.007252671969327461,0.012465529947281574,True,False,False
12pull,num_bridges,Q1->Q4,128,129,-1.2218490768328263,1.9770858871802188e-19,2.7184930948728007e-18,True,111,112,-0.8008834451656422,8.847329159984457e-09,6.95147291141636e-08,True,False,False
12pull,deg_bimodality,Q1->Q2,128,35,-0.10165178866071235,0.6049638531505375,0.6654602384655912,False,111,52,-0.4248097927021286,0.015551448680151984,0.024437990783095973,True,False,True
12pull,deg_bimodality,Q3->Q4,35,129,-0.6753177207674147,0.0019204019540681606,0.004400921144739535,True,52,112,-0.6372102824090285,0.00019869720073817902,0.0005203974305047546,True,False,False
12pull,deg_bimodality,Q1->Q3,128,35,-0.3833786405637696,0.11195633467224395,0.17104440019370604,False,111,52,-0.010185406192966298,0.9554094745362625,0.9554094745362623,False,False,False
12pull,deg_bimodality,Q2->Q4,35,129,-0.9861051898318647,1.9278056129620168e-07,7.068620580860728e-07,True,52,112,-0.31798848665348617,0.04458313171389315,0.05838267248247913,False,False,True
12pull,deg_bimodality,Q1->Q4,128,129,-1.1486508043837524,1.5659741476436682e-17,1.435476302006696e-16,True,111,112,-0.7131692137950453,2.529683592805207e-07,1.2648417964026036e-06,True,False,False
12pull,deg_std,Q1->Q2,128,35,-0.13872336150624504,0.42504341801715706,0.5194975109098586,False,111,52,-0.40762806610305347,0.02702908412653985,0.040178368296207884,True,False,True
12pull,deg_std,Q3->Q4,35,129,-0.5282517909792662,0.003025443001190178,0.006399975579440761,True,52,112,-0.6193044469086948,0.00014567652698267597,0.00040061044920235893,True,False,False
12pull,deg_std,Q1->Q3,128,35,-0.9127916112786256,0.0002688795693895547,0.0007042083960202623,True,111,52,-0.27524610937909877,0.11895307424532443,0.13794822665064707,False,False,True
12pull,deg_std,Q2->Q4,35,129,-1.1162232270532018,1.416735564389332e-13,9.740057005176658e-13,True,52,112,-0.48444914289142693,0.00374264478888934,0.00709811942720392,True,False,False
12pull,deg_std,Q1->Q4,128,129,-1.3418774236831896,8.313151390343616e-22,2.2861166323444943e-20,True,111,112,-0.9092349443052616,1.1221512884417079e-10,1.5429580216073483e-09,True,False,False
12pull,deg_entropy,Q1->Q2,128,35,-0.12760321210756623,0.5361084160875551,0.614290893433657,False,111,52,-0.26847201154416683,0.15961704494112713,0.179110139289457,False,False,False
12pull,deg_entropy,Q3->Q4,35,129,-0.26499013100476704,0.15902104270337947,0.22426044483809926,False,52,112,-0.37977018118014766,0.023601979672354154,0.03605858005498551,True,False,True
12pull,deg_entropy,Q1->Q3,128,35,-0.8884867308059339,0.0028301868423243996,0.0062264110531136795,True,111,52,-0.3561340983320456,0.07145371193260856,0.08733231458429935,False,False,True
12pull,deg_entropy,Q2->Q4,35,129,-0.7975499364192339,3.960884439677484e-08,1.6757588014020124e-07,True,52,112,-0.4669518649203638,0.004225599669036295,0.007746932726566541,True,False,False
12pull,deg_entropy,Q1->Q4,128,129,-1.0196612993965182,4.6225882950968273e-14,3.6320336604332214e-13,True,111,112,-0.7679243393042505,3.672361644389247e-08,2.21066220958238e-07,True,False,False
12pull,avg_eigenvector_cent,Q1->Q2,128,35,0.21469288178205848,0.3011278054052077,0.394334030887772,False,111,52,0.3699663072844041,0.04430225442617071,0.05838267248247913,False,False,False
12pull,avg_eigenvector_cent,Q3->Q4,35,129,0.22492266421946977,0.20011253510189192,0.2751547357651014,False,52,112,0.4825246508826983,0.0060721732411780855,0.010773210589186925,True,False,True
12pull,avg_eigenvector_cent,Q1->Q3,128,35,1.0636136620938161,2.1582102351772314e-06,6.594531274152651e-06,True,111,52,0.6493742776089787,0.0004074276195271625,0.0009742834379997365,True,False,False
12pull,avg_eigenvector_cent,Q2->Q4,35,129,0.9156427558478865,3.6332323160954607e-06,1.0517251441328966e-05,True,52,112,0.7206953219827844,9.594311399662917e-05,0.0002790366403566854,True,False,False
12pull,avg_eigenvector_cent,Q1->Q4,128,129,1.1891525316937963,1.5951829131434359e-18,1.7547012044577794e-17,True,111,112,1.1665042157166945,7.218327025108858e-16,1.3233599546032906e-14,True,False,False
12pull,assortativity,Q1->Q2,128,35,-0.22939951429176234,0.15359973413191047,0.22231540466460728,False,111,52,-0.31754542275218245,0.037119044744290404,0.0510386865233993,False,False,False
12pull,assortativity,Q3->Q4,35,129,-0.14049016163358635,0.4620292573913837,0.552426286011437,False,52,112,-0.33876773712902425,0.06362267733016183,0.07952834666270228,False,False,False
12pull,assortativity,Q1->Q3,128,35,-0.617853908184819,0.0006969000900325224,0.001742250225081306,True,111,52,-0.24396852985367898,0.16282739935405183,0.179110139289457,False,False,True
12pull,assortativity,Q2->Q4,35,129,-0.6060380768327788,0.0008935365382127252,0.0021367178087695602,True,52,112,-0.33356713273113314,0.03482400842769958,0.050403170092723076,False,False,True
12pull,assortativity,Q1->Q4,128,129,-0.773633416344061,2.377747039765298e-09,1.4530676354121263e-08,True,111,112,-0.6077333298110646,9.48851630885313e-06,4.014372284514786e-05,True,False,False
12pull_all_incomp,lambda_2,Q1->Q2,128,35,0.37553778738102694,0.036165891235270205,0.062160125560620665,False,110,53,0.6814606630236153,4.821818384069291e-05,0.00013957895322305844,True,False,True
12pull_all_incomp,lambda_2,Q3->Q4,35,129,0.28240595244288463,0.11793867923195689,0.17531425291236835,False,53,111,0.5442846731038506,0.002106169039595821,0.0039944585233713855,True,False,True
12pull_all_incomp,lambda_2,Q1->Q3,128,35,1.1617123559306237,5.422713482589309e-09,2.98249241542412e-08,True,110,53,0.8122312782994936,8.982692611865103e-06,2.7447116314032258e-05,True,False,False
12pull_all_incomp,lambda_2,Q2->Q4,35,129,1.101118673708012,1.0369606477244063e-07,4.0737739732030246e-07,True,53,111,0.7633264402241803,5.71824020970239e-06,2.096688076890876e-05,True,False,False
12pull_all_incomp,lambda_2,Q1->Q4,128,129,1.4254706549630194,1.1675082705085083e-24,6.421295487796795e-23,True,110,111,1.398644354425202,7.773231204367733e-21,2.1376385812011267e-19,True,False,False
12pull_all_incomp,lambda_2_core,Q1->Q2,128,35,0.2967300808598089,0.061904307576013354,0.09727819761944956,False,110,53,0.4853675869109757,0.002340751197475121,0.004291377195371055,True,False,True
12pull_all_incomp,lambda_2_core,Q3->Q4,35,129,-0.25488856405243265,0.298685726738891,0.394334030887772,False,53,111,-0.3597397339664638,0.06100235563748844,0.07293759913177966,False,False,False
12pull_all_incomp,lambda_2_core,Q1->Q3,128,35,0.5193551900037356,0.014087213237649353,0.02499344284099079,True,110,53,0.9806017602162622,3.5839190255337365e-07,1.6426295533696292e-06,True,False,False
12pull_all_incomp,lambda_2_core,Q2->Q4,35,129,0.0581165547001641,0.7562676882353272,0.7702726454248703,False,53,111,0.2907884711420779,0.08315230055236442,0.0973058836251073,False,False,False
12pull_all_incomp,lambda_2_core,Q1->Q4,128,129,0.3685490467319289,0.003495948076881546,0.006867040865303036,True,110,111,0.7614666022519456,5.012355106311024e-08,2.7567953084710635e-07,True,False,False
12pull_all_incomp,avg_path_len,Q1->Q2,128,35,-0.31628094000278223,0.05909118175953917,0.09558867637572512,False,110,53,-0.5804125591480205,0.00012138655865466968,0.00029027220547855794,True,False,True
12pull_all_incomp,avg_path_len,Q3->Q4,35,129,0.0049096188329965625,0.9812389976669758,0.9812389976669759,False,53,111,-0.452107573478305,0.01363469959169198,0.022724499319486634,True,True,True
12pull_all_incomp,avg_path_len,Q1->Q3,128,35,-1.1648156443244921,7.319488717435047e-09,3.404944818347178e-08,True,110,53,-1.11278020864886,4.73006869268533e-10,3.716482544252759e-09,True,False,False
12pull_all_incomp,avg_path_len,Q2->Q4,35,129,-1.1114958049586867,6.559706150852513e-07,2.1222578723346365e-06,True,53,111,-1.2678882192636665,2.3277668323040663e-12,3.2006793944180914e-11,True,False,False
12pull_all_incomp,avg_path_len,Q1->Q4,128,129,-1.285786013045779,1.0009633209332787e-20,1.835099421711011e-19,True,110,111,-1.6437560591149933,4.893095972898549e-26,2.691202785094202e-24,True,False,False
12pull_all_incomp,cycle_rank,Q1->Q2,128,35,-0.19171765656538725,0.3620527997108022,0.4630907903277702,False,110,53,0.05737899880135099,0.7409523403218232,0.7795951749667349,False,True,False
12pull_all_incomp,cycle_rank,Q3->Q4,35,129,-0.1764228807496342,0.3947067668592771,0.4933834585740964,False,53,111,-0.12683751835140242,0.45790523437129504,0.4938193704004162,False,False,False
12pull_all_incomp,cycle_rank,Q1->Q3,128,35,0.11554107481879602,0.5713089090012742,0.6412651019402057,False,110,53,0.5755942053487529,0.0012209625441512838,0.002582805381858485,True,False,True
12pull_all_incomp,cycle_rank,Q2->Q4,35,129,0.13718530079942057,0.5190065894058835,0.6073481365387998,False,53,111,0.37815795201727054,0.02900213873429151,0.03987794075965083,True,False,True
12pull_all_incomp,cycle_rank,Q1->Q4,128,129,-0.05982514699322009,0.63200435974951,0.6734635098333046,False,110,111,0.4512146268621526,0.0009373129903232659,0.002062088578711185,True,True,True
12pull_all_incomp,max_betweenness,Q1->Q2,128,35,-0.28683883526912657,0.05070164330460421,0.08450273884100701,False,110,53,-0.40272123872666915,0.006172993880197124,0.010609833231588808,True,False,True
12pull_all_incomp,max_betweenness,Q3->Q4,35,129,0.08889217140382101,0.6367291365696699,0.6734635098333046,False,53,111,-0.057215467722640474,0.7512462595133991,0.7795951749667349,False,True,False
12pull_all_incomp,max_betweenness,Q1->Q3,128,35,-0.6749313685771812,3.902802462116771e-05,0.0001073270677082112,True,110,53,-0.7577831249799555,8.03366637739947e-06,2.599127357393946e-05,True,False,False
12pull_all_incomp,max_betweenness,Q2->Q4,35,129,-0.44649690106056134,0.012530044721131988,0.022971748655408644,True,53,111,-0.5896160593369336,0.0003463289747178992,0.0007936705670618522,True,False,False
12pull_all_incomp,max_betweenness,Q1->Q4,128,129,-0.6624630127779078,2.682273784736503e-07,9.22031613503173e-07,True,110,111,-0.8913387474506709,3.286414779271799e-10,3.0125468809991486e-09,True,False,False
12pull_all_incomp,num_bridges,Q1->Q2,128,35,-0.07869086263863793,0.6613089588832426,0.6862640139354405,False,110,53,-0.3268339833968613,0.05243258146628526,0.06408426623657087,False,False,False
12pull_all_incomp,num_bridges,Q3->Q4,35,129,-0.5962851506998222,0.003234521756241586,0.006588840614566193,True,53,111,-0.8123571080194039,5.454746199058594e-06,2.096688076890876e-05,True,False,False
12pull_all_incomp,num_bridges,Q1->Q3,128,35,-0.611740975193377,0.0036326567536695215,0.0068895214293732306,True,110,53,-0.020517628282866136,0.9046067527309931,0.9213587296334189,False,False,True
12pull_all_incomp,num_bridges,Q2->Q4,35,129,-1.1494810055606681,7.42897051275748e-09,3.404944818347178e-08,True,53,111,-0.5304465743303548,0.0017115822214678947,0.003362036506454793,True,False,False
12pull_all_incomp,num_bridges,Q1->Q4,128,129,-1.2218490768328263,1.9770858871802188e-19,2.7184930948728007e-18,True,110,111,-0.8525754871165477,1.3104732845670793e-09,9.009503831398671e-09,True,False,False
12pull_all_incomp,deg_bimodality,Q1->Q2,128,35,-0.10165178866071235,0.6049638531505375,0.6654602384655912,False,110,53,-0.41533538768889017,0.017009068556409015,0.02751466972360282,True,False,True
12pull_all_incomp,deg_bimodality,Q3->Q4,35,129,-0.6753177207674147,0.0019204019540681606,0.004400921144739535,True,53,111,-0.6751689536548454,9.80993262159664e-05,0.000245248315539916,True,False,False
12pull_all_incomp,deg_bimodality,Q1->Q3,128,35,-0.3833786405637696,0.11195633467224395,0.17104440019370604,False,110,53,0.001401636210118715,0.9938524102738882,0.9938524102738882,False,True,False
12pull_all_incomp,deg_bimodality,Q2->Q4,35,129,-0.9861051898318647,1.9278056129620168e-07,7.068620580860728e-07,True,53,111,-0.3566116345632017,0.024772338485527925,0.03585470043957989,True,False,False
12pull_all_incomp,deg_bimodality,Q1->Q4,128,129,-1.1486508043837524,1.5659741476436682e-17,1.435476302006696e-16,True,110,111,-0.7475323419048694,8.119391402476219e-08,4.0596957012381097e-07,True,False,False
12pull_all_incomp,deg_std,Q1->Q2,128,35,-0.13872336150624504,0.42504341801715706,0.5194975109098586,False,110,53,-0.38689226601428095,0.03365821971624801,0.0439569839458863,True,False,True
12pull_all_incomp,deg_std,Q3->Q4,35,129,-0.5282517909792662,0.003025443001190178,0.006399975579440761,True,53,111,-0.6490338026658826,7.226871676937543e-05,0.00019873897111578241,True,False,False
12pull_all_incomp,deg_std,Q1->Q3,128,35,-0.9127916112786256,0.0002688795693895547,0.0007042083960202623,True,110,53,-0.2724862000710867,0.12062169743316964,0.13821236164217354,False,False,True
12pull_all_incomp,deg_std,Q2->Q4,35,129,-1.1162232270532018,1.416735564389332e-13,9.740057005176658e-13,True,53,111,-0.5302058320336064,0.001490311543550299,0.003035819810935794,True,False,False
12pull_all_incomp,deg_std,Q1->Q4,128,129,-1.3418774236831896,8.313151390343616e-22,2.2861166323444943e-20,True,110,111,-0.9396569251801029,3.712525659459552e-11,4.0837782254055073e-10,True,False,False
12pull_all_incomp,deg_entropy,Q1->Q2,128,35,-0.12760321210756623,0.5361084160875551,0.614290893433657,False,110,53,-0.2454979558529159,0.1924799645791002,0.21172796103701022,False,False,False
12pull_all_incomp,deg_entropy,Q3->Q4,35,129,-0.26499013100476704,0.15902104270337947,0.22426044483809926,False,53,111,-0.36721424812740167,0.026579046808237736,0.03748327113982245,True,False,True
12pull_all_incomp,deg_entropy,Q1->Q3,128,35,-0.8884867308059339,0.0028301868423243996,0.0062264110531136795,True,110,53,-0.3838929543685304,0.04865653597551842,0.06082066996939803,False,False,True
12pull_all_incomp,deg_entropy,Q2->Q4,35,129,-0.7975499364192339,3.960884439677484e-08,1.6757588014020124e-07,True,53,111,-0.49014306495739207,0.002524212731497002,0.004478441942978552,True,False,False
12pull_all_incomp,deg_entropy,Q1->Q4,128,129,-1.0196612993965182,4.6225882950968273e-14,3.6320336604332214e-13,True,110,111,-0.7724657974383771,3.568050445915398e-08,2.1804752725038543e-07,True,False,False
12pull_all_incomp,avg_eigenvector_cent,Q1->Q2,128,35,0.21469288178205848,0.3011278054052077,0.394334030887772,False,110,53,0.42630013202954453,0.019841670631754748,0.031179768135614606,True,False,True
12pull_all_incomp,avg_eigenvector_cent,Q3->Q4,35,129,0.22492266421946977,0.20011253510189192,0.2751547357651014,False,53,111,0.3887792748129529,0.02193496265661565,0.0335117485031628,True,False,True
12pull_all_incomp,avg_eigenvector_cent,Q1->Q3,128,35,1.0636136620938161,2.1582102351772314e-06,6.594531274152651e-06,True,110,53,0.8214417296985949,6.489629549954981e-06,2.230810157797025e-05,True,False,False
12pull_all_incomp,avg_eigenvector_cent,Q2->Q4,35,129,0.9156427558478865,3.6332323160954607e-06,1.0517251441328966e-05,True,53,111,0.7120757221413924,9.643736295637574e-05,0.000245248315539916,True,False,False
12pull_all_incomp,avg_eigenvector_cent,Q1->Q4,128,129,1.1891525316937963,1.5951829131434359e-18,1.7547012044577794e-17,True,110,111,1.2142818201572103,9.3641000468374e-17,1.7167516752535234e-15,True,False,False
12pull_all_incomp,assortativity,Q1->Q2,128,35,-0.22939951429176234,0.15359973413191047,0.22231540466460728,False,110,53,-0.34409112711548473,0.023157388746337677,0.034423145433745195,True,False,True
12pull_all_incomp,assortativity,Q3->Q4,35,129,-0.14049016163358635,0.4620292573913837,0.552426286011437,False,53,111,-0.25634354791117875,0.14974297173844997,0.16807884582887242,False,False,False
12pull_all_incomp,assortativity,Q1->Q3,128,35,-0.617853908184819,0.0006969000900325224,0.001742250225081306,True,110,53,-0.36128091752558056,0.03436636926678383,0.0439569839458863,True,False,False
12pull_all_incomp,assortativity,Q2->Q4,35,129,-0.6060380768327788,0.0008935365382127252,0.0021367178087695602,True,53,111,-0.34252582794057657,0.030375734615506588,0.040747936679338105,True,False,False
12pull_all_incomp,assortativity,Q1->Q4,128,129,-0.773633416344061,2.377747039765298e-09,1.4530676354121263e-08,True,110,111,-0.639760519028519,3.6801883677980962e-06,1.5570027709915022e-05,True,False,False
12pull_all_uts,lambda_2,Q1->Q2,128,35,0.37553778738102694,0.036165891235270205,0.062160125560620665,False,110,53,0.7282436191735276,1.576759129335115e-05,5.622171733495955e-05,True,False,True
12pull_all_uts,lambda_2,Q3->Q4,35,129,0.28240595244288463,0.11793867923195689,0.17531425291236835,False,53,111,0.5287656761628254,0.00277332199425538,0.005649359617927625,True,False,True
12pull_all_uts,lambda_2,Q1->Q3,128,35,1.1617123559306237,5.422713482589309e-09,2.98249241542412e-08,True,110,53,0.8292046429797576,6.4645565246505266e-06,2.735004683505992e-05,True,False,False
12pull_all_uts,lambda_2,Q2->Q4,35,129,1.101118673708012,1.0369606477244063e-07,4.0737739732030246e-07,True,53,111,0.7201453610553805,1.635540867926096e-05,5.622171733495955e-05,True,False,False
12pull_all_uts,lambda_2,Q1->Q4,128,129,1.4254706549630194,1.1675082705085083e-24,6.421295487796795e-23,True,110,111,1.4010557735405587,6.83887880711473e-21,1.8806916719565505e-19,True,False,False
12pull_all_uts,lambda_2_core,Q1->Q2,128,35,0.2967300808598089,0.061904307576013354,0.09727819761944956,False,110,53,0.36849678990778284,0.015572868623714174,0.024471650694407987,True,False,True
12pull_all_uts,lambda_2_core,Q3->Q4,35,129,-0.25488856405243265,0.298685726738891,0.394334030887772,False,53,111,-0.19742295034397442,0.2992575386377995,0.3227287181388034,False,False,False
12pull_all_uts,lambda_2_core,Q1->Q3,128,35,0.5193551900037356,0.014087213237649353,0.02499344284099079,True,110,53,0.7880752454238777,3.003300172895779e-05,9.716559382898107e-05,True,False,False
12pull_all_uts,lambda_2_core,Q2->Q4,35,129,0.0581165547001641,0.7562676882353272,0.7702726454248703,False,53,111,0.3849289013819091,0.016797164846516395,0.025662335182177823,True,False,True
12pull_all_uts,lambda_2_core,Q1->Q4,128,129,0.3685490467319289,0.003495948076881546,0.006867040865303036,True,110,111,0.7045423420862802,3.99089632349746e-07,1.99544816174873e-06,True,False,False
12pull_all_uts,avg_path_len,Q1->Q2,128,35,-0.31628094000278223,0.05909118175953917,0.09558867637572512,False,110,53,-0.5788973866653376,0.00011597720316090153,0.0003189373086924792,True,False,True
12pull_all_uts,avg_path_len,Q3->Q4,35,129,0.0049096188329965625,0.9812389976669758,0.9812389976669759,False,53,111,-0.38345887258518946,0.03231960412085803,0.043355566503590036,True,True,True
12pull_all_uts,avg_path_len,Q1->Q3,128,35,-1.1648156443244921,7.319488717435047e-09,3.404944818347178e-08,True,110,53,-1.1029568369777996,5.294869195556601e-10,4.160254367937329e-09,True,False,False
12pull_all_uts,avg_path_len,Q2->Q4,35,129,-1.1114958049586867,6.559706150852513e-07,2.1222578723346365e-06,True,53,111,-1.1572230983018676,3.0827254479758516e-11,3.3909979927734367e-10,True,False,False
12pull_all_uts,avg_path_len,Q1->Q4,128,129,-1.285786013045779,1.0009633209332787e-20,1.835099421711011e-19,True,110,111,-1.5493080746943415,5.549959992016118e-24,3.052477995608865e-22,True,False,False
12pull_all_uts,cycle_rank,Q1->Q2,128,35,-0.19171765656538725,0.3620527997108022,0.4630907903277702,False,110,53,0.0430043941830405,0.8029998828836287,0.8029998828836287,False,True,False
12pull_all_uts,cycle_rank,Q3->Q4,35,129,-0.1764228807496342,0.3947067668592771,0.4933834585740964,False,53,111,-0.08426094645177526,0.6248541232816698,0.6364254959350341,False,False,False
12pull_all_uts,cycle_rank,Q1->Q3,128,35,0.11554107481879602,0.5713089090012742,0.6412651019402057,False,110,53,0.47120887599304956,0.008180820904325852,0.014060785929310059,True,False,True
12pull_all_uts,cycle_rank,Q2->Q4,35,129,0.13718530079942057,0.5190065894058835,0.6073481365387998,False,53,111,0.3387860812650374,0.04814864637992905,0.061585477927816226,False,False,False
12pull_all_uts,cycle_rank,Q1->Q4,128,129,-0.05982514699322009,0.63200435974951,0.6734635098333046,False,110,111,0.39318383597362383,0.003830422497349341,0.007264594391524612,True,True,True
12pull_all_uts,max_betweenness,Q1->Q2,128,35,-0.28683883526912657,0.05070164330460421,0.08450273884100701,False,110,53,-0.3296566872821559,0.023609353101047666,0.03417143211993741,True,False,True
12pull_all_uts,max_betweenness,Q3->Q4,35,129,0.08889217140382101,0.6367291365696699,0.6734635098333046,False,53,111,-0.2695406532216031,0.1518474036816087,0.1704409633160914,False,True,False
12pull_all_uts,max_betweenness,Q1->Q3,128,35,-0.6749313685771812,3.902802462116771e-05,0.0001073270677082112,True,110,53,-0.5795781451177384,0.0007683877194184716,0.0017608885236673306,True,False,False
12pull_all_uts,max_betweenness,Q2->Q4,35,129,-0.44649690106056134,0.012530044721131988,0.022971748655408644,True,53,111,-0.7206999790961363,1.5138944632167914e-05,5.622171733495955e-05,True,False,False
12pull_all_uts,max_betweenness,Q1->Q4,128,129,-0.6624630127779078,2.682273784736503e-07,9.22031613503173e-07,True,110,111,-0.917230540128192,1.1380454658675771e-10,1.0432083437119457e-09,True,False,False
12pull_all_uts,num_bridges,Q1->Q2,128,35,-0.07869086263863793,0.6613089588832426,0.6862640139354405,False,110,53,-0.3824540524541057,0.023447668698845386,0.03417143211993741,True,False,True
12pull_all_uts,num_bridges,Q3->Q4,35,129,-0.5962851506998222,0.003234521756241586,0.006588840614566193,True,53,111,-0.6988224332717976,3.388053042424927e-05,9.942242651796743e-05,True,False,False
12pull_all_uts,num_bridges,Q1->Q3,128,35,-0.611740975193377,0.0036326567536695215,0.0068895214293732306,True,110,53,-0.14799545562194658,0.3774572143384064,0.3992335920886991,False,False,True
12pull_all_uts,num_bridges,Q2->Q4,35,129,-1.1494810055606681,7.42897051275748e-09,3.404944818347178e-08,True,53,111,-0.4808530477704015,0.003475199577654088,0.006826284884677673,True,False,False
12pull_all_uts,num_bridges,Q1->Q4,128,129,-1.2218490768328263,1.9770858871802188e-19,2.7184930948728007e-18,True,110,111,-0.8497592627314637,1.4683397760669232e-09,1.0094835960460098e-08,True,False,False
12pull_all_uts,deg_bimodality,Q1->Q2,128,35,-0.10165178866071235,0.6049638531505375,0.6654602384655912,False,110,53,-0.4385326076918303,0.011672507611674685,0.019454179352791142,True,False,True
12pull_all_uts,deg_bimodality,Q3->Q4,35,129,-0.6753177207674147,0.0019204019540681606,0.004400921144739535,True,53,111,-0.5900605576104019,0.0004011461266143111,0.0010028653165357778,True,False,False
12pull_all_uts,deg_bimodality,Q1->Q3,128,35,-0.3833786405637696,0.11195633467224395,0.17104440019370604,False,110,53,-0.11355884339644681,0.5236920830882972,0.5434540484878556,False,False,False
12pull_all_uts,deg_bimodality,Q2->Q4,35,129,-0.9861051898318647,1.9278056129620168e-07,7.068620580860728e-07,True,53,111,-0.3412437989493583,0.0300621225665316,0.04133541852898095,True,False,False
12pull_all_uts,deg_bimodality,Q1->Q4,128,129,-1.1486508043837524,1.5659741476436682e-17,1.435476302006696e-16,True,110,111,-0.7467931645549779,8.393576569251782e-08,4.6164671130884805e-07,True,False,False
12pull_all_uts,deg_std,Q1->Q2,128,35,-0.13872336150624504,0.42504341801715706,0.5194975109098586,False,110,53,-0.40844324561351125,0.025062957540755406,0.03534519653183455,True,False,True
12pull_all_uts,deg_std,Q3->Q4,35,129,-0.5282517909792662,0.003025443001190178,0.006399975579440761,True,53,111,-0.6487899339506346,3.4345929160752385e-05,9.942242651796743e-05,True,False,False
12pull_all_uts,deg_std,Q1->Q3,128,35,-0.9127916112786256,0.0002688795693895547,0.0007042083960202623,True,110,53,-0.3186571439419898,0.06048767524424523,0.0739293808540775,False,False,True
12pull_all_uts,deg_std,Q2->Q4,35,129,-1.1162232270532018,1.416735564389332e-13,9.740057005176658e-13,True,53,111,-0.5281667140102936,0.0014093764238513513,0.0029813732043009354,True,False,False
12pull_all_uts,deg_std,Q1->Q4,128,129,-1.3418774236831896,8.313151390343616e-22,2.2861166323444943e-20,True,110,111,-0.9523089230403846,2.2003985032041392e-11,3.0255479419056915e-10,True,False,False
12pull_all_uts,deg_entropy,Q1->Q2,128,35,-0.12760321210756623,0.5361084160875551,0.614290893433657,False,110,53,-0.24872016584154333,0.1879136433243167,0.20670500765674837,False,False,False
12pull_all_uts,deg_entropy,Q3->Q4,35,129,-0.26499013100476704,0.15902104270337947,0.22426044483809926,False,53,111,-0.4380317988484763,0.0077819038691344725,0.013806603638786967,True,False,True
12pull_all_uts,deg_entropy,Q1->Q3,128,35,-0.8884867308059339,0.0028301868423243996,0.0062264110531136795,True,110,53,-0.35105821999964465,0.06856032361647778,0.08197429997622342,False,False,True
12pull_all_uts,deg_entropy,Q2->Q4,35,129,-0.7975499364192339,3.960884439677484e-08,1.6757588014020124e-07,True,53,111,-0.5257426903057114,0.0012548885927277978,0.0027607549040011554,True,False,False
12pull_all_uts,deg_entropy,Q1->Q4,128,129,-1.0196612993965182,4.6225882950968273e-14,3.6320336604332214e-13,True,110,111,-0.8175885323072849,6.423395568161566e-09,3.9254084027654013e-08,True,False,False
12pull_all_uts,avg_eigenvector_cent,Q1->Q2,128,35,0.21469288178205848,0.3011278054052077,0.394334030887772,False,110,53,0.36637116890364657,0.04449755047162409,0.05827060180807917,False,False,False
12pull_all_uts,avg_eigenvector_cent,Q3->Q4,35,129,0.22492266421946977,0.20011253510189192,0.2751547357651014,False,53,111,0.48855542885763575,0.0045146116367728835,0.008276788000750287,True,False,True
12pull_all_uts,avg_eigenvector_cent,Q1->Q3,128,35,1.0636136620938161,2.1582102351772314e-06,6.594531274152651e-06,True,110,53,0.6209510214717292,0.0005711700006695344,0.0013658413059488867,True,False,False
12pull_all_uts,avg_eigenvector_cent,Q2->Q4,35,129,0.9156427558478865,3.6332323160954607e-06,1.0517251441328966e-05,True,53,111,0.6923966239284567,0.0001345631234540374,0.00035242722809390747,True,False,False
12pull_all_uts,avg_eigenvector_cent,Q1->Q4,128,129,1.1891525316937963,1.5951829131434359e-18,1.7547012044577794e-17,True,110,111,1.1292235441201703,5.900529669091006e-15,1.0817637726666846e-13,True,False,False
12pull_all_uts,assortativity,Q1->Q2,128,35,-0.22939951429176234,0.15359973413191047,0.22231540466460728,False,110,53,-0.2943899614353478,0.053732612326619356,0.0671657654082742,False,False,False
12pull_all_uts,assortativity,Q3->Q4,35,129,-0.14049016163358635,0.4620292573913837,0.552426286011437,False,53,111,-0.32556586162525303,0.074512359931912,0.08719531481393958,False,False,False
12pull_all_uts,assortativity,Q1->Q3,128,35,-0.617853908184819,0.0006969000900325224,0.001742250225081306,True,110,53,-0.27258778616081797,0.12063191690778333,0.13822407145683505,False,False,True
12pull_all_uts,assortativity,Q2->Q4,35,129,-0.6060380768327788,0.0008935365382127252,0.0021367178087695602,True,53,111,-0.3851981933541829,0.015138105738782057,0.024471650694407987,True,False,False
12pull_all_uts,assortativity,Q1->Q4,128,129,-0.773633416344061,2.377747039765298e-09,1.4530676354121263e-08,True,110,111,-0.6323510730619631,4.670956032447278e-06,2.1408548482050026e-05,True,False,False
