file,kind,source,note,sha256
mechanics/mechanics_pulls_4seeds.csv,derived,four_seed_cube.npz (scripts/raw_data_analyses/cg_mechanics/four_seed_analysis.py),"3,924 pulls; one row per network x axis x seed; bitwise equal to the cube",78c61679be51521fc5f2c06cfee467f22bbd73b92ab3a0be00dda2cd1a0707c9
mechanics/mechanics_12pull.csv,copied verbatim,analysis tables/mechanics_12pull.csv,network table: deposited graph descriptors + 12-pull means (as read by the table scripts),5b167c77df519034cba558031f3107f10192076b1c8759d3fb080deaf47caab0
figure_stats/figure6_stats.csv,copied verbatim,analysis tables/figure6_stats.csv,reference values for the checks in both notebooks,83b6b875d912e46944a8835d583b74554922fc35ae2066d803fcc6905c018219
figure_stats/figure6_bars.csv,copied verbatim,analysis tables/figure6_bars.csv,reference values for the checks in both notebooks,948070b8451975b2fc0b7072ea2a1dbd3675c1515d78ca89056dbeea80179179
figure_stats/figure6_continuous.csv,copied verbatim,analysis tables/figure6_continuous.csv,reference values for the checks in both notebooks,90d386cfab3c4e02eb17e5942f26b810249b20aaf0e95d6d545e25749c9e6492
figure_stats/figure5b_degree_bands_k12.csv,copied verbatim,analysis tables/figure5b_degree_bands_k12.csv,reference values for the checks in both notebooks,83c92062c7da64aa6d7db776f85eb9eae18c694da48e00e0ea5ee03c3be9e2a2
tg/tg_msd_histories.csv,derived,"Studies/glass_transition_atomistic/<PDMS|FPDMS>/DP_<n>/06_TgSimulation/msd.dat; replicate2_data/, replicate3_data/<FPDMS|PDMS>_DP<n>_msd.dat","estimator of make_figure5_replicates.py (load_lag), lags 0-10 ps",f6ee1ebe26bd1ff401e4ed7e23d28a6cf314d15dafd7a86c7323317512a65dfe
tg/oo_bond_check.csv,derived,Studies/glass_transition_atomistic/REPLICATE2_MANIFEST.md (table 'O-O (peroxide) bond check'),"cells as text, verbatim (FPDMS = PMTFPS)",4ee93085cd4672d703899f22596af55a5573a134bae7add9a70f13269f09ee52
bond_create/four_distributions.json,copied verbatim,bond_create_validation/data/four_distributions.json,cycle and Z distributions of the bond/create references and the topon builds,be7e627107ed1548d1f6f0cfbd3f64b99285444b07b3ca816be572455fd10bdb
bond_create/N20_reference_stress_strain_high.txt,copied verbatim,bond_create_validation/deformation/20stress_strain_high.txt,"LAMMPS fix print output: step, engineering strain, -pzz",f36805f6c99322ce621ceb99ca8fd43ec4a6324f7dfd5809c195898ea0659d50
bond_create/N20_topon_stress_strain_high.txt,copied verbatim,bond_create_validation/data/deform/N20_v3b_mpi/stress_strain_high.txt,"LAMMPS fix print output: step, engineering strain, -pzz",a7d5df2883a21e08b46eac7d1e2c1d58f6ea6cbd9640306e8da8d2d96a9e6a3c
bond_create/N100_reference_stress_strain_high.txt,copied verbatim,bond_create_validation/deformation/100stress_strain_high.txt,"LAMMPS fix print output: step, engineering strain, -pzz",fcc9ff68abf770d14260a61adb30d98ee1c810a77d9acafe8d81005badf02044
bond_create/N100_topon_stress_strain_high.txt,copied verbatim,bond_create_validation/data/deform/N100_v3b_mpi/stress_strain_high.txt,"LAMMPS fix print output: step, engineering strain, -pzz",42a1218434358839f3664a8c6b09ca800cc5c410d93fe1b9b794d66015aea6fd
entanglement/target_vs_realized.json,copied verbatim,analyses/entanglement_lattice/data/target_vs_realized.json,"Z1+ per network, targets 1-8",3f53c07787a3be1ba3adfb1b9040403cf037b5d31cb7aaa06b53ba9b70c9c8b1
entanglement/figure_completion.json,copied verbatim,analyses/entanglement_lattice/data/figure_completion.json,"Z1+ per network, target 0 and the DP 120 ceiling",bc0192c29f2d2c7f9c950b6acb9d2e3916494d38d307124ea448e3465131d9e9
stress_definition/network_true_vs_nominal.csv,copied verbatim,analyses/stress_definition/network_true_vs_nominal.csv,output of s2_analysis.py,d26180655c3711b8d0f9bed0483ab582a901632414e0125609c502d4bf78cb7e
stress_definition/fig6_cells_true_vs_nominal.csv,copied verbatim,analyses/stress_definition/fig6_cells_true_vs_nominal.csv,output of s2_analysis.py,8fbf120fdba7aab5650669efbf5f3a45065371d6db782ae1017c958e5cf15b85
stress_definition/area_universality_seed1.csv,copied verbatim,analyses/stress_definition/area_universality_seed1.csv,output of s2_analysis.py,bcc295348e34241056e6af3a1ffdf13561f8cd5e225a3a38d8a70db5a82a16b6
stress_definition/fig6_cells_summary_12pull.csv,copied verbatim,analyses/stress_definition/fig6_cells_summary_12pull.csv,output of s3_figure.py (reference for the check),14ef808224e08cd4a384b8498ffb359c72c85d7f8c282ebd4f7eba8e6385f51f
stress_definition/box_curves_seed1_examples.npz,derived,analyses/stress_definition/box_curves_seed1.npz,"6 of 981 arrays (networks 12_14_51_29_38_29_43, 14_28_25_44_29_24_52; axes x, y, z), bitwise",b4695fe2c13ee59ca30292b47178c3516cb29dba98e15a2dea2cab57061062ea
cg_structure/task2_counts_per_network.csv,copied verbatim,analyses/cg_structure/data/task2_counts_per_network.csv,output of task2_counts.py,fbcc579ee5cb7f5380c8feb2dbcf59437935d9e329cc5c46ac2ebca60c71303d
cg_structure/task2_quadrant_table.csv,copied verbatim,analyses/cg_structure/tables/task2_quadrant_table.csv,output of task2_counts.py (reference for the check),a19e7c75e74649ccd36ccc5dbc6e4cd1021c0309f2ae7afcc6cc0dd39a076ee3
cg_structure/task1_orientation_per_network.csv,copied verbatim,analyses/cg_structure/data/task1_orientation_per_network.csv,output of task1_orientation.py / task1_followup.py,8ef6be4e1dc4836702c4647a60790377dd549027488380fc0dca901d53ad6bd0
cg_structure/task1_per_axis.csv,copied verbatim,analyses/cg_structure/data/task1_per_axis.csv,output of task1_orientation.py / task1_followup.py,de3d730f9dfc7caa9cfaf295c6727497560448eee10f0dfd129f315c3230b092
cg_structure/task1_mechanics_correlations.csv,copied verbatim,analyses/cg_structure/tables/task1_mechanics_correlations.csv,output of task1_orientation.py / task1_followup.py,4610d5e7b90d3e27027ca500edb71ea9a0e5e980822fb89b1d198ecbdf04fdb9
cg_structure/task1_within_network_axis_correlations.csv,copied verbatim,analyses/cg_structure/tables/task1_within_network_axis_correlations.csv,output of task1_orientation.py / task1_followup.py,8e8fbe6df22a048199f3da6f0de03860c1a8363c5f0d1c1dfc6d9e8d908d4ca5
cg_structure/network_2core_audit.csv,derived,network audit table (2-core decomposition of the deposited graphs),"columns folder_name, E, N_active, core_nodes, core_edges, cascade",828ed49078bf15afdd13f20d1e93d198d9b9c13ba46dba6353461995876d3814
cg_structure/strand_memory_eq.npz,derived,analyses/cg_structure/cache/strand_level_memory_eq.csv,"columns fmin, fmax, P2 of the 123,216 equilibrated strands",a82f7402c4f8c292b50cdf7df683607fd79324c39fc7c75900c1373657a4fbdb
cg_structure/strand_vectors_first_eq.npz,derived,analyses/cg_structure/cache/strand_vectors.npz,"keys first__<net>, eq__<net>, axis__<net> (327 networks), bitwise",02202efb2dff8d3cebfacc44fdba07e75feed09fd90a3b54612e476f6ec32e0e
cg_structure/stationarity_per_network.csv,derived,"analyses/cg_structure/cache/thermo.npz, cache/per_network_raw.csv","quantities plotted in the stationarity figure, recomputed with the code of task3_stationarity.py",553b5eedbc7cdbcbb82724bded354fa12180ccd0b786976e16157bf75fda0a01
cg_structure/stationarity_scalars.json,derived,analyses/cg_structure/cache/thermo.npz,anneal-end box anisotropy (dotted line of panel c of the stationarity figure),fd670dae6e3e393bff209bdc0757f7e10b41c7c2280bd3a85b1b670cf0a026e1
generator_benchmark/tables.md,"copied, table headings and build labels renamed, note added",analyses/generator_benchmark/ (make_tables.py),"benchmark tables G1, G2 with table headings and build labels renamed, and a note on the t10 files at the top",583107c4484df3a69f6d73653de14259c3eda9eecf001df435c7ad120b183cae
software/software_seeds.csv,"static record, table cross-references and build labels renamed",record of the software versions and seeds,"static record (LaTeX cell text), not computed",87c1f1c85c59debe07f8cbc3ef6d62cf0a79af8ccfde6b36fddcd6c069f907df
bond_create/reach_distributions.json,derived,bond_create_validation/data/reach_distributions.json (scripts/raw_data_analyses/reach_distributions.py),"reach of bridging strands in units of the mean junction spacing a, N20 and N100 (reference, topon built, topon relaxed); reach and a rounded to 4 decimals, summary statistics dropped (max difference < 5e-5)",1ecacc1039fea7ae973c4f7e304b3ded1746543599f85deb7daeb5d5418bd497
generator_benchmark/t8_final_summary.csv,copied verbatim,analyses/generator_benchmark/outputs/t8_final_summary.csv,"timing summary of both searches (the earlier version of Table 1 took its pruning columns from this file)",400ef3e823edd1b4f7e8c824c09da53e57e77325a796c8d1677d132fa00af35b
generator_benchmark/t8_exact_v2w10_summary.csv,copied verbatim,analyses/generator_benchmark/outputs/t8_exact_v2w10_summary.csv,"timing summary of the exact search with the fallback (the earlier version of Table 1 took its exact-matching columns from this file)",28aeddbdb99cbebef055c7f50a984c2c7ec206ad9606893e46b0b749d86516a6
generator_benchmark/t8_exact_v2_327.csv,copied verbatim,analyses/generator_benchmark/outputs/t8_exact_v2_327.csv,"exact search with the fallback on every target of the ensemble, one network per target and language",467f19d87711a12b00fde31514dcf7df4a06bf73610660a67ca1ad9de9882331
generator_benchmark/t10_timing.csv,copied verbatim,analyses/generator_benchmark/outputs/t10_timing.csv,"Table 1, one row per attempt (t10_latest.py and t10_extend216.py)",eb3d30b8980b937a15a1b7391f7e240e2c753231c777ebb2a63d58aedfa36faf
generator_benchmark/t10_summary.csv,copied verbatim,analyses/generator_benchmark/outputs/t10_summary.csv,"Table 1, one row per case (t10_latest.py and t10_extend216.py)",2dfdfd5a1c05ed94e401381d1959de2727c2176eb3cca6cdfb8cf529aaf38d54
generator_benchmark/t10_327.csv,copied verbatim,analyses/generator_benchmark/outputs/t10_327.csv,"the supplementary benchmark table, one network per ensemble target and search (t10_327.py)",dc4adacf0b976d5d44fadacc87ed56b68d012688e8a3550af17c7d829a6879dd
generator_benchmark/t10_327_log.txt,copied verbatim,analyses/generator_benchmark/outputs/t10_327_log.txt,printed output of t10_327.py,5e19d6cdb55942efad7f61e9f5baa97610d2a2503d776621e7b30539aaeba9b7
generator_benchmark/t10_bias.csv,copied verbatim,analyses/generator_benchmark/outputs/t10_bias.csv,output of t10_bias.py,16e7650292cf978b1538bc873f1a6fe8bc3b56d3a065d03aaac15f7ad61d17b8
generator_benchmark/t10_bias_summary.json,copied verbatim,analyses/generator_benchmark/outputs/t10_bias_summary.json,output of t10_bias.py,7cf7736c9468b9107794788a8be1325b0177b1ec478d899d4bf2f03005cdad11
generator_benchmark/t10_bias_python_exact.csv,copied verbatim,analyses/generator_benchmark/outputs/t10_bias_python_exact.csv,output of t10_bias_py.py,0294ac6a4d43c41d9e2d6b752146f5cccb8357110da5d309f9021f42f7ddaefd
generator_benchmark/t10_bias_py_summary.json,copied verbatim,analyses/generator_benchmark/outputs/t10_bias_py_summary.json,output of t10_bias_py.py,a03a9d29395b1b44cf2ded1275d738378678b88361fb3c3ba0f4cb375e7620b4
generator_benchmark/t0_deposited_graphs.csv,copied verbatim,analyses/generator_benchmark/outputs/t0_deposited_graphs.csv,"graph metrics of the 327 deposited networks (an earlier audit of mechanics/), read by t10_bias.py, t10_bias_py.py and t10_degeneracy.py",c9ed7f4e6fc1fa23040b85d3b732a055ef5bb62516fe89853e2c241d6a438fad
generator_benchmark/t10_degeneracy.csv,copied verbatim,analyses/generator_benchmark/outputs/t10_degeneracy.csv,output of t10_degeneracy.py,d39fbde64077f783287844c2382617c4bb6d028a25ee6374ce810e0606a98045
generator_benchmark/t10_degeneracy_summary.json,copied verbatim,analyses/generator_benchmark/outputs/t10_degeneracy_summary.json,output of t10_degeneracy.py,600bfca2cab2c75c3563b0277e67c76760f1ce419f0addf7f29ec01dea6812fd
generator_benchmark/t10_fallback_bias.csv,copied verbatim,analyses/generator_benchmark/outputs/t10_fallback_bias.csv,output of t10_fallback_bias.py,d53339afa4d165d7d8dc4e7ccf13aec88c3b6bd845627bcfe60d0a17cf4f18d3
generator_benchmark/t10_fallback_bias_log.txt,copied verbatim,analyses/generator_benchmark/outputs/t10_fallback_bias_log.txt,printed output of t10_fallback_bias.py,d343276e9d356513f9966bf3955e6702ae87e8d243e17d3840cb5e6ecf29f3c8
generator_benchmark/t10_shells.csv,copied verbatim,analyses/generator_benchmark/outputs/t10_shells.csv,"Table 2, one row per graph (t10_shells.py)",cc21433be367aa27e1be1a717a1e93622d0e0dfea1edb7a5ce4e1a465522413c
generator_benchmark/t10_shells_summary.csv,copied verbatim,analyses/generator_benchmark/outputs/t10_shells_summary.csv,"Table 2, one row per table row (t10_shells.py)",a1a009b84002f9cf0da09ee7aef0fd1fa70cb47f4d57813f2a7bf2663b0af425
generator_benchmark/t10_shells_log.txt,copied verbatim,analyses/generator_benchmark/outputs/t10_shells_log.txt,printed output of t10_shells.py,98790f8f1eade9f696577fa1dea1b4b811322b1f45d28ef6a69018ea8c493404
generator_benchmark/t10_placement.csv,copied verbatim,analyses/generator_benchmark/outputs/t10_placement.csv,output of t10_placement.py,ae7c9b69ec9f873c1393059200d3cf89c9c47d628451a483ab198580ed3cbdb7
generator_benchmark/t10_provenance.json,"copied, source label renamed",provenance.json of the t10 benchmark build (source at 54f2474 and its generator.exe),"commit, compiler, build line, MD5 of the binary, Python, CPU, workers",40e66861396651c9277ae1cd07ce19ed5dc57b7aa241cdcadc5994c95f4b1e1b
