metric,r_toughness,p,r_uts,p_uts,partial_r_T_given_U,p_T_given_U,partial_r_U_given_T,p_U_given_T
Algebraic connectivity (lambda_2),0.5184410381386027,6.841107287979102e-24,0.6962530626570841,1.004411322853664e-48,-0.05910649737533485,0.2865727840795888,0.5457484284887941,8.939709386248889e-27
"Algebraic connectivity excl. dangling ends (lambda_2,core)",0.12497872774157576,0.02380745158657108,0.20835419687542633,0.0001476423923053239,-0.06251970591483205,0.25960445783608344,0.17897244411549365,0.0011529454880584787
Mean shortest path length (L),-0.48191131839948187,2.030900154966341e-20,-0.6567400433437516,9.865807276069905e-42,0.06820578955421958,0.21866535505713752,-0.5125726656294002,2.6393925587671956e-23
Cycle rank,-0.04829002394309861,0.3840822366361167,-0.004380364290055436,0.9371059609900999,-0.07205871694761265,0.19368724207868618,0.05372477077074232,0.3327987330421784
Max. betweenness centrality,-0.25946347627677513,1.978203100289037e-06,-0.3841627362258882,6.094245964695836e-13,0.0716137335688652,0.19646061999659367,-0.3012309872220322,2.7615234613972796e-08
Bridges,-0.4825404245373777,1.783783776953403e-20,-0.6124149606727428,4.797933416459116e-35,-0.006691017534148691,0.9040612318319882,-0.4305875311514087,3.419239036015066e-16
Degree bimodality (D_bi),-0.46730661853971944,3.833851105265662e-19,-0.5563071564986012,5.80520250566454e-28,-0.06178897294039164,0.26522561602332206,-0.34630592770080565,1.2055189490477412e-10
Degree heterogeneity (sigma_k),-0.4838162378654125,1.3699842943791472e-20,-0.6794683122807512,1.2776515605682427e-45,0.10486998814135956,0.05817944616326788,-0.5521654303272799,1.716549483591673e-27
Degree entropy (H),-0.37282924283909336,3.1927156709444e-12,-0.5793842340554916,1.0369942992574204e-30,0.15877694733524123,0.003996058532828295,-0.49788435875966364,6.925097967684551e-22
Mean eigenvector centrality,0.4279444579245715,5.405515512735512e-16,0.6366876233340558,1.4281851407391573e-38,-0.1464262280310732,0.008001288956223701,0.5363450689732197,9.420731820467997e-26
Assortativity (r),-0.34341017564768966,1.7564221461171043e-10,-0.4268859298413247,6.486510204806721e-16,-0.01660592882311025,0.7648194357406908,-0.2704692173089737,6.868422511747948e-07
