quadrant,n,degree,p,ci_low,ci_high
Q1: Weak/Brittle,128,0,0.05692997685185185,0.055699327256944445,0.058159722222222224
Q1: Weak/Brittle,128,1,0.12452980324074074,0.1159939236111111,0.1329951533564815
Q1: Weak/Brittle,128,2,0.13758680555555555,0.12756799768518517,0.14735243055555555
Q1: Weak/Brittle,128,3,0.16207320601851852,0.15165473090277778,0.17241843894675923
Q1: Weak/Brittle,128,4,0.16984953703703703,0.1584544994212963,0.181787109375
Q1: Weak/Brittle,128,5,0.1687644675925926,0.15704481336805556,0.18095341435185186
Q1: Weak/Brittle,128,6,0.1802662037037037,0.17010091145833334,0.1900318287037037
Q2: Weak/Tough,35,0,0.056216931216931214,0.053703703703703705,0.0585978835978836
Q2: Weak/Tough,35,1,0.12420634920634921,0.10899470899470899,0.13756613756613756
Q2: Weak/Tough,35,2,0.1304232804232804,0.11283068783068784,0.14920965608465606
Q2: Weak/Tough,35,3,0.17539682539682538,0.15145502645502645,0.20080026455026453
Q2: Weak/Tough,35,4,0.1697089947089947,0.14788029100529101,0.19272817460317457
Q2: Weak/Tough,35,5,0.17473544973544974,0.14722222222222223,0.20383597883597884
Q2: Weak/Tough,35,6,0.1693121693121693,0.149864417989418,0.18704034391534388
Q3: Strong/Brittle,35,0,0.058994708994708996,0.05648148148148148,0.061375661375661375
Q3: Strong/Brittle,35,1,0.09841269841269841,0.08082010582010582,0.1167989417989418
Q3: Strong/Brittle,35,2,0.1033068783068783,0.08412367724867725,0.12222222222222222
Q3: Strong/Brittle,35,3,0.20238095238095238,0.173015873015873,0.2333366402116402
Q3: Strong/Brittle,35,4,0.21931216931216932,0.17671296296296296,0.26456679894179885
Q3: Strong/Brittle,35,5,0.1976190476190476,0.17221560846560846,0.22407738095238092
Q3: Strong/Brittle,35,6,0.11997354497354497,0.10131613756613757,0.13994708994708996
Q4: Strong/Tough,129,0,0.05573499856445593,0.05440712029859317,0.05713465403387884
Q4: Strong/Tough,129,1,0.06707579672695951,0.058137740453631924,0.07633505598621877
Q4: Strong/Tough,129,2,0.10680447889750215,0.09772286821705427,0.11610052397358599
Q4: Strong/Tough,129,3,0.24397071490094746,0.22825150732127478,0.26062930663221356
Q4: Strong/Tough,129,4,0.2573930519666954,0.2382626327878266,0.2760551248923342
Q4: Strong/Tough,129,5,0.1688558713752512,0.15733383577375826,0.18055645277060006
Q4: Strong/Tough,129,6,0.10016508756818834,0.089182278208441,0.1116871231696813
