metric,transition,d_true,q_true,sig_true,d_nom,q_nom,sig_nom,d_nom_all_incomp,q_nom_all_incomp,sig_nom_all_incomp,d_nom_all_uts,q_nom_all_uts,sig_nom_all_uts,class
lambda_2,Q1->Q2,0.37553778738102694,0.062160125560620665,False,0.7480803139701899,4.4426184036814825e-05,True,0.6814606630236153,0.00013957895322305844,True,0.7282436191735276,5.622171733495955e-05,True,nominal only
lambda_2,Q3->Q4,0.28240595244288463,0.17531425291236835,False,0.563272132163442,0.003263244660532711,True,0.5442846731038506,0.0039944585233713855,True,0.5287656761628254,0.005649359617927625,True,nominal only
lambda_2,Q1->Q3,1.1617123559306237,2.98249241542412e-08,True,0.7509481882240728,0.00014049031399362676,True,0.8122312782994936,2.7447116314032258e-05,True,0.8292046429797576,2.735004683505992e-05,True,significant under both
lambda_2,Q2->Q4,1.101118673708012,4.0737739732030246e-07,True,0.6512561092034824,0.0002790366403566854,True,0.7633264402241803,2.096688076890876e-05,True,0.7201453610553805,5.622171733495955e-05,True,significant under both
lambda_2,Q1->Q4,1.4254706549630194,6.421295487796795e-23,True,1.3565133795736348,1.297348187729798e-18,True,1.398644354425202,2.1376385812011267e-19,True,1.4010557735405587,1.8806916719565505e-19,True,significant under both
lambda_2_core,Q1->Q2,0.2967300808598089,0.09727819761944956,False,0.5127750345381195,0.0029955725300263325,True,0.4853675869109757,0.004291377195371055,True,0.36849678990778284,0.024471650694407987,True,nominal only
lambda_2_core,Q3->Q4,-0.25488856405243265,0.394334030887772,False,-0.333099757857923,0.09999123581105711,False,-0.3597397339664638,0.07293759913177966,False,-0.19742295034397442,0.3227287181388034,False,neither
lambda_2_core,Q1->Q3,0.5193551900037356,0.02499344284099079,True,0.9641740437631054,2.823761849351469e-06,True,0.9806017602162622,1.6426295533696292e-06,True,0.7880752454238777,9.716559382898107e-05,True,significant under both
lambda_2_core,Q2->Q4,0.0581165547001641,0.7702726454248703,False,0.2613054543784059,0.13794822665064707,False,0.2907884711420779,0.0973058836251073,False,0.3849289013819091,0.025662335182177823,True,depends on replicate area treatment
lambda_2_core,Q1->Q4,0.3685490467319289,0.006867040865303036,True,0.7634911759406511,2.21066220958238e-07,True,0.7614666022519456,2.7567953084710635e-07,True,0.7045423420862802,1.99544816174873e-06,True,significant under both
avg_path_len,Q1->Q2,-0.31628094000278223,0.09558867637572512,False,-0.6244205276159371,0.00012065721254411529,True,-0.5804125591480205,0.00029027220547855794,True,-0.5788973866653376,0.0003189373086924792,True,nominal only
avg_path_len,Q3->Q4,0.0049096188329965625,0.9812389976669759,False,-0.4615804157563268,0.02005980461830859,True,-0.452107573478305,0.022724499319486634,True,-0.38345887258518946,0.043355566503590036,True,nominal only
avg_path_len,Q1->Q3,-1.1648156443244921,3.404944818347178e-08,True,-1.0161047397974363,7.952702794430067e-08,True,-1.11278020864886,3.716482544252759e-09,True,-1.1029568369777996,4.160254367937329e-09,True,significant under both
avg_path_len,Q2->Q4,-1.1114958049586867,2.1222578723346365e-06,True,-1.0927945740979026,3.882268137208799e-09,True,-1.2678882192636665,3.2006793944180914e-11,True,-1.1572230983018676,3.3909979927734367e-10,True,significant under both
avg_path_len,Q1->Q4,-1.285786013045779,1.835099421711011e-19,True,-1.5426646071942083,2.8734577429563296e-22,True,-1.6437560591149933,2.691202785094202e-24,True,-1.5493080746943415,3.052477995608865e-22,True,significant under both
cycle_rank,Q1->Q2,-0.19171765656538725,0.4630907903277702,False,0.11021327013849587,0.562550120027535,False,0.05737899880135099,0.7795951749667349,False,0.0430043941830405,0.8029998828836287,False,neither
cycle_rank,Q3->Q4,-0.1764228807496342,0.4933834585740964,False,-0.056801828415728686,0.7708759742117257,False,-0.12683751835140242,0.4938193704004162,False,-0.08426094645177526,0.6364254959350341,False,neither
cycle_rank,Q1->Q3,0.11554107481879602,0.6412651019402057,False,0.5278644845850174,0.006977296967413197,True,0.5755942053487529,0.002582805381858485,True,0.47120887599304956,0.014060785929310059,True,nominal only
cycle_rank,Q2->Q4,0.13718530079942057,0.6073481365387998,False,0.3482651640577798,0.05847787556157056,False,0.37815795201727054,0.03987794075965083,True,0.3387860812650374,0.061585477927816226,False,depends on replicate area treatment
cycle_rank,Q1->Q4,-0.05982514699322009,0.6734635098333046,False,0.4772710721952919,0.0009863928199850384,True,0.4512146268621526,0.002062088578711185,True,0.39318383597362383,0.007264594391524612,True,nominal only
max_betweenness,Q1->Q2,-0.28683883526912657,0.08450273884100701,False,-0.36328784463692804,0.02205275874800693,True,-0.40272123872666915,0.010609833231588808,True,-0.3296566872821559,0.03417143211993741,True,nominal only
max_betweenness,Q3->Q4,0.08889217140382101,0.6734635098333046,False,-0.19402836431851583,0.31925147047716906,False,-0.057215467722640474,0.7795951749667349,False,-0.2695406532216031,0.1704409633160914,False,neither
max_betweenness,Q1->Q3,-0.6749313685771812,0.0001073270677082112,True,-0.606861028000589,0.0009863928199850384,True,-0.7577831249799555,2.599127357393946e-05,True,-0.5795781451177384,0.0017608885236673306,True,significant under both
max_betweenness,Q2->Q4,-0.44649690106056134,0.022971748655408644,True,-0.6001671722477561,0.0006613362862883833,True,-0.5896160593369336,0.0007936705670618522,True,-0.7206999790961363,5.622171733495955e-05,True,significant under both
max_betweenness,Q1->Q4,-0.6624630127779078,9.22031613503173e-07,True,-0.864228161943371,7.4241445330978535e-09,True,-0.8913387474506709,3.0125468809991486e-09,True,-0.917230540128192,1.0432083437119457e-09,True,significant under both
num_bridges,Q1->Q2,-0.07869086263863793,0.6862640139354405,False,-0.3556966711604462,0.0510386865233993,False,-0.3268339833968613,0.06408426623657087,False,-0.3824540524541057,0.03417143211993741,True,depends on replicate area treatment
num_bridges,Q3->Q4,-0.5962851506998222,0.006588840614566193,True,-0.7630858694081493,4.873326633301856e-05,True,-0.8123571080194039,2.096688076890876e-05,True,-0.6988224332717976,9.942242651796743e-05,True,significant under both
num_bridges,Q1->Q3,-0.611740975193377,0.0068895214293732306,True,-0.024938409464005627,0.899900367164016,False,-0.020517628282866136,0.9213587296334189,False,-0.14799545562194658,0.3992335920886991,False,true only
num_bridges,Q2->Q4,-1.1494810055606681,3.404944818347178e-08,True,-0.4509084033032262,0.012465529947281574,True,-0.5304465743303548,0.003362036506454793,True,-0.4808530477704015,0.006826284884677673,True,significant under both
num_bridges,Q1->Q4,-1.2218490768328263,2.7184930948728007e-18,True,-0.8008834451656422,6.95147291141636e-08,True,-0.8525754871165477,9.009503831398671e-09,True,-0.8497592627314637,1.0094835960460098e-08,True,significant under both
deg_bimodality,Q1->Q2,-0.10165178866071235,0.6654602384655912,False,-0.4248097927021286,0.024437990783095973,True,-0.41533538768889017,0.02751466972360282,True,-0.4385326076918303,0.019454179352791142,True,nominal only
deg_bimodality,Q3->Q4,-0.6753177207674147,0.004400921144739535,True,-0.6372102824090285,0.0005203974305047546,True,-0.6751689536548454,0.000245248315539916,True,-0.5900605576104019,0.0010028653165357778,True,significant under both
deg_bimodality,Q1->Q3,-0.3833786405637696,0.17104440019370604,False,-0.010185406192966298,0.9554094745362623,False,0.001401636210118715,0.9938524102738882,False,-0.11355884339644681,0.5434540484878556,False,neither
deg_bimodality,Q2->Q4,-0.9861051898318647,7.068620580860728e-07,True,-0.31798848665348617,0.05838267248247913,False,-0.3566116345632017,0.03585470043957989,True,-0.3412437989493583,0.04133541852898095,True,depends on replicate area treatment
deg_bimodality,Q1->Q4,-1.1486508043837524,1.435476302006696e-16,True,-0.7131692137950453,1.2648417964026036e-06,True,-0.7475323419048694,4.0596957012381097e-07,True,-0.7467931645549779,4.6164671130884805e-07,True,significant under both
deg_std,Q1->Q2,-0.13872336150624504,0.5194975109098586,False,-0.40762806610305347,0.040178368296207884,True,-0.38689226601428095,0.0439569839458863,True,-0.40844324561351125,0.03534519653183455,True,nominal only
deg_std,Q3->Q4,-0.5282517909792662,0.006399975579440761,True,-0.6193044469086948,0.00040061044920235893,True,-0.6490338026658826,0.00019873897111578241,True,-0.6487899339506346,9.942242651796743e-05,True,significant under both
deg_std,Q1->Q3,-0.9127916112786256,0.0007042083960202623,True,-0.27524610937909877,0.13794822665064707,False,-0.2724862000710867,0.13821236164217354,False,-0.3186571439419898,0.0739293808540775,False,true only
deg_std,Q2->Q4,-1.1162232270532018,9.740057005176658e-13,True,-0.48444914289142693,0.00709811942720392,True,-0.5302058320336064,0.003035819810935794,True,-0.5281667140102936,0.0029813732043009354,True,significant under both
deg_std,Q1->Q4,-1.3418774236831896,2.2861166323444943e-20,True,-0.9092349443052616,1.5429580216073483e-09,True,-0.9396569251801029,4.0837782254055073e-10,True,-0.9523089230403846,3.0255479419056915e-10,True,significant under both
deg_entropy,Q1->Q2,-0.12760321210756623,0.614290893433657,False,-0.26847201154416683,0.179110139289457,False,-0.2454979558529159,0.21172796103701022,False,-0.24872016584154333,0.20670500765674837,False,neither
deg_entropy,Q3->Q4,-0.26499013100476704,0.22426044483809926,False,-0.37977018118014766,0.03605858005498551,True,-0.36721424812740167,0.03748327113982245,True,-0.4380317988484763,0.013806603638786967,True,nominal only
deg_entropy,Q1->Q3,-0.8884867308059339,0.0062264110531136795,True,-0.3561340983320456,0.08733231458429935,False,-0.3838929543685304,0.06082066996939803,False,-0.35105821999964465,0.08197429997622342,False,true only
deg_entropy,Q2->Q4,-0.7975499364192339,1.6757588014020124e-07,True,-0.4669518649203638,0.007746932726566541,True,-0.49014306495739207,0.004478441942978552,True,-0.5257426903057114,0.0027607549040011554,True,significant under both
deg_entropy,Q1->Q4,-1.0196612993965182,3.6320336604332214e-13,True,-0.7679243393042505,2.21066220958238e-07,True,-0.7724657974383771,2.1804752725038543e-07,True,-0.8175885323072849,3.9254084027654013e-08,True,significant under both
avg_eigenvector_cent,Q1->Q2,0.21469288178205848,0.394334030887772,False,0.3699663072844041,0.05838267248247913,False,0.42630013202954453,0.031179768135614606,True,0.36637116890364657,0.05827060180807917,False,depends on replicate area treatment
avg_eigenvector_cent,Q3->Q4,0.22492266421946977,0.2751547357651014,False,0.4825246508826983,0.010773210589186925,True,0.3887792748129529,0.0335117485031628,True,0.48855542885763575,0.008276788000750287,True,nominal only
avg_eigenvector_cent,Q1->Q3,1.0636136620938161,6.594531274152651e-06,True,0.6493742776089787,0.0009742834379997365,True,0.8214417296985949,2.230810157797025e-05,True,0.6209510214717292,0.0013658413059488867,True,significant under both
avg_eigenvector_cent,Q2->Q4,0.9156427558478865,1.0517251441328966e-05,True,0.7206953219827844,0.0002790366403566854,True,0.7120757221413924,0.000245248315539916,True,0.6923966239284567,0.00035242722809390747,True,significant under both
avg_eigenvector_cent,Q1->Q4,1.1891525316937963,1.7547012044577794e-17,True,1.1665042157166945,1.3233599546032906e-14,True,1.2142818201572103,1.7167516752535234e-15,True,1.1292235441201703,1.0817637726666846e-13,True,significant under both
assortativity,Q1->Q2,-0.22939951429176234,0.22231540466460728,False,-0.31754542275218245,0.0510386865233993,False,-0.34409112711548473,0.034423145433745195,True,-0.2943899614353478,0.0671657654082742,False,depends on replicate area treatment
assortativity,Q3->Q4,-0.14049016163358635,0.552426286011437,False,-0.33876773712902425,0.07952834666270228,False,-0.25634354791117875,0.16807884582887242,False,-0.32556586162525303,0.08719531481393958,False,neither
assortativity,Q1->Q3,-0.617853908184819,0.001742250225081306,True,-0.24396852985367898,0.179110139289457,False,-0.36128091752558056,0.0439569839458863,True,-0.27258778616081797,0.13822407145683505,False,depends on replicate area treatment
assortativity,Q2->Q4,-0.6060380768327788,0.0021367178087695602,True,-0.33356713273113314,0.050403170092723076,False,-0.34252582794057657,0.040747936679338105,True,-0.3851981933541829,0.024471650694407987,True,depends on replicate area treatment
assortativity,Q1->Q4,-0.773633416344061,1.4530676354121263e-08,True,-0.6077333298110646,4.014372284514786e-05,True,-0.639760519028519,1.5570027709915022e-05,True,-0.6323510730619631,2.1408548482050026e-05,True,significant under both
