,dangling frac.,lambda_2,"lambda_2,core",L,cycle rank,max betweenness,bridges,D_bi,sigma_k,H,eigenvector,assortativity,UTS,toughness
dangling frac.,0.9999999999999999,-0.5493341722728653,0.37888238634801386,0.455124486791451,0.06960647437140986,0.15017187870647425,0.9933268773118815,0.8422124418766685,0.8446969933548395,0.6597278750417264,-0.5186998508194723,0.3192514807057984,-0.5770687955517487,-0.4569766962540404
lambda_2,-0.5493341722728653,1.0,0.22046102137778517,-0.7394453055261068,0.09445905677934958,-0.5892258449092359,-0.6083279884678793,-0.5064509289487228,-0.6263656405331604,-0.5539017838350938,0.5840046742517991,-0.4317344746701403,0.6962530626570842,0.5184410381386027
"lambda_2,core",0.3788823863480138,0.2204610213777852,0.9999999999999999,-0.3801960103632895,0.3032842462993129,-0.4115932241692892,0.3453927283950948,0.3142139073014509,0.1935317044514612,0.06416554204377985,0.14766046003984187,-0.16418340616960028,0.20835419687542636,0.12497872774157573
L,0.455124486791451,-0.7394453055261068,-0.3801960103632894,1.0,-0.49906822794506744,0.5879790720683499,0.5105450490686004,0.3229734034774432,0.36603518208705615,0.2916740529642827,-0.5062470851577496,0.3661347501911676,-0.6567400433437517,-0.48191131839948187
cycle rank,0.06960647437140986,0.0944590567793496,0.3032842462993129,-0.49906822794506744,1.0,-0.26084827546067596,0.0488517811357982,0.23388896768049067,0.28853976216474153,0.22273480756168101,0.02618669137976825,0.11824689537430866,-0.0043803642900554374,-0.048290023943098545
max betweenness,0.15017187870647425,-0.589225844909236,-0.4115932241692892,0.5879790720683499,-0.26084827546067596,0.9999999999999999,0.19796826475796858,0.10378132449433676,0.2341030221279635,0.22012704142107434,-0.3710620969799067,0.24207302515975196,-0.38416273622588815,-0.2594634762767751
bridges,0.9933268773118815,-0.6083279884678793,0.3453927283950948,0.5105450490686004,0.04885178113579821,0.19796826475796858,1.0,0.8527927780685384,0.8569208922084411,0.6730905261040772,-0.5405813991721851,0.3461496752192389,-0.6124149606727427,-0.48254042453737755
D_bi,0.8422124418766684,-0.5064509289487227,0.3142139073014509,0.3229734034774432,0.23388896768049067,0.10378132449433676,0.8527927780685384,1.0,0.8280495095571192,0.6046771335872125,-0.4553765260618091,0.40876193762443813,-0.5563071564986013,-0.4673066185397193
sigma_k,0.8446969933548396,-0.6263656405331602,0.19353170445146123,0.36603518208705615,0.28853976216474153,0.23410302212796347,0.8569208922084411,0.8280495095571192,1.0,0.8792236625182616,-0.6596946637275003,0.3641453989929027,-0.6794683122807512,-0.4838162378654123
H,0.6597278750417265,-0.5539017838350938,0.06416554204377985,0.29167405296428267,0.22273480756168104,0.22012704142107437,0.6730905261040772,0.6046771335872125,0.8792236625182615,0.9999999999999998,-0.6601385456753257,0.3285539661166457,-0.5793842340554913,-0.37282924283909313
eigenvector,-0.5186998508194722,0.5840046742517991,0.14766046003984187,-0.5062470851577495,0.02618669137976825,-0.37106209697990666,-0.5405813991721851,-0.45537652606180906,-0.6596946637275003,-0.6601385456753257,1.0,-0.4362698835277556,0.6366876233340556,0.4279444579245714
assortativity,0.31925148070579834,-0.43173447467014026,-0.16418340616960028,0.3661347501911676,0.11824689537430866,0.24207302515975196,0.3461496752192389,0.4087619376244382,0.3641453989929027,0.3285539661166457,-0.4362698835277556,0.9999999999999998,-0.42688592984132445,-0.34341017564768966
UTS,-0.5770687955517487,0.6962530626570842,0.20835419687542636,-0.6567400433437517,-0.0043803642900554374,-0.3841627362258882,-0.6124149606727428,-0.5563071564986013,-0.6794683122807512,-0.5793842340554913,0.6366876233340557,-0.42688592984132445,1.0,0.7825531749910721
toughness,-0.45697669625404047,0.5184410381386025,0.12497872774157574,-0.4819113183994818,-0.048290023943098545,-0.259463476276775,-0.4825404245373776,-0.46730661853971933,-0.4838162378654122,-0.37282924283909313,0.42794445792457136,-0.3434101756476897,0.7825531749910721,0.9999999999999999
