metric,r_with_dangling_fraction,VIF_11_descriptors,VIF_with_dangling_fraction
lambda_2,-0.5493341722728653,3.8670120613823795,4.353104268290734
"lambda_2,core",0.3788823863480138,2.8692768852914754,3.0377744165969807
L,0.455124486791451,6.181986466937345,6.895016858961834
cycle rank,0.06960647437140986,2.5559037504798754,2.556217692126531
max betweenness,0.15017187870647425,1.9011680129830555,1.9052038462028438
bridges,0.9933268773118815,11.662745353884452,188.64335294443114
D_bi,0.8422124418766684,5.725934237297908,5.985160122623997
sigma_k,0.8446969933548396,19.321174060851668,19.32144957333353
H,0.6597278750417265,6.341955913772463,6.4010384876342155
eigenvector,-0.5186998508194722,2.501915031592932,2.529890901370454
assortativity,0.31925148070579834,1.6292866662768872,1.6313528692235937
dangling frac.,1.0,,140.05728220780085
