response,metric,R2_D_plus_this,gain_over_D,loss_when_dropped_from_DG,drop_loss_min,drop_loss_max
UTS,lambda_2,0.5292975456182913,0.20608191546283003,-0.001172000692693942,-0.003539060351208545,0.0003814868448095421
UTS,"lambda_2,core",0.5368181193004391,0.21360248914497787,0.005993955671082662,0.003905174713050963,0.00797495822865979
UTS,L,0.5191913961596659,0.1959757660042046,0.045153323256990605,0.041505847259085016,0.04970834500493315
UTS,cycle rank,0.32097139142264486,-0.002244238732816467,0.006422362847840457,0.004924179836089726,0.009396731232478195
UTS,max betweenness,0.40982003969609815,0.0866044095406369,0.003328125605223642,-8.090928939463726e-05,0.005476410392286857
UTS,bridges,0.43639998158847,0.1131843514330086,-0.0005593326094390172,-0.0025368501333994375,0.00034531504037649263
UTS,D_bi,0.3345480551768286,0.011332425021367326,-0.0016971389538129155,-0.0034447334537686114,-0.0008861259699060042
UTS,sigma_k,0.44876149852058533,0.12554586836512407,0.01579421283155987,0.01425395251714412,0.017392673864553676
UTS,H,0.39026258686821724,0.06704695671275589,0.0007688538053774397,-0.0008403124989052602,0.0021452775536296986
UTS,eigenvector,0.47637893351813937,0.15316330336267808,0.0037476651669468898,-0.00012083488179304158,0.0061353302857096725
UTS,assortativity,0.3852958176675423,0.062080187512081,-0.0021749293853927376,-0.004849021958195032,-0.0006524962096874365
toughness,lambda_2,0.2967135714624235,0.09868449435891466,-0.0012042547300896767,-0.004398483358276084,0.0017038875458190716
toughness,"lambda_2,core",0.2985010681636512,0.1004719910601423,0.008572394936224132,0.0009654843546095249,0.012707738347979891
toughness,L,0.29017553821247344,0.09214646110896463,0.02025215310401981,0.016087984737486738,0.03214390175375614
toughness,cycle rank,0.19242634261476285,-0.005602734488745942,0.015439443116952101,0.010500184873843965,0.019605714324310908
toughness,max betweenness,0.2309086213300986,0.03287954422658979,-0.0002335765539089152,-0.002122235937754624,0.0018691239277804916
toughness,bridges,0.25675509426451537,0.05872601716100663,-0.0003913878365890133,-0.0018097737366105093,0.0007376726476157058
toughness,D_bi,0.21813684422160812,0.020107767118099355,0.004754203581394162,0.0022154600138614144,0.008215541590868014
toughness,sigma_k,0.22671134036247156,0.02868226325896277,-0.00044354140554914157,-0.002383915584241336,0.0002006233029888671
toughness,H,0.20184542707061034,0.00381634996710154,0.0021605958476969833,-0.0005001037116055818,0.0037192674230198675
toughness,eigenvector,0.24186221379705622,0.04383313669354739,-0.00019113679920012004,-0.0026713643268823084,0.001973291392710741
toughness,assortativity,0.2370565827627437,0.03902750565923489,-0.003055308976998422,-0.005715135470934385,-0.0010381906469627555
