response,alpha,predictor,std_coef
UTS,3.1622776601683795,dangling frac.,0.004382698646346869
UTS,3.1622776601683795,lambda_2,0.030823283011433278
UTS,3.1622776601683795,"lambda_2,core",0.06511078417562967
UTS,3.1622776601683795,L,-0.20491355921709453
UTS,3.1622776601683795,cycle rank,-0.06184942100579387
UTS,3.1622776601683795,max betweenness,0.03984273717045397
UTS,3.1622776601683795,bridges,0.026253296151426478
UTS,3.1622776601683795,D_bi,-0.019180752008250812
UTS,3.1622776601683795,sigma_k,-0.20912488826916298
UTS,3.1622776601683795,H,0.03734531529685565
UTS,3.1622776601683795,eigenvector,0.0537993792351593
UTS,3.1622776601683795,assortativity,-0.004012391917977479
toughness,31.622776601683793,dangling frac.,-0.21128969096409816
toughness,31.622776601683793,lambda_2,0.37440629034021816
toughness,31.622776601683793,"lambda_2,core",0.48549714186914095
toughness,31.622776601683793,L,-0.8260179548684644
toughness,31.622776601683793,cycle rank,-0.5081948517361917
toughness,31.622776601683793,max betweenness,0.1529964040651996
toughness,31.622776601683793,bridges,-0.2610230201828482
toughness,31.622776601683793,D_bi,-0.49172519704081835
toughness,31.622776601683793,sigma_k,-0.23082497193671442
toughness,31.622776601683793,H,0.2562988421508289
toughness,31.622776601683793,eigenvector,0.24286127142808953
toughness,31.622776601683793,assortativity,-0.08289956353847137
