response,predictors,n_predictors,R2_mean,R2_sd_repeats,R2_min,R2_max,fold_R2_mean,fold_R2_sd,fold_R2_p2_5,fold_R2_p97_5,alpha_median,R2_over_rel_fixed,R2_over_rel_random
UTS,D (dangling-end fraction),1,0.32321563015546134,0.00299282197013608,0.31774350355393055,0.32822997260325004,0.28868152685560067,0.14143252945285514,-0.03462822750235589,0.5078410793152961,1.9952623149688788,0.3463972377189619,0.649919561489901
UTS,G (11 descriptors),11,0.6779554430422138,0.002975503224947674,0.671905203923731,0.6822720987187283,0.6528783566501625,0.1198920887732578,0.3814730258098629,0.8129934428180365,2.5118864315095824,0.7265796293743678,1.363227712842222
UTS,D + G,12,0.6773830520944123,0.0029534407910824702,0.6717665556798336,0.6817669840722186,0.6522639504215332,0.12008040800412283,0.38016035470060866,0.812987027190432,3.1622776601683795,0.7259661855161039,1.36207675342353
UTS,Pf (degree fractions f=0..6),7,0.5022235581499938,0.0042629929831072095,0.4923168066645187,0.513066600921261,0.4706772111727433,0.13847901295141785,0.2089230416954306,0.7012744283342,0.7943282347242822,0.5382439369558648,1.0098673585981792
UTS,Pf + G,18,0.6748015153187645,0.0032645073732389643,0.6678853726238239,0.6802915956899347,0.6496445537043393,0.11959415933327816,0.3902602312485706,0.8068466205503311,7.943282347242821,0.7231994962699057,1.3568858186646138
toughness,D (dangling-end fraction),1,0.19802907710350878,0.002996931109749995,0.19337760186743946,0.20270908863889325,0.16104186599753148,0.1285792598261422,-0.11183659850627596,0.35759413217877567,3.9810717055349776,0.24615665894465139,0.9567109940072918
toughness,G (11 descriptors),11,0.3565569313288051,0.004532085393107974,0.3484253149647918,0.36723238757140675,0.31857640425616396,0.14546936645284345,0.02481656237243203,0.5625069053264838,31.622776601683793,0.44321199807228223,1.7225850929632325
toughness,D + G,12,0.35595098268057623,0.004615884606570418,0.34781332165926426,0.3672289535051786,0.31794506240638,0.14590700282640898,0.022859536287192977,0.5637908733754953,31.622776601683793,0.44245878396392135,1.7196576555280654
toughness,Pf (degree fractions f=0..6),7,0.21950707856990864,0.005125981487974198,0.20831767074977947,0.22828050862521554,0.18195001099270186,0.1288434100203669,-0.10716181801104833,0.37372263552735596,63.09573444801943,0.2728545214964919,1.0604747464458744
toughness,Pf + G,18,0.35125203287456647,0.006041013026659665,0.3431908098942258,0.3643551060989165,0.3119500320256776,0.15088412536568538,-0.004928591889343452,0.5686295429105129,25.11886431509582,0.4366178347370995,1.6969562573018433
toughness,UTS,1,0.6073264501484059,0.0016396296612449495,0.6032014368800067,0.6091668662759725,0.5787472634164404,0.12362829622026997,0.3323094559799782,0.7697320470839263,0.5011872336272725,0.7549267614831403,2.9340938225182804
toughness,UTS + D,2,0.6050486325537118,0.001766451190093045,0.601513531902243,0.6079727216027486,0.5763952498231302,0.12349394074709857,0.3239707286315091,0.7654953375902663,1.2589254117941688,0.7520953592618282,2.9230893116299725
toughness,UTS + G,12,0.6154683556245588,0.003369811859122227,0.6076951294774644,0.6212388723307181,0.5876126912546163,0.1142624917020914,0.30648864719115665,0.7691961774516347,3.1622776601683795,0.7650474178976797,2.973428705027136
toughness,UTS + D + G,13,0.6149532285266823,0.0034270126161835453,0.6073724555699107,0.6214242779104884,0.5871687019037061,0.11403194691584254,0.3107146941572881,0.7661766839290054,3.9810717055349776,0.7644070979648708,2.9709400414174385
toughness | UTS (residual),D (dangling-end fraction),1,-1.176404738802983e-05,7.209909716383837e-06,-3.010142614656708e-05,-1.0615363159605096e-06,-0.035923208148557324,0.058272455676716135,-0.2304220095805617,-8.891629619913732e-05,100000.0,,
toughness | UTS (residual),G (11 descriptors),11,0.0029403479386425125,0.011485903888277487,-0.014623133980597114,0.0229907900444839,-0.035919169941005274,0.07749043648156818,-0.214349140851418,0.07292861498876768,100.0,,
toughness | UTS (residual),D + G,12,0.004552991299758963,0.011359014372514704,-0.015197408843123927,0.0244348190661271,-0.03417100821290086,0.07670256246431423,-0.21404525631853888,0.07827641624729341,125.89254117941688,,
