metric,r_UTS,partial_r_UTS_given_D,ci_low_UTS,ci_high_UTS,p_UTS,r_toughness,partial_r_T_given_D,ci_low_T,ci_high_T,p_T,partial_r_T_given_D_UTS,ci_low_T_DU,ci_high_T_DU,p_T_DU,bh_q_UTS,bh_q_T
lambda_2,0.6962530626570841,0.5557313738211215,0.471508260997393,0.6297322041949203,8.138354945721955e-28,0.5184410381386027,0.3597818038005818,0.2644428908851853,0.4495105780597819,2.1325768668123386e-11,-0.06383289549719023,-0.16769094934386702,0.04289485765954786,0.25117477478000677,8.952190440294151e-27,5.2129656744301613e-11
"lambda_2,core",0.20835419687542633,0.5649532054499614,0.48113104144633506,0.6360544990509003,6.975419352398473e-29,0.12497872774157576,0.3621627686571048,0.266143720677869,0.4526308483199378,1.538535519629169e-11,-0.07159793080357933,-0.18009981255654814,0.03769784826876791,0.19794457687086306,1.5345922575276639e-27,4.230972678980215e-11
L,-0.6567400433437516,-0.5419380308123434,-0.619306024029463,-0.4593198891768686,2.791277271291505e-26,-0.48191131839948187,-0.34586402782969433,-0.43827086728647713,-0.24970417808694573,1.3631159935570464e-10,0.07005757983242102,-0.04318648583082875,0.17929264205496576,0.2077909633098363,2.0469366656137702e-25,2.998855185825502e-10
cycle rank,-0.004380364290055436,0.0439262498276439,-0.060179294551771456,0.14452196164078898,0.4292683667237468,-0.04829002394309861,-0.018574430665851193,-0.12641835685861724,0.08652407833812244,0.7382960247480864,-0.07143344570184419,-0.17805078044889439,0.04080134368063639,0.19897951657448681,0.44970971752011574,0.7382960247480864
max betweenness,-0.3841627362258882,-0.36845510769077866,-0.46531261471833896,-0.26217033557999225,6.4073484189510564e-12,-0.25946347627677513,-0.21701181074315268,-0.3190353993646909,-0.11331743928618047,7.802812216985288e-05,0.07093210019993376,-0.031598344962826416,0.17000904411882706,0.2021582548269039,2.013738074527475e-11,0.00010728866798354771
bridges,-0.6124149606727428,-0.41613956230165833,-0.4979163515873823,-0.32568376636632634,4.387285143759731e-15,-0.4825404245373777,-0.27891824483501293,-0.3682732458639461,-0.1864474608350329,3.078267570585216e-07,0.028761423901059797,-0.07480482506910201,0.13303782672884165,0.6054263046039158,1.608671219378568e-14,5.209375888682674e-07
D_bi,-0.5563071564986012,-0.15964062496997738,-0.2874487063349854,-0.02786546746870917,0.003854004409555224,-0.46730661853971944,-0.17189795569223432,-0.26965234888047535,-0.07192458866978665,0.0018394782447178014,-0.08376656043895138,-0.20418804777788555,0.03932081250566786,0.13182237225405496,0.004462531421590259,0.002248251187988424
sigma_k,-0.6794683122807512,-0.43927239342781627,-0.5277182201463764,-0.34338374893795165,8.225707297018753e-17,-0.4838162378654125,-0.20544358783723496,-0.31288785467498137,-0.09333302996114637,0.00018767759750933866,0.1722458689634619,0.06892608881161705,0.2738122464216466,0.0018296970355346166,3.619311210688251e-16,0.00024287689089443824
H,-0.5793842340554916,-0.32370789777771475,-0.4215108636376735,-0.2141982131139449,2.1754394116854832e-09,-0.37282924283909336,-0.10673837578927599,-0.20653548554665502,-0.007308664464379586,0.05419028448412333,0.18795328952459736,0.07045695716142135,0.29994916502999597,0.0006598920803614611,4.3508788233709664e-09,0.059609312932535664
eigenvector,0.6366876233340558,0.48316132831222924,0.3913638642014849,0.5667157171694741,1.7947341203778353e-20,0.4279444579245715,0.25104454646664387,0.14088861427552193,0.3556560760807445,4.453422832735064e-06,-0.15347518350502773,-0.26592807717723804,-0.03663015953173119,0.005561086275254344,9.871037662078094e-20,6.998235880012243e-06
assortativity,-0.4268859298413247,-0.313525923856398,-0.4126798821561792,-0.20908966078021277,7.223799154148147e-09,-0.34341017564768966,-0.2343245049117073,-0.3339942017065529,-0.12743436817956638,1.9178692398368775e-05,-0.015636754582527217,-0.11980259623577952,0.09384701101997706,0.7788433730333071,1.3243631782604937e-08,2.812874885094087e-05
