subset,n,metric,r_toughness,partial_r_toughness_given_UTS,p
strong half (UTS >= median; Q3+Q4),164,lambda_2,0.19639995510062436,-0.11023775474366138,0.16125493711038896
strong half (UTS >= median; Q3+Q4),164,"lambda_2,core",-0.17459964989792096,-0.14974699846110232,0.056404085345286036
strong half (UTS >= median; Q3+Q4),164,L,-0.05992007379694089,0.11007326092086175,0.1618848987439934
strong half (UTS >= median; Q3+Q4),164,cycle rank,-0.13290763992430296,-0.059122147421972464,0.4534546209354048
strong half (UTS >= median; Q3+Q4),164,max betweenness,-0.004761942840345111,0.07655366310096841,0.3314107751378097
strong half (UTS >= median; Q3+Q4),164,bridges,-0.351285971116708,-0.07752189468950155,0.3253134516962819
strong half (UTS >= median; Q3+Q4),164,D_bi,-0.3688779403575654,-0.15752199298527636,0.044623734875047734
strong half (UTS >= median; Q3+Q4),164,sigma_k,-0.30724637259461013,0.038795491862782805,0.6229448649333993
strong half (UTS >= median; Q3+Q4),164,H,-0.20689492550035166,0.17021858467571088,0.02982855292706406
strong half (UTS >= median; Q3+Q4),164,eigenvector,0.18113303844706824,-0.13072395527475017,0.0962578609771139
strong half (UTS >= median; Q3+Q4),164,assortativity,-0.10581494667111246,0.004627022286566704,0.9532551378546266
weak half (UTS < median; Q1+Q2),163,lambda_2,0.33084319967236875,-0.0026971400914089496,0.972826737266913
weak half (UTS < median; Q1+Q2),163,"lambda_2,core",0.1905216318463272,-0.0072656553044291,0.9268872932141119
weak half (UTS < median; Q1+Q2),163,L,-0.36198418876836513,0.05993267502208175,0.44869477948766856
weak half (UTS < median; Q1+Q2),163,cycle rank,-0.0010137493225551766,-0.11104765476052314,0.15948193601456798
weak half (UTS < median; Q1+Q2),163,max betweenness,-0.15426421932640505,0.0868738373598252,0.27166303932302155
weak half (UTS < median; Q1+Q2),163,bridges,-0.18748180510262494,0.037487803810408525,0.6357754787739753
weak half (UTS < median; Q1+Q2),163,D_bi,-0.19418208756765096,0.03516703891094341,0.6568439573123552
weak half (UTS < median; Q1+Q2),163,sigma_k,-0.14862365914969786,0.15969098149371752,0.04237275994333907
weak half (UTS < median; Q1+Q2),163,H,-0.07362525907593218,0.09279835836598056,0.2401866584873472
weak half (UTS < median; Q1+Q2),163,eigenvector,0.18752707423136555,-0.14537389096715087,0.06492161593858367
weak half (UTS < median; Q1+Q2),163,assortativity,-0.24179947703106996,-0.029323780025918286,0.7110693332067873
all networks,327,lambda_2,0.5184410381386027,-0.05910649737533485,0.28731653609044594
all networks,327,"lambda_2,core",0.12497872774157576,-0.06251970591483197,0.260339884478142
all networks,327,L,-0.48191131839948187,0.06820578955421958,0.2193764101193895
all networks,327,cycle rank,-0.04829002394309861,-0.07205871694761265,0.19437528736301238
all networks,327,max betweenness,-0.25946347627677513,0.07161373356886519,0.1971515612981387
all networks,327,bridges,-0.4825404245373777,-0.006691017534148714,0.904208457679811
all networks,327,D_bi,-0.46730661853971944,-0.06178897294039171,0.26596324704575375
all networks,327,sigma_k,-0.4838162378654125,0.1048699881413596,0.058567997184183006
all networks,327,H,-0.37282924283909336,0.15877694733524125,0.004052652430758398
all networks,327,eigenvector,0.4279444579245715,-0.14642622803107325,0.008098725796959623
all networks,327,assortativity,-0.34341017564768966,-0.016605928823110294,0.7651714224468962
