percentile,metric,transition,n_from,n_to,d,bh_q,n_sig_55
30,max betweenness,Q1->Q3,70,28,-0.6754101522100968,0.00481867891846197,34
30,max betweenness,Q2->Q4,28,201,-0.5954616355144355,0.01619763972238511,34
30,max betweenness,Q1->Q4,70,201,-0.9464145056227908,6.443753313033787e-07,34
30,eigenvector,Q1->Q3,70,28,1.1175942128315606,0.000426199342309389,34
30,eigenvector,Q2->Q4,28,201,1.0471987215693574,4.612372600790765e-08,34
30,eigenvector,Q1->Q4,70,201,1.257354740776849,1.37540497914667e-21,34
30,lambda_2,Q1->Q3,70,28,1.0060440743911354,0.00011471327320233922,34
30,lambda_2,Q2->Q4,28,201,1.1430564741069988,3.315798641834112e-05,34
30,lambda_2,Q1->Q4,70,201,1.5913271744463504,2.835359858523749e-20,34
30,bridges,Q3->Q4,28,201,-0.5634243191026231,0.006102401656429933,34
30,D_bi,Q3->Q4,28,201,-0.4949139321632669,0.00988130572501136,34
35,max betweenness,Q1->Q3,83,32,-0.8081408759392269,0.00013575469958579904,41
35,max betweenness,Q2->Q4,32,180,-0.5259743100027879,0.012680171774885651,41
35,max betweenness,Q1->Q4,83,180,-0.9188734888557246,1.0291638847468058e-07,41
35,eigenvector,Q1->Q3,83,32,1.073272316532365,0.00025510298542781893,41
35,eigenvector,Q2->Q4,32,180,1.1269472792624364,4.967425336976929e-09,41
35,eigenvector,Q1->Q4,83,180,1.3266300432047544,4.3485998414935235e-24,41
35,lambda_2,Q1->Q3,83,32,1.0558818216538806,7.201430160089757e-06,41
35,lambda_2,Q2->Q4,32,180,1.103454717541005,4.826756535172868e-06,41
35,lambda_2,Q1->Q4,83,180,1.549207095229034,6.262238564086452e-21,41
35,bridges,Q3->Q4,32,180,-0.707138028641654,0.00012071156812166664,41
35,D_bi,Q3->Q4,32,180,-0.5492215937778377,0.0040223744045946135,41
40,max betweenness,Q1->Q3,93,38,-0.6253206887573554,0.0010161424818386506,35
40,max betweenness,Q2->Q4,38,158,-0.6845496295579858,0.00046278821696257855,35
40,max betweenness,Q1->Q4,93,158,-0.8166627445536586,3.5110604100522864e-07,35
40,eigenvector,Q1->Q3,93,38,1.1494894698486728,5.382216517616958e-06,35
40,eigenvector,Q2->Q4,38,158,1.11178821555686,3.6630577975636074e-10,35
40,eigenvector,Q1->Q4,93,158,1.3295354404116515,3.864057840239574e-22,35
40,lambda_2,Q1->Q3,93,38,1.1894553789039866,2.284666372137829e-08,35
40,lambda_2,Q2->Q4,38,158,1.1843029842933301,4.153743297406711e-08,35
40,lambda_2,Q1->Q4,93,158,1.5657259147486147,8.846157160736876e-23,35
40,bridges,Q3->Q4,38,158,-0.6561332307798412,0.0006196391938571927,35
40,D_bi,Q3->Q4,38,158,-0.645792515209222,0.0013362262032748477,35
45,max betweenness,Q1->Q3,115,32,-0.6335824722392662,0.000804227351916062,31
45,max betweenness,Q2->Q4,32,148,-0.5578795571501208,0.007528134335499141,31
45,max betweenness,Q1->Q4,115,148,-0.7120275480921576,5.272708994781813e-07,31
45,eigenvector,Q1->Q3,115,32,1.0812787872218463,3.4213856999829235e-05,31
45,eigenvector,Q2->Q4,32,148,1.062204218926984,1.132676377429536e-07,31
45,eigenvector,Q1->Q4,115,148,1.235350922031569,1.0294991605269192e-19,31
45,lambda_2,Q1->Q3,115,32,1.0922003495199208,3.402468496061144e-07,31
45,lambda_2,Q2->Q4,32,148,1.1817486594144726,9.912250328939754e-07,31
45,lambda_2,Q1->Q4,115,148,1.417649069368852,2.3584196469916286e-22,31
45,bridges,Q3->Q4,32,148,-0.6300549360033949,0.006879823829533577,31
45,D_bi,Q3->Q4,32,148,-0.6877372154398222,0.006170525653140252,31
50,max betweenness,Q1->Q3,128,35,-0.6749313685771812,0.0001073270677082112,31
50,max betweenness,Q2->Q4,35,129,-0.44649690106056134,0.022971748655408644,31
50,max betweenness,Q1->Q4,128,129,-0.6624630127779078,9.22031613503173e-07,31
50,eigenvector,Q1->Q3,128,35,1.0636136620938161,6.594531274152651e-06,31
50,eigenvector,Q2->Q4,35,129,0.9156427558478865,1.0517251441328966e-05,31
50,eigenvector,Q1->Q4,128,129,1.1891525316937963,1.7547012044577794e-17,31
50,lambda_2,Q1->Q3,128,35,1.1617123559306237,2.98249241542412e-08,31
50,lambda_2,Q2->Q4,35,129,1.101118673708012,4.0737739732030246e-07,31
50,lambda_2,Q1->Q4,128,129,1.4254706549630194,6.421295487796795e-23,31
50,bridges,Q3->Q4,35,129,-0.5962851506998222,0.006588840614566193,31
50,D_bi,Q3->Q4,35,129,-0.6753177207674147,0.004400921144739535,31
55,max betweenness,Q1->Q3,147,33,-0.6364501804245478,0.00021121357693991278,28
55,max betweenness,Q2->Q4,33,114,-0.4409347180974645,0.033464323813600004,28
55,max betweenness,Q1->Q4,147,114,-0.6518311114953624,5.013786771655157e-07,28
55,eigenvector,Q1->Q3,147,33,1.1602151560200724,7.546215595213271e-06,28
55,eigenvector,Q2->Q4,33,114,0.9348521738803495,2.694428305607879e-05,28
55,eigenvector,Q1->Q4,147,114,1.1724310123290766,5.93583124625875e-16,28
55,lambda_2,Q1->Q3,147,33,1.1752731093660875,2.4369012321219054e-07,28
55,lambda_2,Q2->Q4,33,114,1.1919181280818454,1.6074799944791102e-07,28
55,lambda_2,Q1->Q4,147,114,1.4157994874094124,6.253216674006946e-23,28
55,bridges,Q3->Q4,33,114,-0.5536858258806692,0.022886420138538425,28
55,D_bi,Q3->Q4,33,114,-0.7147245630622585,0.003844425473972725,28
60,max betweenness,Q1->Q3,163,33,-0.6057374438020617,0.0003945565682186331,31
60,max betweenness,Q2->Q4,33,98,-0.39185975784155747,0.051036769012230566,31
60,max betweenness,Q1->Q4,163,98,-0.585719475980453,7.8556533759792e-06,31
60,eigenvector,Q1->Q3,163,33,1.101579524087907,1.8843365956624832e-05,31
60,eigenvector,Q2->Q4,33,98,0.9234408790260977,4.057371930363225e-05,31
60,eigenvector,Q1->Q4,163,98,1.2497838057301505,1.1952934416971253e-15,31
60,lambda_2,Q1->Q3,163,33,1.2377630059296116,3.655027738221355e-09,31
60,lambda_2,Q2->Q4,33,98,0.8909400224654133,1.8843365956624832e-05,31
60,lambda_2,Q1->Q4,163,98,1.3971005878825316,3.001840218304593e-21,31
60,bridges,Q3->Q4,33,98,-0.5895421669155425,0.01427596247893293,31
60,D_bi,Q3->Q4,33,98,-0.6845364092984573,0.008008272992004196,31
65,max betweenness,Q1->Q3,178,34,-0.6572597086307467,0.00011414824300825842,30
65,max betweenness,Q2->Q4,34,81,-0.5050092907086371,0.024367218603391916,30
65,max betweenness,Q1->Q4,178,81,-0.5470018163629192,3.240035811323661e-05,30
65,eigenvector,Q1->Q3,178,34,1.2325579302926175,1.1625525418235854e-06,30
65,eigenvector,Q2->Q4,34,81,1.1296474854883543,2.4485928920322395e-06,30
65,eigenvector,Q1->Q4,178,81,1.3442348548591323,4.1004223510211656e-16,30
65,lambda_2,Q1->Q3,178,34,1.2622558856406707,2.224989365688088e-10,30
65,lambda_2,Q2->Q4,34,81,0.9884059550837672,1.8814421600561559e-06,30
65,lambda_2,Q1->Q4,178,81,1.4022996141774233,6.0633352624529535e-19,30
65,bridges,Q3->Q4,34,81,-0.4282789069771674,0.0952061289112495,30
65,D_bi,Q3->Q4,34,81,-0.49991133025202794,0.06688851118399093,30
70,max betweenness,Q1->Q3,197,32,-0.459740399679679,0.01445931978729676,33
70,max betweenness,Q2->Q4,32,66,-0.513384549983714,0.03368992689345386,33
70,max betweenness,Q1->Q4,197,66,-0.5183541724444615,0.0001874425713535335,33
70,eigenvector,Q1->Q3,197,32,1.3634977161968336,2.446015768059963e-07,33
70,eigenvector,Q2->Q4,32,66,0.9779107134206747,8.144064580993085e-05,33
70,eigenvector,Q1->Q4,197,66,1.307899532353347,1.1820827524974482e-12,33
70,lambda_2,Q1->Q3,197,32,1.113045514527082,1.0666578621473945e-06,33
70,lambda_2,Q2->Q4,32,66,1.033886013260864,4.881278237209448e-06,33
70,lambda_2,Q1->Q4,197,66,1.4766113882397967,1.732593125555641e-18,33
70,bridges,Q3->Q4,32,66,-0.5563877653154019,0.042615896618337756,33
70,D_bi,Q3->Q4,32,66,-0.5998021858249608,0.03373740052564815,33
