system,dp,sample_idx,ree
PDMS,10,0,15.253304481506348
PDMS,10,1,13.385536193847656
PDMS,10,2,22.183578491210938
PDMS,10,3,22.51392936706543
PDMS,10,4,24.131013870239258
PDMS,10,5,13.716205596923828
PDMS,10,6,18.243955612182617
PDMS,10,7,23.286312103271484
PDMS,10,8,25.10349464416504
PDMS,10,9,21.095083236694336
PDMS,10,10,21.33220100402832
PDMS,10,11,14.710293769836426
PDMS,10,12,20.629398345947266
PDMS,10,13,20.373743057250977
PDMS,10,14,24.026226043701172
PDMS,10,15,10.934103012084961
PDMS,10,16,18.767606735229492
PDMS,10,17,14.013171195983887
PDMS,10,18,17.957687377929688
PDMS,10,19,15.40194320678711
PDMS,10,20,16.756742477416992
PDMS,10,21,22.22945785522461
PDMS,10,22,15.308767318725586
PDMS,10,23,19.962705612182617
PDMS,10,24,11.350470542907715
PDMS,10,25,19.765687942504883
PDMS,10,26,21.49655532836914
PDMS,10,27,23.25804328918457
PDMS,10,28,6.673530101776123
PDMS,10,29,22.562538146972656
PDMS,10,30,18.67308807373047
PDMS,10,31,17.18675422668457
PDMS,10,32,25.238943099975586
PDMS,10,33,17.615896224975586
PDMS,10,34,21.880760192871094
PDMS,10,35,11.797135353088379
PDMS,10,36,18.393901824951172
PDMS,10,37,19.959779739379883
PDMS,10,38,21.713777542114258
PDMS,10,39,22.08702278137207
PDMS,10,40,20.982059478759766
PDMS,10,41,22.895587921142578
PDMS,10,42,22.57555389404297
PDMS,10,43,20.195363998413086
PDMS,10,44,14.429251670837402
PDMS,10,45,22.857667922973633
PDMS,10,46,23.79522705078125
PDMS,10,47,20.139068603515625
PDMS,10,48,25.268461227416992
PDMS,10,49,23.689149856567383
PDMS,10,50,22.771018981933594
PDMS,10,51,23.41786003112793
PDMS,10,52,22.88341522216797
PDMS,10,53,18.100568771362305
PDMS,10,54,25.146982192993164
PDMS,10,55,22.74439811706543
PDMS,10,56,17.781126022338867
PDMS,10,57,20.37281036376953
PDMS,10,58,13.27769947052002
PDMS,10,59,19.0001220703125
PDMS,10,60,12.776581764221191
PDMS,10,61,21.774200439453125
PDMS,10,62,17.049427032470703
PDMS,10,63,19.58993148803711
PDMS,10,64,16.898466110229492
PDMS,10,65,21.805526733398438
PDMS,10,66,19.37824058532715
PDMS,10,67,23.5814151763916
PDMS,10,68,16.55785369873047
PDMS,10,69,21.69708251953125
PDMS,10,70,19.535558700561523
PDMS,10,71,9.386699676513672
PDMS,10,72,22.458383560180664
PDMS,10,73,22.234773635864258
PDMS,10,74,19.335796356201172
PDMS,10,75,15.843999862670898
PDMS,10,76,14.751148223876953
PDMS,10,77,17.561630249023438
PDMS,10,78,9.933412551879883
PDMS,10,79,24.621620178222656
PDMS,10,80,20.580562591552734
PDMS,10,81,19.37520408630371
PDMS,10,82,20.552331924438477
PDMS,10,83,15.00285816192627
PDMS,10,84,16.44236183166504
PDMS,10,85,21.867834091186523
PDMS,10,86,17.812517166137695
PDMS,10,87,22.337448120117188
PDMS,10,88,16.443544387817383
PDMS,10,89,21.785429000854492
PDMS,10,90,17.160924911499023
PDMS,10,91,16.17994499206543
PDMS,10,92,11.35132122039795
PDMS,10,93,19.733539581298828
PDMS,10,94,19.655424118041992
PDMS,10,95,22.863344192504883
PDMS,10,96,20.49048614501953
PDMS,10,97,15.491388320922852
PDMS,10,98,18.137771606445312
PDMS,10,99,20.17281723022461
PDMS,10,100,24.534852981567383
PDMS,10,101,16.790956497192383
PDMS,10,102,19.066993713378906
PDMS,10,103,21.241838455200195
PDMS,10,104,11.52228832244873
PDMS,10,105,17.03824234008789
PDMS,10,106,17.265653610229492
PDMS,10,107,24.50624656677246
PDMS,10,108,17.600297927856445
PDMS,10,109,18.836435317993164
PDMS,10,110,13.51500129699707
PDMS,10,111,22.632051467895508
PDMS,10,112,24.712156295776367
PDMS,10,113,18.167499542236328
PDMS,10,114,16.78950309753418
PDMS,10,115,19.24724578857422
PDMS,10,116,15.759197235107422
PDMS,10,117,23.761680603027344
PDMS,10,118,25.124998092651367
PDMS,10,119,21.63547706604004
PDMS,10,120,15.429922103881836
PDMS,10,121,25.10596466064453
PDMS,10,122,23.287460327148438
PDMS,10,123,18.431278228759766
PDMS,10,124,12.326696395874023
PDMS,10,125,25.130733489990234
PDMS,10,126,20.61787223815918
PDMS,10,127,18.2497501373291
PDMS,10,128,16.233997344970703
PDMS,10,129,21.020122528076172
PDMS,10,130,17.503280639648438
PDMS,10,131,19.20189666748047
PDMS,10,132,19.47213363647461
PDMS,10,133,22.67575454711914
PDMS,10,134,23.28849983215332
PDMS,10,135,22.866235733032227
PDMS,10,136,24.461992263793945
PDMS,10,137,19.72020721435547
PDMS,10,138,18.582836151123047
PDMS,10,139,20.27080726623535
PDMS,10,140,13.404130935668945
PDMS,10,141,16.32391357421875
PDMS,10,142,10.59372329711914
PDMS,10,143,24.476743698120117
PDMS,10,144,23.16967010498047
PDMS,10,145,15.745906829833984
PDMS,10,146,21.682785034179688
PDMS,10,147,11.196786880493164
PDMS,10,148,22.41383934020996
PDMS,10,149,17.930768966674805
PDMS,10,150,15.98385238647461
PDMS,10,151,15.894915580749512
PDMS,10,152,13.69365119934082
PDMS,10,153,17.925729751586914
PDMS,10,154,11.610496520996094
PDMS,10,155,14.677733421325684
PDMS,10,156,13.516280174255371
PDMS,10,157,16.953369140625
PDMS,10,158,16.600500106811523
PDMS,10,159,17.093233108520508
PDMS,10,160,21.33106803894043
PDMS,10,161,24.96767234802246
PDMS,10,162,12.676462173461914
PDMS,10,163,14.122288703918457
PDMS,10,164,19.294931411743164
PDMS,10,165,13.783571243286133
PDMS,10,166,16.708860397338867
PDMS,10,167,24.820302963256836
PDMS,10,168,17.877460479736328
PDMS,10,169,12.196208000183105
PDMS,10,170,20.19868278503418
PDMS,10,171,20.184518814086914
PDMS,10,172,15.470559120178223
PDMS,10,173,17.542652130126953
PDMS,10,174,24.619150161743164
PDMS,10,175,15.805773735046387
PDMS,10,176,25.204479217529297
PDMS,10,177,21.622112274169922
PDMS,10,178,18.71989631652832
PDMS,10,179,21.019208908081055
PDMS,10,180,14.018731117248535
PDMS,10,181,22.047666549682617
PDMS,10,182,23.082164764404297
PDMS,10,183,13.919968605041504
PDMS,10,184,17.483993530273438
PDMS,10,185,25.492292404174805
PDMS,10,186,18.876094818115234
PDMS,10,187,18.231155395507812
PDMS,10,188,11.954455375671387
PDMS,10,189,21.051525115966797
PDMS,10,190,21.165592193603516
PDMS,10,191,21.45418930053711
PDMS,10,192,16.379343032836914
PDMS,10,193,22.806156158447266
PDMS,10,194,20.497663497924805
PDMS,10,195,11.706574440002441
PDMS,10,196,23.12468910217285
PDMS,10,197,23.049936294555664
PDMS,10,198,23.03363800048828
PDMS,10,199,13.823107719421387
PDMS,10,200,21.674970626831055
PDMS,10,201,10.003561019897461
PDMS,10,202,23.394990921020508
PDMS,10,203,19.711400985717773
PDMS,10,204,14.315547943115234
PDMS,10,205,10.944215774536133
PDMS,10,206,12.3846435546875
PDMS,10,207,17.383695602416992
PDMS,10,208,21.029251098632812
PDMS,10,209,24.65545082092285
PDMS,30,0,13.594781875610352
PDMS,30,1,18.660146713256836
PDMS,30,2,26.8112735748291
PDMS,30,3,55.880271911621094
PDMS,30,4,40.669734954833984
PDMS,30,5,63.29405975341797
PDMS,30,6,34.69833755493164
PDMS,30,7,33.05648422241211
PDMS,30,8,42.65815353393555
PDMS,30,9,17.847026824951172
PDMS,30,10,36.30373764038086
PDMS,30,11,37.073143005371094
PDMS,30,12,29.998689651489258
PDMS,30,13,18.344470977783203
PDMS,30,14,13.571588516235352
PDMS,30,15,27.183937072753906
PDMS,30,16,33.7150764465332
PDMS,30,17,44.97500228881836
PDMS,30,18,16.569934844970703
PDMS,30,19,17.87022590637207
PDMS,30,20,21.89242935180664
PDMS,30,21,20.11026954650879
PDMS,30,22,24.66399383544922
PDMS,30,23,56.41159439086914
PDMS,30,24,64.06990814208984
PDMS,30,25,32.209041595458984
PDMS,30,26,29.556991577148438
PDMS,30,27,51.29757308959961
PDMS,30,28,30.308231353759766
PDMS,30,29,38.58426284790039
PDMS,30,30,50.78388977050781
PDMS,30,31,23.41822052001953
PDMS,30,32,22.099647521972656
PDMS,30,33,12.06264591217041
PDMS,30,34,52.054710388183594
PDMS,30,35,36.164283752441406
PDMS,30,36,12.529024124145508
PDMS,30,37,33.66128921508789
PDMS,30,38,15.769901275634766
PDMS,30,39,43.40642547607422
PDMS,30,40,27.619909286499023
PDMS,30,41,49.48198699951172
PDMS,30,42,17.415807723999023
PDMS,30,43,23.61084747314453
PDMS,30,44,23.599781036376953
PDMS,30,45,61.30201721191406
PDMS,30,46,16.889530181884766
PDMS,30,47,17.937589645385742
PDMS,30,48,21.344865798950195
PDMS,30,49,10.175651550292969
PDMS,30,50,51.6494255065918
PDMS,30,51,53.01654052734375
PDMS,30,52,17.66041374206543
PDMS,30,53,32.804080963134766
PDMS,30,54,62.13398742675781
PDMS,30,55,55.57677459716797
PDMS,30,56,49.60942459106445
PDMS,30,57,17.50775909423828
PDMS,30,58,50.41179275512695
PDMS,30,59,12.71113395690918
PDMS,30,60,40.80660629272461
PDMS,30,61,26.215267181396484
PDMS,30,62,55.87584686279297
PDMS,30,63,32.599693298339844
PDMS,30,64,53.42688751220703
PDMS,30,65,9.298883438110352
PDMS,30,66,34.73434829711914
PDMS,30,67,43.3282585144043
PDMS,30,68,51.0585823059082
PDMS,30,69,26.21451759338379
PDMS,30,70,49.24687576293945
PDMS,30,71,40.5127067565918
PDMS,30,72,54.513526916503906
PDMS,30,73,32.857643127441406
PDMS,30,74,33.19135284423828
PDMS,30,75,28.01195526123047
PDMS,30,76,63.74006652832031
PDMS,30,77,42.48591613769531
PDMS,30,78,42.13559341430664
PDMS,30,79,38.60443115234375
PDMS,30,80,60.700191497802734
PDMS,30,81,21.902311325073242
PDMS,30,82,46.55978012084961
PDMS,30,83,24.52437400817871
PDMS,30,84,47.174625396728516
PDMS,30,85,30.007516860961914
PDMS,30,86,38.289306640625
PDMS,30,87,57.623504638671875
PDMS,30,88,22.95900535583496
PDMS,30,89,34.37868118286133
PDMS,30,90,48.367618560791016
PDMS,30,91,40.45347595214844
PDMS,30,92,56.2265625
PDMS,30,93,42.41155242919922
PDMS,30,94,38.20323944091797
PDMS,30,95,38.85795593261719
PDMS,30,96,50.548824310302734
PDMS,30,97,58.99190902709961
PDMS,30,98,11.42434024810791
PDMS,30,99,22.395048141479492
PDMS,30,100,35.84800338745117
PDMS,30,101,37.37834167480469
PDMS,30,102,34.272830963134766
PDMS,30,103,12.419113159179688
PDMS,30,104,23.691280364990234
PDMS,30,105,8.207122802734375
PDMS,30,106,62.97177505493164
PDMS,30,107,12.222498893737793
PDMS,30,108,35.339012145996094
PDMS,30,109,32.335636138916016
PDMS,30,110,38.21154022216797
PDMS,30,111,60.39571762084961
PDMS,30,112,36.028804779052734
PDMS,30,113,24.750940322875977
PDMS,30,114,20.082796096801758
PDMS,30,115,46.88528060913086
PDMS,30,116,12.169058799743652
PDMS,30,117,28.808900833129883
PDMS,30,118,52.59501647949219
PDMS,30,119,36.650733947753906
PDMS,30,120,23.20720672607422
PDMS,30,121,33.09458541870117
PDMS,30,122,49.267417907714844
PDMS,30,123,54.31191635131836
PDMS,30,124,61.32528305053711
PDMS,30,125,50.94470977783203
PDMS,30,126,15.44565486907959
PDMS,30,127,25.508737564086914
PDMS,30,128,52.883541107177734
PDMS,30,129,48.195945739746094
PDMS,30,130,31.619848251342773
PDMS,30,131,57.79002380371094
PDMS,30,132,15.425057411193848
PDMS,30,133,16.37609100341797
PDMS,30,134,46.5905876159668
PDMS,30,135,29.889957427978516
PDMS,30,136,60.08396530151367
PDMS,30,137,12.029411315917969
PDMS,30,138,10.10473346710205
PDMS,30,139,32.21515655517578
PDMS,30,140,51.89181137084961
PDMS,30,141,52.68730926513672
PDMS,30,142,65.57118225097656
PDMS,30,143,18.31717300415039
PDMS,30,144,61.48672103881836
PDMS,30,145,32.914527893066406
PDMS,30,146,18.91115951538086
PDMS,30,147,21.807558059692383
PDMS,30,148,48.45773696899414
PDMS,30,149,61.06644058227539
PDMS,30,150,19.362367630004883
PDMS,30,151,32.64127731323242
PDMS,30,152,8.977269172668457
PDMS,30,153,33.990909576416016
PDMS,30,154,23.321664810180664
PDMS,30,155,16.128442764282227
PDMS,30,156,11.900660514831543
PDMS,30,157,33.9197883605957
PDMS,30,158,60.06813430786133
PDMS,30,159,47.398582458496094
PDMS,30,160,41.970550537109375
PDMS,30,161,17.146820068359375
PDMS,30,162,12.30833625793457
PDMS,30,163,50.04415512084961
PDMS,30,164,35.71320724487305
PDMS,30,165,15.177921295166016
PDMS,30,166,28.14845848083496
PDMS,30,167,33.376564025878906
PDMS,30,168,36.63970947265625
PDMS,30,169,40.57170486450195
PDMS,30,170,28.324499130249023
PDMS,30,171,58.2000846862793
PDMS,30,172,15.673530578613281
PDMS,30,173,33.87642288208008
PDMS,30,174,29.409643173217773
PDMS,30,175,41.300872802734375
PDMS,30,176,34.41614532470703
PDMS,30,177,54.607818603515625
PDMS,30,178,46.44483947753906
PDMS,30,179,19.556921005249023
PDMS,30,180,37.033287048339844
PDMS,30,181,42.32405471801758
PDMS,30,182,61.912376403808594
PDMS,30,183,42.32649612426758
PDMS,30,184,46.92715072631836
PDMS,30,185,59.031246185302734
PDMS,30,186,25.54850196838379
PDMS,30,187,40.47695541381836
PDMS,30,188,54.988834381103516
PDMS,30,189,55.61178970336914
PDMS,30,190,38.273590087890625
PDMS,30,191,34.908355712890625
PDMS,30,192,59.192100524902344
PDMS,30,193,46.48493576049805
PDMS,30,194,21.688858032226562
PDMS,30,195,27.797443389892578
PDMS,30,196,9.888921737670898
PDMS,30,197,56.14354705810547
PDMS,30,198,36.237098693847656
PDMS,30,199,28.709014892578125
PDMS,30,200,38.740421295166016
PDMS,30,201,37.79317855834961
PDMS,30,202,26.773895263671875
PDMS,30,203,21.6302547454834
PDMS,30,204,45.05013656616211
PDMS,30,205,36.69361114501953
PDMS,30,206,32.76087188720703
PDMS,30,207,50.200965881347656
PDMS,30,208,14.434110641479492
PDMS,30,209,59.305267333984375
PDMS,100,0,16.865760803222656
PDMS,100,1,48.54777526855469
PDMS,100,2,48.77201461791992
PDMS,100,3,22.195512771606445
PDMS,100,4,48.940738677978516
PDMS,100,5,56.445350646972656
PDMS,100,6,29.468849182128906
PDMS,100,7,35.10469436645508
PDMS,100,8,53.37297821044922
PDMS,100,9,60.35427474975586
PDMS,100,10,47.19381332397461
PDMS,100,11,60.8531379699707
PDMS,100,12,21.976911544799805
PDMS,100,13,25.652132034301758
PDMS,100,14,14.473713874816895
PDMS,100,15,42.59391784667969
PDMS,100,16,64.13174438476562
PDMS,100,17,50.97556686401367
PDMS,100,18,76.88842010498047
PDMS,100,19,69.4795913696289
PDMS,100,20,13.937616348266602
PDMS,100,21,56.09539031982422
PDMS,100,22,40.92200469970703
PDMS,100,23,37.026668548583984
PDMS,100,24,35.33921432495117
PDMS,100,25,22.607173919677734
PDMS,100,26,26.48944854736328
PDMS,100,27,70.18319702148438
PDMS,100,28,36.91175842285156
PDMS,100,29,32.84958267211914
PDMS,100,30,66.91681671142578
PDMS,100,31,76.67829895019531
PDMS,100,32,31.943037033081055
PDMS,100,33,51.48041915893555
PDMS,100,34,75.93907165527344
PDMS,100,35,31.761127471923828
PDMS,100,36,38.90609359741211
PDMS,100,37,48.070335388183594
PDMS,100,38,22.992443084716797
PDMS,100,39,24.454816818237305
PDMS,100,40,21.519208908081055
PDMS,100,41,94.9493408203125
PDMS,100,42,39.82825469970703
PDMS,100,43,44.878631591796875
PDMS,100,44,31.224510192871094
PDMS,100,45,20.88861656188965
PDMS,100,46,56.99191665649414
PDMS,100,47,24.671789169311523
PDMS,100,48,43.519508361816406
PDMS,100,49,61.061546325683594
PDMS,100,50,52.67786407470703
PDMS,100,51,42.82835388183594
PDMS,100,52,33.31023025512695
PDMS,100,53,25.761043548583984
PDMS,100,54,54.826568603515625
PDMS,100,55,51.61503601074219
PDMS,100,56,42.25342559814453
PDMS,100,57,24.60984230041504
PDMS,100,58,58.970516204833984
PDMS,100,59,61.947322845458984
PDMS,100,60,37.795745849609375
PDMS,100,61,32.240055084228516
PDMS,100,62,50.58336639404297
PDMS,100,63,50.440040588378906
PDMS,100,64,72.80497741699219
PDMS,100,65,76.32322692871094
PDMS,100,66,71.90320587158203
PDMS,100,67,32.959259033203125
PDMS,100,68,76.03768920898438
PDMS,100,69,52.52769470214844
PDMS,100,70,48.219139099121094
PDMS,100,71,26.455852508544922
PDMS,100,72,69.56219482421875
PDMS,100,73,25.104677200317383
PDMS,100,74,50.48612976074219
PDMS,100,75,18.841489791870117
PDMS,100,76,53.51171112060547
PDMS,100,77,51.05788040161133
PDMS,100,78,28.889144897460938
PDMS,100,79,34.36725997924805
PDMS,100,80,52.69225311279297
PDMS,100,81,69.70283508300781
PDMS,100,82,57.7442626953125
PDMS,100,83,46.907859802246094
PDMS,100,84,40.56679153442383
PDMS,100,85,78.53998565673828
PDMS,100,86,52.71562957763672
PDMS,100,87,43.74449157714844
PDMS,100,88,36.698116302490234
PDMS,100,89,59.510223388671875
PDMS,100,90,88.0062484741211
PDMS,100,91,65.54764556884766
PDMS,100,92,43.57715606689453
PDMS,100,93,36.7201042175293
PDMS,100,94,41.08356857299805
PDMS,100,95,80.00413513183594
PDMS,100,96,64.85181427001953
PDMS,100,97,57.67407989501953
PDMS,100,98,27.645832061767578
PDMS,100,99,53.68511199951172
PDMS,100,100,45.113468170166016
PDMS,100,101,17.711755752563477
PDMS,100,102,61.53938293457031
PDMS,100,103,16.488048553466797
PDMS,100,104,78.53253173828125
PDMS,100,105,62.58143615722656
PDMS,100,106,46.43563461303711
PDMS,100,107,50.769378662109375
PDMS,100,108,40.24613952636719
PDMS,100,109,46.24054718017578
PDMS,100,110,62.84214782714844
PDMS,100,111,60.64939880371094
PDMS,100,112,34.938720703125
PDMS,100,113,15.341171264648438
PDMS,100,114,19.63275718688965
PDMS,100,115,65.81121063232422
PDMS,100,116,71.24356842041016
PDMS,100,117,47.67973327636719
PDMS,100,118,35.0137939453125
PDMS,100,119,77.11183166503906
PDMS,100,120,64.86021423339844
PDMS,100,121,55.462440490722656
PDMS,100,122,64.00608825683594
PDMS,100,123,35.47908020019531
PDMS,100,124,30.615114212036133
PDMS,100,125,39.24024963378906
PDMS,100,126,60.248809814453125
PDMS,100,127,28.850313186645508
PDMS,100,128,36.0578727722168
PDMS,100,129,83.06786346435547
PDMS,100,130,25.623815536499023
PDMS,100,131,103.4113998413086
PDMS,100,132,75.95891571044922
PDMS,100,133,65.52063751220703
PDMS,100,134,61.02397918701172
PDMS,100,135,37.225013732910156
PDMS,100,136,48.44587707519531
PDMS,100,137,41.63883972167969
PDMS,100,138,59.02027130126953
PDMS,100,139,27.60234832763672
PDMS,100,140,30.860767364501953
PDMS,100,141,105.27449798583984
PDMS,100,142,54.80800247192383
PDMS,100,143,61.128173828125
PDMS,100,144,48.166526794433594
PDMS,100,145,33.47161865234375
PDMS,100,146,40.1997184753418
PDMS,100,147,49.85417556762695
PDMS,100,148,65.98709106445312
PDMS,100,149,118.91938018798828
PDMS,100,150,41.7242317199707
PDMS,100,151,47.086517333984375
PDMS,100,152,92.91522216796875
PDMS,100,153,96.76001739501953
PDMS,100,154,53.35589599609375
PDMS,100,155,63.38920593261719
PDMS,100,156,65.08888244628906
PDMS,100,157,72.95414733886719
PDMS,100,158,51.58598327636719
PDMS,100,159,22.344459533691406
PDMS,100,160,53.56942367553711
PDMS,100,161,104.14981842041016
PDMS,100,162,49.53847885131836
PDMS,100,163,67.18132781982422
PDMS,100,164,24.531808853149414
PDMS,100,165,30.63874053955078
PDMS,100,166,50.00307083129883
PDMS,100,167,37.64091110229492
PDMS,100,168,20.192434310913086
PDMS,100,169,50.21063995361328
PDMS,100,170,62.62371826171875
PDMS,100,171,54.29841995239258
PDMS,100,172,56.261993408203125
PDMS,100,173,27.48309326171875
PDMS,100,174,47.064659118652344
PDMS,100,175,24.939247131347656
PDMS,100,176,37.664527893066406
PDMS,100,177,65.83253479003906
PDMS,100,178,18.833904266357422
PDMS,100,179,61.859092712402344
PDMS,100,180,68.26302337646484
PDMS,100,181,46.69329833984375
PDMS,100,182,74.42288970947266
PDMS,100,183,39.920467376708984
PDMS,100,184,39.56048583984375
PDMS,100,185,32.77579116821289
PDMS,100,186,36.803287506103516
PDMS,100,187,43.5276985168457
PDMS,100,188,39.05119705200195
PDMS,100,189,21.45575523376465
PDMS,100,190,79.16458129882812
PDMS,100,191,28.923574447631836
PDMS,100,192,37.04601287841797
PDMS,100,193,31.00694465637207
PDMS,100,194,32.598045349121094
PDMS,100,195,46.58374786376953
PDMS,100,196,59.27517318725586
PDMS,100,197,46.542484283447266
PDMS,100,198,28.53680419921875
PDMS,100,199,33.83713912963867
PDMS,100,200,64.5938949584961
PDMS,100,201,73.22498321533203
PDMS,100,202,45.828067779541016
PDMS,100,203,35.66044235229492
PDMS,100,204,37.29289627075195
PDMS,100,205,44.25492858886719
PDMS,100,206,80.283935546875
PDMS,100,207,39.903385162353516
PDMS,100,208,14.492013931274414
PDMS,100,209,80.7264175415039
PMTFPS,10,0,18.63889503479004
PMTFPS,10,1,24.635549545288086
PMTFPS,10,2,13.585552215576172
PMTFPS,10,3,12.313634872436523
PMTFPS,10,4,24.74077796936035
PMTFPS,10,5,22.319358825683594
PMTFPS,10,6,22.993844985961914
PMTFPS,10,7,18.208646774291992
PMTFPS,10,8,19.093093872070312
PMTFPS,10,9,19.32560920715332
PMTFPS,10,10,17.14861297607422
PMTFPS,10,11,23.630626678466797
PMTFPS,10,12,21.645084381103516
PMTFPS,10,13,19.308198928833008
PMTFPS,10,14,13.598489761352539
PMTFPS,10,15,17.87400245666504
PMTFPS,10,16,21.803556442260742
PMTFPS,10,17,23.887165069580078
PMTFPS,10,18,17.69952392578125
PMTFPS,10,19,22.41053009033203
PMTFPS,10,20,15.283266067504883
PMTFPS,10,21,16.56072998046875
PMTFPS,10,22,18.344491958618164
PMTFPS,10,23,20.258716583251953
PMTFPS,10,24,14.052875518798828
PMTFPS,10,25,24.90178108215332
PMTFPS,10,26,22.981094360351562
PMTFPS,10,27,23.34048843383789
PMTFPS,10,28,13.835587501525879
PMTFPS,10,29,18.76511001586914
PMTFPS,10,30,20.67137908935547
PMTFPS,10,31,20.67154884338379
PMTFPS,10,32,19.214933395385742
PMTFPS,10,33,23.05865478515625
PMTFPS,10,34,22.240617752075195
PMTFPS,10,35,14.820088386535645
PMTFPS,10,36,25.71690559387207
PMTFPS,10,37,24.207902908325195
PMTFPS,10,38,17.232391357421875
PMTFPS,10,39,23.85556983947754
PMTFPS,10,40,18.706865310668945
PMTFPS,10,41,25.30333137512207
PMTFPS,10,42,17.2027530670166
PMTFPS,10,43,15.556382179260254
PMTFPS,10,44,15.008898735046387
PMTFPS,10,45,17.604455947875977
PMTFPS,10,46,21.676393508911133
PMTFPS,10,47,20.076059341430664
PMTFPS,10,48,18.582164764404297
PMTFPS,10,49,25.346527099609375
PMTFPS,10,50,21.45955467224121
PMTFPS,10,51,16.10719108581543
PMTFPS,10,52,23.576129913330078
PMTFPS,10,53,15.565656661987305
PMTFPS,10,54,18.421852111816406
PMTFPS,10,55,22.39210319519043
PMTFPS,10,56,19.69524383544922
PMTFPS,10,57,19.26399040222168
PMTFPS,10,58,22.277790069580078
PMTFPS,10,59,15.307169914245605
PMTFPS,10,60,17.94818878173828
PMTFPS,10,61,19.290210723876953
PMTFPS,10,62,20.397680282592773
PMTFPS,10,63,23.805360794067383
PMTFPS,10,64,23.281667709350586
PMTFPS,10,65,23.324647903442383
PMTFPS,10,66,22.552160263061523
PMTFPS,10,67,20.568519592285156
PMTFPS,10,68,24.393474578857422
PMTFPS,10,69,20.706087112426758
PMTFPS,10,70,23.710887908935547
PMTFPS,10,71,23.89936065673828
PMTFPS,10,72,17.58148193359375
PMTFPS,10,73,24.602487564086914
PMTFPS,10,74,12.924958229064941
PMTFPS,10,75,17.9322566986084
PMTFPS,10,76,21.82709503173828
PMTFPS,10,77,14.53856372833252
PMTFPS,10,78,17.72026252746582
PMTFPS,10,79,21.26141929626465
PMTFPS,10,80,16.189697265625
PMTFPS,10,81,15.469067573547363
PMTFPS,10,82,12.370865821838379
PMTFPS,10,83,13.025012969970703
PMTFPS,10,84,24.934783935546875
PMTFPS,10,85,16.547595977783203
PMTFPS,10,86,20.040525436401367
PMTFPS,10,87,20.880767822265625
PMTFPS,10,88,18.355512619018555
PMTFPS,10,89,21.576618194580078
PMTFPS,10,90,18.455852508544922
PMTFPS,10,91,24.155200958251953
PMTFPS,10,92,20.416221618652344
PMTFPS,10,93,22.823917388916016
PMTFPS,10,94,17.89212417602539
PMTFPS,10,95,21.33635711669922
PMTFPS,10,96,18.49236297607422
PMTFPS,10,97,21.191293716430664
PMTFPS,10,98,14.859943389892578
PMTFPS,10,99,23.579288482666016
PMTFPS,10,100,15.429849624633789
PMTFPS,10,101,21.910598754882812
PMTFPS,10,102,18.659189224243164
PMTFPS,10,103,16.66268539428711
PMTFPS,10,104,24.4833984375
PMTFPS,10,105,23.29739761352539
PMTFPS,10,106,14.454117774963379
PMTFPS,10,107,23.623937606811523
PMTFPS,10,108,17.3783016204834
PMTFPS,10,109,14.122515678405762
PMTFPS,10,110,23.054176330566406
PMTFPS,10,111,17.802051544189453
PMTFPS,10,112,16.88839340209961
PMTFPS,10,113,17.110118865966797
PMTFPS,10,114,23.49844741821289
PMTFPS,10,115,18.644947052001953
PMTFPS,10,116,25.265270233154297
PMTFPS,10,117,12.96306324005127
PMTFPS,10,118,23.997343063354492
PMTFPS,10,119,23.255878448486328
PMTFPS,10,120,21.200958251953125
PMTFPS,10,121,21.56824493408203
PMTFPS,10,122,21.235401153564453
PMTFPS,10,123,20.36259651184082
PMTFPS,10,124,18.225608825683594
PMTFPS,10,125,19.676040649414062
PMTFPS,10,126,18.242942810058594
PMTFPS,10,127,15.473746299743652
PMTFPS,10,128,17.259666442871094
PMTFPS,10,129,24.656513214111328
PMTFPS,10,130,17.878360748291016
PMTFPS,10,131,22.96477508544922
PMTFPS,10,132,22.64026641845703
PMTFPS,10,133,24.52732276916504
PMTFPS,10,134,17.35594367980957
PMTFPS,10,135,23.433517456054688
PMTFPS,10,136,18.583919525146484
PMTFPS,10,137,23.607837677001953
PMTFPS,10,138,24.37826919555664
PMTFPS,10,139,16.426536560058594
PMTFPS,10,140,19.42003059387207
PMTFPS,10,141,23.482349395751953
PMTFPS,10,142,17.519060134887695
PMTFPS,10,143,15.910551071166992
PMTFPS,10,144,17.4973201751709
PMTFPS,10,145,17.331960678100586
PMTFPS,10,146,18.320354461669922
PMTFPS,10,147,22.289424896240234
PMTFPS,10,148,22.15892219543457
PMTFPS,10,149,16.489622116088867
PMTFPS,10,150,16.951824188232422
PMTFPS,10,151,18.415958404541016
PMTFPS,10,152,18.831758499145508
PMTFPS,10,153,20.575456619262695
PMTFPS,10,154,22.473636627197266
PMTFPS,10,155,20.260581970214844
PMTFPS,10,156,24.830429077148438
PMTFPS,10,157,16.306123733520508
PMTFPS,10,158,19.853456497192383
PMTFPS,10,159,17.9974422454834
PMTFPS,10,160,12.124897003173828
PMTFPS,10,161,20.421131134033203
PMTFPS,10,162,17.108930587768555
PMTFPS,10,163,24.034944534301758
PMTFPS,10,164,21.543067932128906
PMTFPS,10,165,11.10129165649414
PMTFPS,10,166,22.260093688964844
PMTFPS,10,167,17.21706771850586
PMTFPS,10,168,22.55295753479004
PMTFPS,10,169,18.74028205871582
PMTFPS,10,170,19.194988250732422
PMTFPS,10,171,20.683008193969727
PMTFPS,10,172,22.0644588470459
PMTFPS,10,173,21.08470344543457
PMTFPS,10,174,17.31298065185547
PMTFPS,10,175,13.182405471801758
PMTFPS,10,176,14.78992748260498
PMTFPS,10,177,15.476541519165039
PMTFPS,10,178,22.076326370239258
PMTFPS,10,179,13.845514297485352
PMTFPS,10,180,18.953887939453125
PMTFPS,10,181,16.6801815032959
PMTFPS,10,182,25.076332092285156
PMTFPS,10,183,21.16583824157715
PMTFPS,10,184,24.48611831665039
PMTFPS,10,185,20.988378524780273
PMTFPS,10,186,23.15723419189453
PMTFPS,10,187,16.419815063476562
PMTFPS,10,188,23.051469802856445
PMTFPS,10,189,25.789466857910156
PMTFPS,10,190,24.02100372314453
PMTFPS,10,191,23.126659393310547
PMTFPS,10,192,14.729094505310059
PMTFPS,10,193,15.544589042663574
PMTFPS,10,194,20.76091766357422
PMTFPS,10,195,21.61205291748047
PMTFPS,10,196,19.95098876953125
PMTFPS,10,197,22.931303024291992
PMTFPS,10,198,20.7659969329834
PMTFPS,10,199,21.03127670288086
PMTFPS,10,200,15.992790222167969
PMTFPS,10,201,20.875686645507812
PMTFPS,10,202,23.438350677490234
PMTFPS,10,203,21.47052574157715
PMTFPS,10,204,18.330291748046875
PMTFPS,10,205,14.33360767364502
PMTFPS,10,206,19.371112823486328
PMTFPS,10,207,16.39273452758789
PMTFPS,10,208,19.858369827270508
PMTFPS,10,209,19.116565704345703
PMTFPS,30,0,29.0301513671875
PMTFPS,30,1,32.81157302856445
PMTFPS,30,2,50.903560638427734
PMTFPS,30,3,53.415836334228516
PMTFPS,30,4,31.386985778808594
PMTFPS,30,5,36.449005126953125
PMTFPS,30,6,15.709891319274902
PMTFPS,30,7,37.051902770996094
PMTFPS,30,8,52.145050048828125
PMTFPS,30,9,26.41025161743164
PMTFPS,30,10,38.70296859741211
PMTFPS,30,11,20.22185516357422
PMTFPS,30,12,20.941608428955078
PMTFPS,30,13,35.380767822265625
PMTFPS,30,14,23.988630294799805
PMTFPS,30,15,30.069337844848633
PMTFPS,30,16,43.957332611083984
PMTFPS,30,17,17.86274528503418
PMTFPS,30,18,24.741941452026367
PMTFPS,30,19,25.589794158935547
PMTFPS,30,20,47.814334869384766
PMTFPS,30,21,41.525901794433594
PMTFPS,30,22,44.17507553100586
PMTFPS,30,23,40.96543884277344
PMTFPS,30,24,21.68753433227539
PMTFPS,30,25,35.92477035522461
PMTFPS,30,26,45.362281799316406
PMTFPS,30,27,11.731268882751465
PMTFPS,30,28,42.69487762451172
PMTFPS,30,29,34.951683044433594
PMTFPS,30,30,32.906497955322266
PMTFPS,30,31,38.28388214111328
PMTFPS,30,32,36.8723030090332
PMTFPS,30,33,48.4362907409668
PMTFPS,30,34,47.96501922607422
PMTFPS,30,35,44.50686264038086
PMTFPS,30,36,38.86546325683594
PMTFPS,30,37,39.916099548339844
PMTFPS,30,38,30.899681091308594
PMTFPS,30,39,39.424537658691406
PMTFPS,30,40,29.51392936706543
PMTFPS,30,41,45.412837982177734
PMTFPS,30,42,43.49883270263672
PMTFPS,30,43,16.285236358642578
PMTFPS,30,44,22.683818817138672
PMTFPS,30,45,18.311830520629883
PMTFPS,30,46,51.557247161865234
PMTFPS,30,47,20.768518447875977
PMTFPS,30,48,55.91923904418945
PMTFPS,30,49,38.07859802246094
PMTFPS,30,50,41.558467864990234
PMTFPS,30,51,14.554352760314941
PMTFPS,30,52,44.427711486816406
PMTFPS,30,53,35.331295013427734
PMTFPS,30,54,60.16847229003906
PMTFPS,30,55,23.20520782470703
PMTFPS,30,56,16.514366149902344
PMTFPS,30,57,28.413740158081055
PMTFPS,30,58,51.60310745239258
PMTFPS,30,59,36.60414123535156
PMTFPS,30,60,49.012306213378906
PMTFPS,30,61,32.979915618896484
PMTFPS,30,62,63.221923828125
PMTFPS,30,63,55.947593688964844
PMTFPS,30,64,39.45100402832031
PMTFPS,30,65,53.56896209716797
PMTFPS,30,66,24.989952087402344
PMTFPS,30,67,16.004655838012695
PMTFPS,30,68,16.40595054626465
PMTFPS,30,69,48.607547760009766
PMTFPS,30,70,20.183013916015625
PMTFPS,30,71,39.080657958984375
PMTFPS,30,72,25.63641357421875
PMTFPS,30,73,13.818313598632812
PMTFPS,30,74,39.15782928466797
PMTFPS,30,75,48.89127731323242
PMTFPS,30,76,45.51814270019531
PMTFPS,30,77,27.45722770690918
PMTFPS,30,78,31.951616287231445
PMTFPS,30,79,60.493446350097656
PMTFPS,30,80,30.21128273010254
PMTFPS,30,81,34.422691345214844
PMTFPS,30,82,17.7286319732666
PMTFPS,30,83,35.442893981933594
PMTFPS,30,84,44.23053741455078
PMTFPS,30,85,27.597278594970703
PMTFPS,30,86,27.888038635253906
PMTFPS,30,87,47.743289947509766
PMTFPS,30,88,25.065031051635742
PMTFPS,30,89,16.555761337280273
PMTFPS,30,90,29.81589698791504
PMTFPS,30,91,36.71113204956055
PMTFPS,30,92,47.0512809753418
PMTFPS,30,93,23.461626052856445
PMTFPS,30,94,15.313701629638672
PMTFPS,30,95,26.349218368530273
PMTFPS,30,96,52.8479118347168
PMTFPS,30,97,50.241798400878906
PMTFPS,30,98,23.024084091186523
PMTFPS,30,99,20.802282333374023
PMTFPS,30,100,32.987979888916016
PMTFPS,30,101,40.896385192871094
PMTFPS,30,102,30.123043060302734
PMTFPS,30,103,19.86712074279785
PMTFPS,30,104,42.36415481567383
PMTFPS,30,105,20.708900451660156
PMTFPS,30,106,44.74824142456055
PMTFPS,30,107,13.897106170654297
PMTFPS,30,108,30.031635284423828
PMTFPS,30,109,27.78990364074707
PMTFPS,30,110,43.15253448486328
PMTFPS,30,111,33.41232681274414
PMTFPS,30,112,43.77788543701172
PMTFPS,30,113,24.99435806274414
PMTFPS,30,114,45.33241653442383
PMTFPS,30,115,45.9400520324707
PMTFPS,30,116,49.580841064453125
PMTFPS,30,117,29.5599365234375
PMTFPS,30,118,50.20442581176758
PMTFPS,30,119,20.130929946899414
PMTFPS,30,120,27.09610366821289
PMTFPS,30,121,38.678749084472656
PMTFPS,30,122,49.02579116821289
PMTFPS,30,123,48.34307861328125
PMTFPS,30,124,55.7134895324707
PMTFPS,30,125,31.96489906311035
PMTFPS,30,126,52.565223693847656
PMTFPS,30,127,26.445810317993164
PMTFPS,30,128,42.42085266113281
PMTFPS,30,129,18.12400245666504
PMTFPS,30,130,31.934398651123047
PMTFPS,30,131,19.72850799560547
PMTFPS,30,132,21.675275802612305
PMTFPS,30,133,22.1835994720459
PMTFPS,30,134,26.93036651611328
PMTFPS,30,135,42.69760513305664
PMTFPS,30,136,43.904090881347656
PMTFPS,30,137,37.10887145996094
PMTFPS,30,138,51.476158142089844
PMTFPS,30,139,48.70838928222656
PMTFPS,30,140,53.12713623046875
PMTFPS,30,141,31.895923614501953
PMTFPS,30,142,34.707000732421875
PMTFPS,30,143,29.079017639160156
PMTFPS,30,144,23.179485321044922
PMTFPS,30,145,22.2619571685791
PMTFPS,30,146,34.57893371582031
PMTFPS,30,147,38.71979522705078
PMTFPS,30,148,20.52960968017578
PMTFPS,30,149,60.75286102294922
PMTFPS,30,150,19.904428482055664
PMTFPS,30,151,21.4152774810791
PMTFPS,30,152,45.834739685058594
PMTFPS,30,153,36.90269088745117
PMTFPS,30,154,45.98828125
PMTFPS,30,155,41.235042572021484
PMTFPS,30,156,14.825750350952148
PMTFPS,30,157,46.12546920776367
PMTFPS,30,158,23.932443618774414
PMTFPS,30,159,40.273563385009766
PMTFPS,30,160,37.91510772705078
PMTFPS,30,161,15.569202423095703
PMTFPS,30,162,22.500553131103516
PMTFPS,30,163,14.682756423950195
PMTFPS,30,164,21.88663101196289
PMTFPS,30,165,25.20853042602539
PMTFPS,30,166,14.387741088867188
PMTFPS,30,167,49.0626335144043
PMTFPS,30,168,59.17153549194336
PMTFPS,30,169,39.453487396240234
PMTFPS,30,170,36.5855827331543
PMTFPS,30,171,34.930240631103516
PMTFPS,30,172,46.03007507324219
PMTFPS,30,173,48.14277648925781
PMTFPS,30,174,49.732025146484375
PMTFPS,30,175,23.225765228271484
PMTFPS,30,176,45.069313049316406
PMTFPS,30,177,11.45280647277832
PMTFPS,30,178,34.90998458862305
PMTFPS,30,179,47.770530700683594
PMTFPS,30,180,57.63822937011719
PMTFPS,30,181,17.792348861694336
PMTFPS,30,182,34.87557601928711
PMTFPS,30,183,59.72531509399414
PMTFPS,30,184,44.31943130493164
PMTFPS,30,185,38.947410583496094
PMTFPS,30,186,61.36178970336914
PMTFPS,30,187,39.611473083496094
PMTFPS,30,188,17.80005645751953
PMTFPS,30,189,23.771129608154297
PMTFPS,30,190,39.2081298828125
PMTFPS,30,191,32.07636642456055
PMTFPS,30,192,38.874088287353516
PMTFPS,30,193,22.186857223510742
PMTFPS,30,194,34.981544494628906
PMTFPS,30,195,56.88002395629883
PMTFPS,30,196,17.319496154785156
PMTFPS,30,197,51.314266204833984
PMTFPS,30,198,56.74757385253906
PMTFPS,30,199,16.619688034057617
PMTFPS,30,200,21.13731575012207
PMTFPS,30,201,26.255712509155273
PMTFPS,30,202,43.21823501586914
PMTFPS,30,203,57.24454116821289
PMTFPS,30,204,22.474077224731445
PMTFPS,30,205,47.548927307128906
PMTFPS,30,206,43.646453857421875
PMTFPS,30,207,17.70470428466797
PMTFPS,30,208,55.93696594238281
PMTFPS,30,209,18.590534210205078
PMTFPS,100,0,82.45451354980469
PMTFPS,100,1,67.17272186279297
PMTFPS,100,2,46.463836669921875
PMTFPS,100,3,62.04402542114258
PMTFPS,100,4,125.87181091308594
PMTFPS,100,5,97.24664306640625
PMTFPS,100,6,43.0472297668457
PMTFPS,100,7,60.27304458618164
PMTFPS,100,8,93.1719970703125
PMTFPS,100,9,43.158329010009766
PMTFPS,100,10,70.11306762695312
PMTFPS,100,11,63.710514068603516
PMTFPS,100,12,53.41019821166992
PMTFPS,100,13,57.65912628173828
PMTFPS,100,14,77.39057922363281
PMTFPS,100,15,82.78919219970703
PMTFPS,100,16,80.14750671386719
PMTFPS,100,17,79.58939361572266
PMTFPS,100,18,90.15562438964844
PMTFPS,100,19,35.296958923339844
PMTFPS,100,20,56.828338623046875
PMTFPS,100,21,32.9080810546875
PMTFPS,100,22,70.17832946777344
PMTFPS,100,23,45.30368423461914
PMTFPS,100,24,25.59417724609375
PMTFPS,100,25,76.56189727783203
PMTFPS,100,26,95.41107940673828
PMTFPS,100,27,65.0829086303711
PMTFPS,100,28,35.5218620300293
PMTFPS,100,29,45.056846618652344
PMTFPS,100,30,29.440866470336914
PMTFPS,100,31,66.34009552001953
PMTFPS,100,32,21.04045867919922
PMTFPS,100,33,36.92770767211914
PMTFPS,100,34,63.47765350341797
PMTFPS,100,35,53.75105285644531
PMTFPS,100,36,45.48923110961914
PMTFPS,100,37,50.5530891418457
PMTFPS,100,38,71.18988800048828
PMTFPS,100,39,54.41289138793945
PMTFPS,100,40,60.32925796508789
PMTFPS,100,41,42.542022705078125
PMTFPS,100,42,53.67872619628906
PMTFPS,100,43,83.70225524902344
PMTFPS,100,44,44.46788787841797
PMTFPS,100,45,74.86788177490234
PMTFPS,100,46,43.7842903137207
PMTFPS,100,47,73.78224182128906
PMTFPS,100,48,51.45573425292969
PMTFPS,100,49,47.52499771118164
PMTFPS,100,50,47.27082443237305
PMTFPS,100,51,28.892410278320312
PMTFPS,100,52,48.79678726196289
PMTFPS,100,53,87.7579574584961
PMTFPS,100,54,69.5085220336914
PMTFPS,100,55,52.089256286621094
PMTFPS,100,56,77.39301300048828
PMTFPS,100,57,62.60225296020508
PMTFPS,100,58,69.813232421875
PMTFPS,100,59,72.82917785644531
PMTFPS,100,60,46.593563079833984
PMTFPS,100,61,25.99400520324707
PMTFPS,100,62,67.43840789794922
PMTFPS,100,63,43.60028839111328
PMTFPS,100,64,29.871124267578125
PMTFPS,100,65,43.89010238647461
PMTFPS,100,66,46.3011589050293
PMTFPS,100,67,45.412601470947266
PMTFPS,100,68,54.42311477661133
PMTFPS,100,69,55.612892150878906
PMTFPS,100,70,47.067626953125
PMTFPS,100,71,56.51462936401367
PMTFPS,100,72,71.99419403076172
PMTFPS,100,73,49.08148956298828
PMTFPS,100,74,51.88224411010742
PMTFPS,100,75,26.263940811157227
PMTFPS,100,76,28.048521041870117
PMTFPS,100,77,45.58516311645508
PMTFPS,100,78,51.85039520263672
PMTFPS,100,79,35.91592025756836
PMTFPS,100,80,57.231876373291016
PMTFPS,100,81,73.23770904541016
PMTFPS,100,82,105.08826446533203
PMTFPS,100,83,87.51336669921875
PMTFPS,100,84,59.682430267333984
PMTFPS,100,85,66.5302734375
PMTFPS,100,86,47.47403335571289
PMTFPS,100,87,36.317081451416016
PMTFPS,100,88,60.94510269165039
PMTFPS,100,89,47.885772705078125
PMTFPS,100,90,80.20852661132812
PMTFPS,100,91,103.09014892578125
PMTFPS,100,92,104.33885192871094
PMTFPS,100,93,70.16394805908203
PMTFPS,100,94,57.038177490234375
PMTFPS,100,95,45.77315139770508
PMTFPS,100,96,76.53553771972656
PMTFPS,100,97,38.64522171020508
PMTFPS,100,98,41.50920104980469
PMTFPS,100,99,67.42057037353516
PMTFPS,100,100,69.60169219970703
PMTFPS,100,101,48.87122344970703
PMTFPS,100,102,18.535175323486328
PMTFPS,100,103,71.9661865234375
PMTFPS,100,104,40.12931823730469
PMTFPS,100,105,34.72722625732422
PMTFPS,100,106,63.36920166015625
PMTFPS,100,107,82.90978240966797
PMTFPS,100,108,46.05244827270508
PMTFPS,100,109,104.96307373046875
PMTFPS,100,110,50.32154846191406
PMTFPS,100,111,45.42197799682617
PMTFPS,100,112,49.717979431152344
PMTFPS,100,113,60.9899787902832
PMTFPS,100,114,47.63275146484375
PMTFPS,100,115,57.90046310424805
PMTFPS,100,116,52.017189025878906
PMTFPS,100,117,88.85083770751953
PMTFPS,100,118,48.23221969604492
PMTFPS,100,119,71.77288055419922
PMTFPS,100,120,45.81873321533203
PMTFPS,100,121,78.969970703125
PMTFPS,100,122,88.9834213256836
PMTFPS,100,123,70.3818130493164
PMTFPS,100,124,50.1474494934082
PMTFPS,100,125,72.48582458496094
PMTFPS,100,126,68.7392807006836
PMTFPS,100,127,28.525028228759766
PMTFPS,100,128,70.28350067138672
PMTFPS,100,129,55.36579513549805
PMTFPS,100,130,35.99949264526367
PMTFPS,100,131,73.16983795166016
PMTFPS,100,132,85.65433502197266
PMTFPS,100,133,54.81902313232422
PMTFPS,100,134,68.82130432128906
PMTFPS,100,135,88.77718353271484
PMTFPS,100,136,59.14594268798828
PMTFPS,100,137,32.406898498535156
PMTFPS,100,138,84.59365844726562
PMTFPS,100,139,58.95320129394531
PMTFPS,100,140,53.76979446411133
PMTFPS,100,141,32.969539642333984
PMTFPS,100,142,60.803768157958984
PMTFPS,100,143,46.529457092285156
PMTFPS,100,144,81.99178314208984
PMTFPS,100,145,69.62843322753906
PMTFPS,100,146,45.22575759887695
PMTFPS,100,147,43.243778228759766
PMTFPS,100,148,71.15840148925781
PMTFPS,100,149,47.95022964477539
PMTFPS,100,150,24.886747360229492
PMTFPS,100,151,35.029781341552734
PMTFPS,100,152,71.60770416259766
PMTFPS,100,153,78.09676361083984
PMTFPS,100,154,93.17867279052734
PMTFPS,100,155,57.729103088378906
PMTFPS,100,156,47.005496978759766
PMTFPS,100,157,59.64976119995117
PMTFPS,100,158,59.60531997680664
PMTFPS,100,159,44.126136779785156
PMTFPS,100,160,70.11280059814453
PMTFPS,100,161,56.0684814453125
PMTFPS,100,162,27.452510833740234
PMTFPS,100,163,86.13268280029297
PMTFPS,100,164,31.70729637145996
PMTFPS,100,165,83.56257629394531
PMTFPS,100,166,58.428253173828125
PMTFPS,100,167,51.48536682128906
PMTFPS,100,168,60.31138229370117
PMTFPS,100,169,44.74430847167969
PMTFPS,100,170,79.53837585449219
PMTFPS,100,171,29.652929306030273
PMTFPS,100,172,36.81127166748047
PMTFPS,100,173,61.52602005004883
PMTFPS,100,174,48.318275451660156
PMTFPS,100,175,83.93414306640625
PMTFPS,100,176,76.49793243408203
PMTFPS,100,177,50.24415588378906
PMTFPS,100,178,81.62374114990234
PMTFPS,100,179,73.88216400146484
PMTFPS,100,180,63.84414291381836
PMTFPS,100,181,29.96548080444336
PMTFPS,100,182,71.38001251220703
PMTFPS,100,183,45.138858795166016
PMTFPS,100,184,64.98197174072266
PMTFPS,100,185,42.71937561035156
PMTFPS,100,186,54.25981140136719
PMTFPS,100,187,46.492069244384766
PMTFPS,100,188,47.79535675048828
PMTFPS,100,189,55.133216857910156
PMTFPS,100,190,58.65788650512695
PMTFPS,100,191,48.59712219238281
PMTFPS,100,192,43.83753967285156
PMTFPS,100,193,33.187198638916016
PMTFPS,100,194,61.00999450683594
PMTFPS,100,195,65.18236541748047
PMTFPS,100,196,67.47879791259766
PMTFPS,100,197,59.00121307373047
PMTFPS,100,198,47.89694595336914
PMTFPS,100,199,30.315217971801758
PMTFPS,100,200,46.6531982421875
PMTFPS,100,201,22.272104263305664
PMTFPS,100,202,43.72129821777344
PMTFPS,100,203,76.7200698852539
PMTFPS,100,204,67.27117156982422
PMTFPS,100,205,35.46504592895508
PMTFPS,100,206,41.50999450683594
PMTFPS,100,207,99.79297637939453
PMTFPS,100,208,57.07882308959961
PMTFPS,100,209,43.76527786254883
