system,dp,Temp,MSD_1ps,MSD_2ps,MSD_3ps,MSD_4ps,MSD_5ps,MSD_6ps,MSD_7ps,MSD_8ps,MSD_9ps,MSD_10ps
PDMS,10,100,0.28120501060227826,0.31107458926725046,0.3244152603705578,0.33639411586115253,0.347594324210488,0.35592681223743405,0.36689022657092807,0.3810868955765062,0.3888180634324125,0.40893991886249453
PDMS,10,105,0.2956753733946828,0.3309939714410317,0.34468964038018285,0.3520098889484272,0.36544376117901806,0.3798830985725402,0.3928986661111741,0.4153680763419828,0.42466299647305317,0.43250618180931877
PDMS,10,110,0.3117002934433356,0.35299258459251764,0.37235307956101865,0.382297797555501,0.40738537999073177,0.4209295279084861,0.4317221014329988,0.4475573059196617,0.46099995362420276,0.47299106446795003
PDMS,10,115,0.3296332449137844,0.37433821857760424,0.3910972954086692,0.40411381156351656,0.4279308988780322,0.4465810737600524,0.4661924956961254,0.4785086563484208,0.49788251889640334,0.5067393734395642
PDMS,10,120,0.34983243578061035,0.40845790327878506,0.4261641587169126,0.43740240405203157,0.45888305375375626,0.47883858255941536,0.49573366314856865,0.5165799643307196,0.5335986367609517,0.5432134020386126
PDMS,10,125,0.3763870069494265,0.4384744605311873,0.4778229190605199,0.49285273877587094,0.5032792602895552,0.5209462825583207,0.5366661794110568,0.5689534138722404,0.5865539454944004,0.5945076474339729
PDMS,10,130,0.38363631085373917,0.45198167297185465,0.4852443509680574,0.5029033226538994,0.5268881956057963,0.5479708267454254,0.5568110692501083,0.5889776041236785,0.5939124045567213,0.6063779912391757
PDMS,10,135,0.4186261479450145,0.4870579251633392,0.5178614506049459,0.556370634712821,0.5773424572784718,0.5963056367538881,0.6145493611786282,0.6387669439257939,0.670128867728345,0.6837624547920217
PDMS,10,140,0.43695206514865054,0.5146670527586584,0.5517916443779438,0.5801002332070953,0.5956281406986823,0.6258266437426584,0.6580699120170437,0.6820146594138583,0.7035307683040632,0.7133843420947192
PDMS,10,145,0.46272175008816874,0.5520556040057103,0.58798244950568,0.6190528050495236,0.6491342164389815,0.6759661790312325,0.7126061653724023,0.7291676301894441,0.7487762982744248,0.7634270213091622
PDMS,10,150,0.47549154270889166,0.555940288387427,0.609928862159212,0.6542801130465781,0.6895795074824684,0.7009288540384426,0.7225728700338199,0.7439288805472036,0.7752113133864397,0.8110026629202414
PDMS,10,155,0.5102883771205858,0.6123789583870981,0.664217113890769,0.691827423780042,0.7229657714995683,0.748671208318745,0.7715622832310355,0.8180765134933811,0.8459274130734447,0.862411197076533
PDMS,10,160,0.538966106579345,0.6402841894859834,0.6866152798324321,0.7183477926290329,0.7571904051110854,0.7809549274881423,0.8201539906635809,0.8492541401584524,0.8728049700565418,0.8939293069330507
PDMS,10,165,0.5408564268844122,0.666986852205136,0.7166937187209319,0.7538858567539848,0.7785211840113805,0.8134260547645257,0.8513638337531558,0.8744133924398559,0.8963788237177341,0.924448478837302
PDMS,10,170,0.5849753988375823,0.7077899109653278,0.7569739889594111,0.8032339851232742,0.851281455495902,0.8812965031880328,0.8993397860133887,0.9232099387681902,0.9655189362509784,0.9876480193688458
PDMS,10,175,0.5950921421910123,0.7216430931100482,0.7777910212694518,0.8309438088371793,0.8591846944386896,0.8884987525032617,0.9381055926504727,0.9653815018127412,0.9911150012701089,1.0241968462694302
PDMS,10,180,0.6259714186796705,0.7581559825944935,0.823799260650274,0.8897039260874173,0.9170475099590003,0.9499728808796528,0.977341677673064,1.0199709059716082,1.0565065661639603,1.0778642476488716
PDMS,10,185,0.6599244821133523,0.7993656713140903,0.8568501534557752,0.9072758579508683,0.9545564554411573,0.9950814718067379,1.0322585406042069,1.0772673242960544,1.1066880270758128,1.1138950019065141
PDMS,10,190,0.689810105272054,0.8400184048360251,0.918493062831037,0.9814819260955632,1.0278641368847883,1.0541189166007785,1.1007207879051386,1.1299046865152031,1.1626411559702419,1.181151322385412
PDMS,10,195,0.7104617720341844,0.867254024140952,0.9405823612405703,0.9941786400371189,1.0319620868128478,1.064675969956985,1.1031796396438662,1.1406142086861397,1.1712357385777583,1.1919932352999418
PDMS,10,200,0.7308551240237106,0.9106525471507627,0.9902413397631487,1.031456625348232,1.0645242949769114,1.1153523426392393,1.1571151571237195,1.1847536353940267,1.217827678019299,1.2503530645595529
PDMS,10,205,0.759486542814502,0.9283549498080704,1.006556411720239,1.0684735502382305,1.1241316033278803,1.160271798689053,1.1988842928385135,1.238198753068095,1.2701600579515204,1.2952050268487791
PDMS,10,210,0.7759572750601104,0.9592637700065835,1.0579450274547455,1.1119347261384955,1.1589915053211528,1.2115949611261383,1.2632740151473658,1.2938632568123074,1.3234257444020894,1.3379076096664622
PDMS,10,215,0.800528413654613,0.9788468929631724,1.0814267950566954,1.1329540988039761,1.201436276306249,1.2452678288303098,1.2918043385170859,1.3313134426916688,1.3772820918010515,1.395949063363768
PDMS,10,220,0.8302383727841006,1.0321588892618931,1.1239516573799162,1.1788546806463782,1.229710600226477,1.2654365169481994,1.3227331303754313,1.3616471372785253,1.3848361801889872,1.4347057399448822
PDMS,10,225,0.8682487931341045,1.0668791039122756,1.147684048911302,1.2257456532130673,1.2845002095153213,1.3327835213897767,1.3832649942950843,1.394662188301488,1.4255113253586926,1.4635727240685812
PDMS,10,230,0.896888934325743,1.1144024549873188,1.2038764213716295,1.2590835188268623,1.3084738776612195,1.3642534677039238,1.4090507854662957,1.4576850989004035,1.493104031714315,1.5028745226611837
PDMS,10,235,0.9094714156645158,1.13149021263305,1.220979584305771,1.2799512482206346,1.3353221811667648,1.381064189404731,1.419244692912122,1.4668813583018172,1.5020413555946508,1.5299488713111051
PDMS,10,240,0.9302966219471951,1.1488521614853207,1.22615919812802,1.2645346079993454,1.3394584346957341,1.3825262595892351,1.4292060043199708,1.4501826326674498,1.495406667841677,1.5115819412565488
PDMS,10,245,0.9795544118686204,1.1975386399042862,1.3068135924097368,1.3798096244691274,1.4249947043343578,1.4537169885938481,1.4982680062904412,1.5203582758651148,1.5578749777211895,1.5906503829843621
PDMS,10,250,0.9975001918827326,1.246774931934099,1.3365911810279696,1.3829772699370206,1.4472577916212146,1.491786943934349,1.5193886677278508,1.5670608913974675,1.6141429847406705,1.6195488166978655
PDMS,10,255,1.0171723239969246,1.2762850789221436,1.3925042246181634,1.44531994239068,1.4920604122592367,1.5419528599365835,1.580101655984047,1.623095430569546,1.6728674375545602,1.6987031170526248
PDMS,10,260,1.0604283679854871,1.3016586787031923,1.4088333974610214,1.4882465205229227,1.5307617268338007,1.5760143080042088,1.6081009402154005,1.6453696290877453,1.675049997555993,1.6912093933883334
PDMS,10,265,1.0851952462348269,1.3271890783497766,1.4211800444282434,1.5082434668782692,1.5562412029135042,1.6089170347716493,1.637009244136583,1.685875971477261,1.7133001470194258,1.733050837289228
PDMS,10,270,1.1192166089714333,1.3883968460508957,1.509822275345578,1.58938208129708,1.6203367753851396,1.642983337976362,1.6946892776644957,1.7448619815701316,1.783026054087982,1.8379034651496682
PDMS,10,275,1.1565349317726277,1.423355875484579,1.5364912137543487,1.5903503344151604,1.6292766955779658,1.6866270428216361,1.7510679777772853,1.789554621940746,1.8396358430133026,1.8556511356845955
PDMS,10,280,1.1799284088297202,1.4524782446772828,1.565350015817058,1.654153701554232,1.6938888106649421,1.730319269888413,1.7609104961472521,1.793228784657014,1.8446127376199453,1.875680268504841
PDMS,10,285,1.1960348257498867,1.4827431726553155,1.5957011913046848,1.6678645925250375,1.7260298166537598,1.768822643149846,1.8073050410423388,1.8628701002567205,1.8742259439161952,1.8893197470181362
PDMS,10,290,1.218047339129109,1.4990078473576787,1.6394582831486673,1.7114024587011354,1.7662648601062556,1.796181156772072,1.8180111361502562,1.8644037389373107,1.9205056703123558,1.935694410141765
PDMS,10,295,1.264415621774543,1.5840649864693541,1.6721988970794144,1.7556592774059827,1.7705592299137678,1.809335743608571,1.8789951955290658,1.9091888859945318,1.9137911963445262,1.9159546132564529
PDMS,10,300,1.2975049855383365,1.624900643206211,1.7678613001096615,1.8277607408119472,1.869482346012655,1.8924052199541435,1.9129960099436363,1.9614217028921446,1.9987524222432875,2.046020620968125
PDMS,10,305,1.312693161950111,1.630040237271699,1.7891966741827354,1.8087146652696877,1.8327520713138532,1.8819867132675565,1.9301245004454302,1.975348884702217,2.017225566556679,2.062480828428712
PDMS,30,100,0.2717039919762948,0.31115808304270876,0.32056079295926965,0.32876049807061364,0.33904853092482334,0.3475883317697163,0.35390018575819465,0.36372768112431053,0.37232865787584163,0.3860570945921788
PDMS,30,105,0.2884575815663025,0.3318213520007561,0.34909916132456137,0.35677587299889185,0.36847905217875265,0.37680252882236276,0.3877482270638793,0.39456913619033024,0.4077611493473123,0.4201610592090736
PDMS,30,110,0.3127317019717123,0.35331317153131747,0.37372129538048415,0.3871881565642231,0.4006666009452071,0.4084145610558617,0.41900185769221954,0.4306108633676896,0.4426071756748474,0.4564018735987796
PDMS,30,115,0.3248774913409568,0.37938230280482543,0.40163635299726846,0.415802414712264,0.42944337526672394,0.43620890927244566,0.44864832773114605,0.4646232556490978,0.4824332479703101,0.49453063274609865
PDMS,30,120,0.3511771458452678,0.40943569072767544,0.4310160891361032,0.44684788451910984,0.46428521879662304,0.48226474195824326,0.493188144558514,0.5063809909743984,0.5187715194750069,0.5374395903088077
PDMS,30,125,0.3676184930744893,0.4255416539041989,0.4472577803764418,0.46892252627345166,0.4895646489671859,0.5017680414085424,0.5203076384796482,0.5326288964635578,0.5507536072006656,0.5714967939047344
PDMS,30,130,0.3922373188164298,0.4576376078089862,0.4916061890120358,0.5202431489071635,0.5410088288178424,0.5541539887164939,0.5640853290574468,0.5846907389350061,0.6009981413134201,0.6229653019418014
PDMS,30,135,0.4114001513546149,0.48739743231465127,0.5203722337622777,0.5509072450108341,0.5720266907309719,0.595292102512692,0.6046151274462186,0.6190157988693561,0.6376969785954286,0.6638330455853173
PDMS,30,140,0.4329580424572462,0.5125957573679516,0.5538697914830633,0.5858079513749396,0.6074696464949234,0.6291969041401251,0.6486819551825563,0.6673985368963591,0.6852836582049461,0.7115199779684506
PDMS,30,145,0.4528195560551952,0.5430744223180732,0.5836095637495999,0.6179504295389278,0.649483486038408,0.6761664677333421,0.6879584559192758,0.7066370413535112,0.7341811584270085,0.7614813915269681
PDMS,30,150,0.47844974132691254,0.5677734706113313,0.6152030127487818,0.6496754466558362,0.6804197053734347,0.70229131266562,0.7227330709933255,0.7457485975927793,0.770184095305995,0.7938419516856496
PDMS,30,155,0.49664302300859225,0.6042692409750525,0.6543222777427562,0.6865103347989187,0.7186929760344063,0.7450827947351524,0.780217297837174,0.8016516827158495,0.8228825385031682,0.8545888659864526
PDMS,30,160,0.5261313573939904,0.6422723741515728,0.6896379128121003,0.7249343730852126,0.7617323150796713,0.7917436863819497,0.8195511921540033,0.8478392533517527,0.8658653889777936,0.893797836067594
PDMS,30,165,0.5411356276003956,0.6628618829450202,0.7237795704096583,0.7651506389390862,0.7958145534511643,0.8272443635332621,0.8601960722862001,0.8868379442143656,0.9162798812360453,0.9400030731779709
PDMS,30,170,0.5694630332435575,0.7003130785288101,0.7644338499381459,0.8110663357719486,0.8431929346499913,0.872809077895222,0.9030120742652279,0.9343628868158899,0.9626459569840049,0.992654297465221
PDMS,30,175,0.5940923362135283,0.724955388185425,0.8006886283914307,0.852597633542632,0.8826868907150889,0.918725385395682,0.9429402412348262,0.9700039013172373,1.002042874590656,1.0264172261534634
PDMS,30,180,0.621666058421377,0.7540342463220819,0.8352130223815634,0.8880739539391944,0.92854522698001,0.9592690285018879,0.9938173386139196,1.0219561817595697,1.0540275191257167,1.0825972932920684
PDMS,30,185,0.6473060929920545,0.8022596891389784,0.8820472720258887,0.9322136461579884,0.9695493009864004,1.014940179046143,1.038289065921118,1.0758969619901877,1.1137662260765004,1.1462825870016686
PDMS,30,190,0.6652574792006387,0.8172931066163354,0.9254030051303521,0.9915019349758044,1.0262540484755058,1.062969335563277,1.0954256574606822,1.1252715821184704,1.1541388052658317,1.1850580256259562
PDMS,30,195,0.6929644045112033,0.8690948786772539,0.9549799830887571,1.0100352392710203,1.059752136307447,1.1037293379149957,1.1447043965960881,1.1754861690003766,1.2107613896137825,1.2381107999757164
PDMS,30,200,0.7276425220780589,0.8963655526412173,0.9991916168825865,1.0510718093243716,1.1051036489610613,1.1480879103527388,1.1774649518608467,1.2094552396741205,1.243096654117977,1.2691292377089458
PDMS,30,205,0.757851452229126,0.9368363092631842,1.034172738201157,1.101411044152186,1.1403842970302647,1.1865640664709474,1.2159161678275998,1.2583615737357399,1.299314298795459,1.3293707252016649
PDMS,30,210,0.7790367863200957,0.9707792800618448,1.06352258726301,1.1172531390327574,1.1773575421675966,1.2250239457906797,1.260676872230808,1.3011410329958828,1.3262239354328753,1.3513660190585357
PDMS,30,215,0.8099930962837296,1.016363817602449,1.1155147161888013,1.1839048122479423,1.2420913859918274,1.2837389339792376,1.3165398619980218,1.349700443241738,1.3803877894576286,1.4203466112487875
PDMS,30,220,0.8280160315451542,1.034171021942033,1.1424564898334733,1.220855423104786,1.2748693234445434,1.3218206813114333,1.354680917861327,1.3845625150758474,1.4212899931823313,1.4541267409638627
PDMS,30,225,0.8660657410405725,1.0807663206043567,1.1949580491843481,1.2639548483715373,1.3182534313336742,1.3633278853627928,1.3947300656857704,1.4244613517528062,1.4667179175337643,1.5002300390806682
PDMS,30,230,0.8860905527211766,1.1091004326275566,1.212676953211456,1.2845240849128878,1.3470912228013423,1.395036353846168,1.4233038122260613,1.4591450075147552,1.4930504600435435,1.5237717096641872
PDMS,30,235,0.9207907969508197,1.1546366925149123,1.2871689854057033,1.3581844780564425,1.4121024057835583,1.4647381436545455,1.5080129875045896,1.5393730687508576,1.55754528890512,1.5899943318988992
PDMS,30,240,0.943958880478923,1.1689138704030742,1.2972936339675463,1.3733335573653318,1.4337430508886115,1.4885445971176874,1.530446861978344,1.5593316200023426,1.5945932704592267,1.6243844670494283
PDMS,30,245,0.9754818886088372,1.2169389982661052,1.341851054529646,1.4138852815511227,1.4743699417624285,1.5216083865448256,1.562110481204979,1.5993743664402191,1.640450935593408,1.6682370784172647
PDMS,30,250,1.0054418141185169,1.264281923498832,1.3857014814570605,1.4631784958103637,1.523933511161223,1.5773767989395135,1.6145732667060457,1.6486244916345396,1.6834721479818042,1.6961457454182802
PDMS,30,255,1.0297483247455477,1.2952768278875142,1.4207789912265896,1.5238568657558977,1.5857596278425716,1.625872818888908,1.6666757075447785,1.7013114237794835,1.724068394195261,1.7568649689922045
PDMS,30,260,1.0735255886609116,1.359395511833752,1.5019206890361165,1.5820043679711178,1.6489728233090357,1.6906190763243316,1.7115937429563612,1.7440437771326516,1.767086467429042,1.7862236262806963
PDMS,30,265,1.1014898085915559,1.3844439568491826,1.516225442207594,1.5862363224015985,1.645807206462465,1.7006235917528891,1.7452522862178803,1.7816741814888701,1.810285332978396,1.833315398254263
PDMS,30,270,1.1219907996060634,1.404578501700023,1.5332205100924883,1.616390543426741,1.6933362923767152,1.7393254149340893,1.7740201094092622,1.7997052644588893,1.841752764066305,1.8624776445327966
PDMS,30,275,1.1555557194172636,1.4543077807873328,1.5983217950509914,1.683426811073383,1.7425345655272317,1.7842178898022367,1.8188988869363178,1.860151740125837,1.8756548782595863,1.8961482365388977
PDMS,30,280,1.189049479938259,1.4992605734203364,1.651636698081278,1.7391038736568363,1.788279821210623,1.8258053925649507,1.8569331665927002,1.8865476676381274,1.908271224949596,1.9506949245362986
PDMS,30,285,1.2138563022111808,1.5438597310812932,1.6790682895733613,1.7711005075762298,1.821909932356574,1.8756332566461502,1.9196313536851115,1.9593687141261042,1.9824127578609887,2.0106548737362298
PDMS,30,290,1.2519692276772285,1.5827252020279223,1.7443930266426766,1.82835736281455,1.8938540708929767,1.926613738391956,1.9648376789130044,1.9952151208638935,2.0212948639225514,2.045308358427104
PDMS,30,295,1.2716798573714578,1.6002119831805417,1.7625790285899607,1.8686811363205629,1.9236200025017833,1.9620395624697573,1.9914531913804852,2.0162860803595803,2.057234170991694,2.0735176427311304
PDMS,30,300,1.3084343112211223,1.6575257256999105,1.840177681434675,1.9249041813081138,1.98601683376534,2.0139763789879526,2.0382475373146045,2.065792970527398,2.088468852829436,2.116741615666771
PDMS,30,305,1.333528063160267,1.7226733244479573,1.8830843060499198,1.960149525364351,2.0219812611308994,2.0686268391581013,2.0989884437055446,2.112979415648093,2.1450199959903613,2.1744666884862744
PDMS,100,100,0.2659056089860846,0.3011538529013326,0.3160826613691222,0.326368574987665,0.3339737437496898,0.3435326232863658,0.35096302552258457,0.3575942280568706,0.3635070490079468,0.3710788240695062
PDMS,100,105,0.2849103531203937,0.32428046178640124,0.33969712677050423,0.35289607523039107,0.36586891451940134,0.37421345806788725,0.38308087049001105,0.3908202215240468,0.39705196112486896,0.40483229090707606
PDMS,100,110,0.3020882787711834,0.34675134583507916,0.3634347323773675,0.37759711808317975,0.38724894780499886,0.3991649296174481,0.40836877913529995,0.42005489132545526,0.43059623535874014,0.4410598333871073
PDMS,100,115,0.3192851587446387,0.3711816923157211,0.39202093992296255,0.4102637974902009,0.4219765285379576,0.4335565236450867,0.4469348337398234,0.4570371554670717,0.4695352564548017,0.4801229184240249
PDMS,100,120,0.3396584100756476,0.39606808696305473,0.42366212047151797,0.44158169275351683,0.4610214930087249,0.4797795058471951,0.49188780341098226,0.5034584306500205,0.5130697756625661,0.5223652269300076
PDMS,100,125,0.3578901579722496,0.4233900798211681,0.4528840099037426,0.4755276793534663,0.49432488257304985,0.5094820969478919,0.5220855047628997,0.5350072844611736,0.5459438805918311,0.5606427217526494
PDMS,100,130,0.3754761088408961,0.44400232905366616,0.47440166791442523,0.4987443200695322,0.5211666037731673,0.5422276866704974,0.5574048478848131,0.5739875663203413,0.5863375282298802,0.5991712366678421
PDMS,100,135,0.39858478816812487,0.4699364518473109,0.5016100292980401,0.5313793503393505,0.5552514775094585,0.5752680430613767,0.5959346267535293,0.615513955939338,0.6304684360308361,0.6406122969841099
PDMS,100,140,0.41862682902383713,0.49847423150884235,0.5381594440212103,0.5663757704444375,0.5909418293385813,0.6160282289350522,0.6355030541917737,0.6576260221010138,0.6720465604623322,0.687927893175637
PDMS,100,145,0.43690301393344005,0.5242911433746047,0.5668916247854321,0.6003416683312418,0.6296225135976365,0.6572382742285849,0.6789213459640859,0.697181567583774,0.7141878335502982,0.7309305224572692
PDMS,100,150,0.45964157577020126,0.556315308074612,0.603506552906454,0.6355204331846023,0.66410005773697,0.6924594691318658,0.7182740988131202,0.7412771350169981,0.7633154981356174,0.7818597809328385
PDMS,100,155,0.48195240271000844,0.5847189031485077,0.6401871212496197,0.6820411420691765,0.714791005533866,0.7456350112603979,0.771188170071674,0.7910537395504728,0.8143273338761423,0.833266221169844
PDMS,100,160,0.5037708959729075,0.6156129400103549,0.6688593754079044,0.711765997291369,0.7498844765570668,0.7818221988828189,0.8091335269169854,0.8319230130967942,0.8535967520132562,0.8751721891056965
PDMS,100,165,0.52946108859722,0.6438413160302093,0.7023065363049913,0.7503780678881306,0.7955436305592338,0.8310690394366718,0.85875823011704,0.8833768289464355,0.906303166704058,0.9301601924209321
PDMS,100,170,0.5512070673355147,0.6724582733987867,0.7417654515505111,0.7907306779119084,0.8344104410820992,0.8641331382767472,0.8954766760434781,0.9232418803387356,0.9472601993897045,0.9718193884712301
PDMS,100,175,0.5754739630154966,0.7077581469723204,0.78177236307288,0.8356026757261461,0.8797727916766469,0.9167692837018496,0.9488340182465093,0.9741766597325426,0.9925054532940674,1.0193234642256876
PDMS,100,180,0.5995037418222369,0.7381434091797833,0.8050656061887207,0.8613427531416555,0.9061061012321552,0.9451585895790151,0.9798594916304986,1.0082575551660746,1.036526629312483,1.0637388754466985
PDMS,100,185,0.6307735286675972,0.7782277462003753,0.8564422596215172,0.9175837449344328,0.9716754051028353,1.0105966833516598,1.043082282902106,1.0737752399919187,1.1032519466829394,1.1252069870818104
PDMS,100,190,0.6560137358331517,0.8148051838497418,0.8990009414022453,0.9593925149127271,1.0096779697784257,1.0532651549319743,1.0941620371646024,1.1295758874397916,1.1587945815524312,1.1827085008183391
PDMS,100,195,0.6722661545982218,0.84171655149643,0.9333611801273456,1.000232226696648,1.0498804581479384,1.0869360874585863,1.1227093549324714,1.1589775723292512,1.1863259666664259,1.2119225054360379
PDMS,100,200,0.7040635209466108,0.8802178442730378,0.9761067274179964,1.0411110945263595,1.098668466296787,1.1443211483471913,1.1797390809482793,1.2187368387632733,1.247401348622783,1.2702804873021054
PDMS,100,205,0.7335634231366726,0.9166655118746931,1.006993241221412,1.0755832582546925,1.132053803034244,1.1827325747717388,1.2240848342544612,1.2560706982775822,1.2878291907335266,1.3135277507282415
PDMS,100,210,0.7561332972136936,0.9517670988161828,1.0533755059775767,1.1292844119428327,1.1910857147390674,1.243184878024991,1.278104756463889,1.3121336219024633,1.3460010243753682,1.371776311150665
PDMS,100,215,0.7879776436684832,0.9863928084844659,1.090185726505236,1.1608483010153372,1.223093942193546,1.275780897566617,1.3154873335843764,1.3455573665961407,1.3740920218879835,1.3959083799065612
PDMS,100,220,0.814838120122784,1.0204933504074907,1.1305774646243232,1.208395404667256,1.2657869105280872,1.3199817125623206,1.36240924290896,1.3958152893113858,1.4252636618053034,1.4501019814492988
PDMS,100,225,0.8445532846121055,1.0604773257438875,1.1789227306107999,1.2627080231551981,1.319633964076699,1.3667939362083987,1.40361138504194,1.4383968808014211,1.472262978662749,1.4976046442331858
PDMS,100,230,0.8681646744892909,1.0990487131139668,1.2296298276963398,1.3140976593209563,1.3816831057356629,1.4249939700851815,1.4675982412824928,1.5032996239837324,1.5287243621526343,1.5566137248749217
PDMS,100,235,0.8940015020352874,1.1258902325064666,1.2549302628886752,1.3428726513280176,1.4074512541267599,1.455460695812072,1.5036060963277766,1.5424631305203138,1.5684196887249289,1.5912374641558515
PDMS,100,240,0.9278363901161167,1.1738700239354622,1.2971630799526679,1.3870288729486346,1.4549123019302415,1.5064645827709007,1.5503379991784534,1.5829996920464344,1.6043415681863333,1.632724595850948
PDMS,100,245,0.9524685604298313,1.2076323157075421,1.337517472121554,1.419676982059338,1.4840326926774907,1.5395245251400727,1.5837720505489203,1.6161242213820806,1.64457396910964,1.6705528563833763
PDMS,100,250,0.9775818138401654,1.2430335133741672,1.3822422599952358,1.466694478380981,1.5245990371989453,1.5676149880511674,1.6103175870726876,1.6561076910866928,1.685983286801711,1.7043792599170704
PDMS,100,255,1.0158822564052028,1.2810429723372108,1.4171979198646996,1.5100595455631365,1.5760239013801178,1.6299981443673324,1.6725284143438173,1.7004676706225532,1.7295278376313337,1.7501729169603812
PDMS,100,260,1.0362579900450486,1.3260553162793134,1.46625526300955,1.5499049540758374,1.610996571033872,1.6709776305676656,1.712412336127656,1.7443063702066783,1.7654960850925092,1.7959435593813797
PDMS,100,265,1.0684943097477946,1.3470955135199385,1.4889878354266721,1.5769562723642787,1.6438088758473437,1.6951991931210781,1.7434077817587217,1.7771055488468808,1.8029287972116184,1.8319731661228684
PDMS,100,270,1.0958294727968183,1.3875010517897064,1.5358098278875303,1.6264468776586898,1.6894931605575305,1.7398646895728203,1.7749646348063088,1.8032786617262968,1.8317830776017292,1.8611249703385249
PDMS,100,275,1.126236530146929,1.421195762640174,1.5834760242568988,1.6709454894546418,1.7400019977212362,1.7946836944893998,1.8413431458267255,1.8813061824955848,1.904004765186772,1.9192446017650913
PDMS,100,280,1.1539140538734216,1.4682287554567823,1.6247780088488206,1.712421362266569,1.7781345513730364,1.8415662753519502,1.8788534419369927,1.9094497203768406,1.9317893267695276,1.9488022636774922
PDMS,100,285,1.1874195042591507,1.5096648486028472,1.6658816259537061,1.7552569497247308,1.816616883057748,1.8582660967966518,1.8963831572675307,1.933286178981339,1.9627710088673962,1.9905437232052812
PDMS,100,290,1.2146047090414904,1.544753510886384,1.7081478576820786,1.80912301717686,1.8677081121683803,1.917579715906125,1.9516001642592038,1.983979443543967,1.9976112414288274,2.0181145584269844
PDMS,100,295,1.2403876206565172,1.5823266917882375,1.740048780597321,1.8297499939846862,1.902964368916745,1.954819391839214,1.9861944062489556,2.023223155684314,2.0381821814812064,2.0527375758820754
PDMS,100,300,1.277694081499766,1.6281533538939599,1.7914109957339481,1.8855269199365399,1.9480603209032452,2.002297723011445,2.0372436467691655,2.0663196213269766,2.0881560375457435,2.1106232154899027
PDMS,100,305,1.3142736475994803,1.666081785133923,1.8361062815815081,1.940912805337821,2.0078105993225517,2.0489771617428034,2.0844843320994526,2.109085905823688,2.124707321969364,2.1360933666757
PMTFPS,10,100,0.22398627731177867,0.23537144017239062,0.23520822877092043,0.23804400973572087,0.2459317568250992,0.25133757664651946,0.2538200642913152,0.2635695559035984,0.26490513873967125,0.27001483849562324
PMTFPS,10,105,0.2369799316636519,0.25184816774806135,0.25571145870752743,0.2658163783484201,0.27099712513734325,0.27787467116826386,0.2829832447888692,0.29291378793456097,0.29788850663499156,0.3043145209411126
PMTFPS,10,110,0.2526661180263547,0.2706737823118318,0.2787328650567195,0.28531285500112624,0.28764144303929773,0.29561424712363965,0.30487913605647166,0.3145290010657035,0.322674683098547,0.3306479223635187
PMTFPS,10,115,0.26902888582503454,0.29116735100240665,0.30394909201215425,0.307143841650415,0.3113681850457002,0.31928193256415294,0.3282507976399169,0.33962869111138083,0.3534198737689023,0.35800501975106425
PMTFPS,10,120,0.27917006949947165,0.30416385933574147,0.312733698964339,0.3251483883131318,0.33221238884925436,0.33604806943409504,0.3497836623685287,0.3593839687507015,0.3743847796273969,0.3797469037106375
PMTFPS,10,125,0.29870242679441666,0.3293246226678813,0.3393419380731174,0.3443777620153051,0.34980410692329117,0.3651297883893065,0.3769965955112473,0.38955616432779694,0.3991666451453956,0.4039911739454866
PMTFPS,10,130,0.30654095201780707,0.34122812843636807,0.35508177383506256,0.36100174808461427,0.373156301713806,0.38305282653148387,0.3893868935805379,0.4050467820939194,0.4147580652369268,0.4263169186801098
PMTFPS,10,135,0.3285880793132967,0.3704099339393355,0.3775452917427817,0.3922545559692736,0.40458943011932125,0.4196977082198289,0.42924922763690593,0.4366820113082043,0.45514060192244593,0.47135504804845463
PMTFPS,10,140,0.34417461406327005,0.39040271039888097,0.41509250633563155,0.4322251536314184,0.44236449017082524,0.45120218237578635,0.45775334982772337,0.47857771204532024,0.49736899753167724,0.5172374956625189
PMTFPS,10,145,0.35428244321350877,0.40056804585004746,0.4180617204656912,0.4340277050724299,0.4474880097203043,0.46141134140746426,0.4772016269417788,0.48993112546172923,0.5064453028840608,0.5234863710792387
PMTFPS,10,150,0.3743159090920455,0.4259515357474145,0.44942341194266755,0.47271095509739264,0.49458915559142175,0.5025994054138143,0.5163217521931367,0.5332536367995595,0.5429493242005033,0.5592177894579327
PMTFPS,10,155,0.39609422703105385,0.4459947548772754,0.4748148324734444,0.504116523279231,0.5185829667687429,0.5325264374511423,0.5505195170319233,0.572372168303741,0.5861768277582731,0.5948139687806114
PMTFPS,10,160,0.42246893959547177,0.4858159687994704,0.5160606152334319,0.542590524431069,0.5581378742520726,0.5765658783096298,0.5941704988239687,0.6160283898308592,0.6388505709350873,0.6558219409646888
PMTFPS,10,165,0.4279670880432801,0.5097325531294554,0.5403034183589992,0.5664087747462648,0.581691980803743,0.6016248956287987,0.6272697038930637,0.6461301971122843,0.6692939592710403,0.6872969056725903
PMTFPS,10,170,0.45244196311702717,0.5337839243733102,0.565726877685188,0.5936010127220465,0.6116987152762342,0.6390138844911478,0.6722264224277845,0.6881527964269158,0.7120699966946258,0.7335926098003197
PMTFPS,10,175,0.47561432309972995,0.5608794354628693,0.6072070497182681,0.6320367835657235,0.6611568907433674,0.6876643832336266,0.7084293796811049,0.7313689657142006,0.7612808575225226,0.785190130627779
PMTFPS,10,180,0.49665499567804067,0.5875612900953826,0.6317140959009216,0.6620702824370069,0.6923063066592804,0.7196347845704875,0.7513725556059508,0.7781665410558058,0.803908569315458,0.8272662611628245
PMTFPS,10,185,0.5166168841826095,0.6181738956707268,0.6694619692915166,0.7082997569228453,0.726198675635976,0.7558389008235562,0.7824304825501887,0.817593793330375,0.8427184294684829,0.8686072729440653
PMTFPS,10,190,0.543740730139351,0.6445512810623983,0.6872809099708462,0.735945065888316,0.7697536903879756,0.7969328970817982,0.8197025051395048,0.8474422796490462,0.8745435747970538,0.9000892110904795
PMTFPS,10,195,0.5560026595700613,0.6761118990866826,0.7309788456087183,0.7806032486977857,0.8142617176417686,0.848127022985907,0.882224393498654,0.9132698694838179,0.9375838930940714,0.9622287948362518
PMTFPS,10,200,0.5782781326748424,0.6944997951336467,0.7539089067405615,0.7935528787361049,0.8308484274299556,0.8782039456650985,0.9126463048038879,0.9379741458339221,0.9605470707666575,0.9923962573357287
PMTFPS,10,205,0.5951055237651002,0.7238196103027624,0.7901767039776171,0.8384102134189068,0.8748047701146042,0.9216588851524457,0.9503470088145589,0.989403848514773,1.0153483498722338,1.044519584795127
PMTFPS,10,210,0.6197583938948213,0.7669616076265691,0.8333885369207289,0.8868907127869742,0.9263752778641272,0.96936986816195,1.0170058934046529,1.0387928449231927,1.0705292914415252,1.0986314436775813
PMTFPS,10,215,0.6340984783208962,0.7815613993840089,0.8543340499295828,0.9154224582808312,0.9410987767605038,0.9749394786980371,1.0100266171074916,1.050719885404051,1.0795345129271556,1.103243031865474
PMTFPS,10,220,0.6684985751756056,0.8254949743345541,0.8923199206753585,0.940859380345991,1.0080336686204436,1.05898541449802,1.094943750444965,1.140689612066879,1.1692003906966424,1.185219450698905
PMTFPS,10,225,0.6899728476436979,0.8419657557760786,0.9293518833788795,0.9888955530068214,1.0441178968845433,1.0889236295896136,1.1310028474605365,1.1713721107124937,1.210109023186549,1.2481146885408416
PMTFPS,10,230,0.7114166381027947,0.8882093849762132,0.9730554616859932,1.0334541183078065,1.084553736533866,1.122925441737848,1.161929718974403,1.2000467828906294,1.2447219593109404,1.2799514682318838
PMTFPS,10,235,0.7437611667546069,0.9304527206997149,1.0273959669820996,1.091225208297145,1.1530523633841474,1.1973938342037653,1.235888463342853,1.2790070539039857,1.3319895871886465,1.353936716104735
PMTFPS,10,240,0.7459123835162658,0.936537319154197,1.0314669252940396,1.1030466852096115,1.1524590917882254,1.209290409754471,1.2485016035578453,1.2956866256136625,1.339291485335396,1.3762524661378506
PMTFPS,10,245,0.7790886998290282,0.9803397176883604,1.085284262850712,1.1604082851159143,1.2153951493747674,1.272872825003322,1.315473570198588,1.3476187215715936,1.394949275927122,1.4397653839403342
PMTFPS,10,250,0.8017149349217014,1.0033945530087918,1.0883711248906285,1.1762022016627736,1.234123978309053,1.279052501967192,1.329204499177843,1.383641783518121,1.4430140453610347,1.4902014891846935
PMTFPS,10,255,0.8273096069907627,1.0455509881338634,1.1471725359869365,1.2291753191249173,1.3050406787783122,1.364149558064651,1.41988543501876,1.4569579794343723,1.4940554538712196,1.5341783875212058
PMTFPS,10,260,0.8511385005653036,1.0948996006058072,1.2059284421757646,1.2862323265231133,1.3509310871790385,1.417304903094172,1.458643564695262,1.4963171275933815,1.5503157469359352,1.5851652725238323
PMTFPS,10,265,0.8732061741323374,1.1193083713206087,1.2369018129422134,1.3132112035621333,1.3938987268231247,1.4728870729786434,1.5225149573441858,1.582219535818547,1.6142796493339628,1.645910896487901
PMTFPS,10,270,0.9114138895973272,1.1756547020298107,1.3025983724938666,1.4018836653752536,1.4738436356451055,1.5174537791004385,1.5696225790011473,1.6301703985331968,1.6540197776066634,1.6925102745359897
PMTFPS,10,275,0.9155755356476611,1.1691503772448675,1.3077838789917506,1.4147349926224144,1.5061955146916515,1.5735909052224522,1.61668340655272,1.6493253036285136,1.7072417603954064,1.742291588985576
PMTFPS,10,280,0.9464410523763187,1.2224055138833916,1.359278232982761,1.4583332152486863,1.5412503515772042,1.6027480175228905,1.666314056004706,1.703369923903534,1.7498894604902528,1.7942475419625006
PMTFPS,10,285,0.9731254049044242,1.243391472806403,1.389812123798998,1.50042460598195,1.5852520989925782,1.6492911089355515,1.6886878199355397,1.7358429277996303,1.7844250960716572,1.8311808531981963
PMTFPS,10,290,0.9920297871735663,1.2859629642426846,1.434866630853716,1.5343592892806233,1.6239465618821434,1.6901888440359383,1.744693690945876,1.8049491305831964,1.8506279185846406,1.8943857835180484
PMTFPS,10,295,1.025070372317102,1.327086597916639,1.4822529521625643,1.581588561960794,1.6621864357100624,1.732435185131454,1.7982561326324276,1.8522915403236602,1.903465861346454,1.9396027867679055
PMTFPS,10,300,1.0476090319870683,1.3593721323433978,1.5235049214376475,1.6400744724402898,1.72942619229172,1.7764111737711197,1.8457178236900926,1.8916559002613744,1.9447832803433236,1.9865940307569694
PMTFPS,10,305,1.0789243250694902,1.404358986242677,1.5656134088737221,1.6604360136424074,1.7559915076628585,1.8271733057857955,1.886048468175155,1.9401880096811677,1.994346984736082,2.0309270483040827
PMTFPS,30,100,0.22291061029810905,0.23706773221729444,0.24502022233574056,0.2512789206375832,0.2565636427591639,0.26076757523117094,0.26398582631105993,0.267409782484905,0.2745738281337985,0.2804995080050948
PMTFPS,30,105,0.2368810511893978,0.25232482058262534,0.25998778010233853,0.26656827458283516,0.2734591599301553,0.28068164483604463,0.2824165547494406,0.28734311158731496,0.2936919612162824,0.2992292135596234
PMTFPS,30,110,0.2513515220941329,0.27329206903677894,0.27916299389699517,0.28729048358935677,0.29863812382685473,0.3025952447285437,0.30578226399675434,0.30986358398350544,0.3169397364106231,0.3237135210960241
PMTFPS,30,115,0.2668980111024369,0.2920765320040911,0.30100796899902305,0.3090329271241933,0.31471443721043835,0.3237395358131713,0.332816730478951,0.34224984826301574,0.34819347931886985,0.35289604929365564
PMTFPS,30,120,0.2838191317426573,0.30842793610290087,0.3210210097418823,0.3316357179642008,0.33847452341821266,0.3474881697870612,0.3580964901869816,0.3659191595167081,0.3717036380945883,0.3799710525463701
PMTFPS,30,125,0.2980806050419551,0.3254606971879117,0.33784377211374983,0.35006648586071165,0.36092325655660285,0.3702702738677533,0.3822982097119404,0.3912559204322289,0.39852006493757697,0.40682086584760213
PMTFPS,30,130,0.3110192933286108,0.34437847885976014,0.3579093150229263,0.37340187903346816,0.38437123763602987,0.3946506461979547,0.40778595876661494,0.41650524628664043,0.4249086442262692,0.4342955016125135
PMTFPS,30,135,0.3292745688889664,0.36548704816313105,0.37931489186160533,0.39327725173671235,0.41232641377622753,0.42623965245659623,0.4375584146877237,0.44650678404716154,0.4568596932563385,0.46596993205695164
PMTFPS,30,140,0.34809509261670757,0.3930296885781034,0.4099587207029322,0.4237679806347914,0.4412896766349673,0.455830184843542,0.4672101017723138,0.4722796322541858,0.4808215523389099,0.49671279787939737
PMTFPS,30,145,0.36317366855308697,0.41310995931478567,0.4326004604146349,0.4516490633260739,0.46780429399884627,0.4853311818639801,0.4998219615791221,0.511405383448279,0.5221059655103585,0.5330423173724304
PMTFPS,30,150,0.380045940300498,0.43138432401363913,0.4538685046795846,0.47449019035463474,0.49113084134911345,0.5106918688844991,0.5216767059482009,0.5381800984733768,0.549154664278298,0.5638086570410834
PMTFPS,30,155,0.4011582612098441,0.450967419771763,0.48094290288545993,0.5086646225709084,0.5310892105406347,0.5477734397550936,0.5597223682559036,0.5730095324989808,0.588469465075154,0.6022268740480554
PMTFPS,30,160,0.4211388954025619,0.4847856421850242,0.5117932950793099,0.5391346883038205,0.561502831622808,0.5814869775886465,0.6009748982352289,0.6179691319413483,0.6385722574416854,0.6563108286163216
PMTFPS,30,165,0.4358124294894564,0.502285348196551,0.5370438358504123,0.5672769292304187,0.5895101411216962,0.6076156133178989,0.6285201214041071,0.6443436041824931,0.6614901687420961,0.6809840013715391
PMTFPS,30,170,0.4549139741410514,0.5286335127800605,0.5650129836898679,0.6013548958613726,0.6258748213831734,0.6505190836712733,0.6706933203477632,0.692061062826387,0.7080678475242408,0.7249623238648848
PMTFPS,30,175,0.4758365668575921,0.561739885360671,0.6027022979391091,0.6344667780369377,0.6648101826873095,0.6924598633172264,0.7141570135190125,0.7303744490275348,0.7482238932589466,0.7686464793122018
PMTFPS,30,180,0.4988787771429527,0.5846290039962874,0.6324756951455842,0.6771658147116175,0.7123946820695244,0.7349270124179264,0.7509424037618329,0.7781292384002343,0.797668077521507,0.8118775005132532
PMTFPS,30,185,0.5119087341582875,0.6108312664365585,0.6645584333403156,0.708200877921265,0.7407059002246069,0.7685715324944903,0.794332148535922,0.8179496972481364,0.8390461759503213,0.8578536839520666
PMTFPS,30,190,0.537179634320142,0.6451289264821956,0.6941525224907936,0.7348090093391271,0.7757302832521027,0.8074811238246344,0.8302968647074414,0.8595075037226536,0.8885794036981401,0.9140836706566995
PMTFPS,30,195,0.5631385864086532,0.6701926983995896,0.7241237596575918,0.7724429410742307,0.8161446722023372,0.8524969238518241,0.883371868109518,0.9106819475818811,0.9347567975392714,0.95218303481143
PMTFPS,30,200,0.5794470409830453,0.7041157845635582,0.7667291133380273,0.8169850104344893,0.8562635283930158,0.8924375107713282,0.9254753889737378,0.9569966789472343,0.9850660692971743,1.0078350654635173
PMTFPS,30,205,0.6076332886168536,0.7319691525915083,0.799566970991063,0.8568784761404812,0.9036510851498953,0.9499871334269268,0.9805875189520593,1.0058059472807093,1.038463970761884,1.0637496869166416
PMTFPS,30,210,0.625547784000734,0.7604099169412932,0.8283217692802772,0.8820113370210881,0.9305858334689953,0.9716400310016781,1.0129941352621565,1.0474454180215615,1.0815880476665976,1.1113230852696134
PMTFPS,30,215,0.6532346987723221,0.7948254144079918,0.8720430915437662,0.9340809835316909,0.9849640798588182,1.0295915225299503,1.0648727767317494,1.0958291258206525,1.1303867273301893,1.1578481309396598
PMTFPS,30,220,0.6770240086713368,0.8290584684455167,0.9153244450536778,0.9811639820254238,1.0330174669440493,1.078631664860065,1.1113241359494885,1.141780409669462,1.1784781401922686,1.2093456996829761
PMTFPS,30,225,0.6933523130627,0.8653012820817481,0.9580639330841961,1.0269641475949447,1.0838999210148255,1.128549497326108,1.1711753040012414,1.2066716765120613,1.2445424350139678,1.2772069422460768
PMTFPS,30,230,0.7234666565710167,0.9002283322537773,0.9959785759044151,1.0751017627800123,1.1314713669863006,1.1789278488712034,1.2184925845167485,1.2594057616970615,1.2931411412678433,1.3275447409074803
PMTFPS,30,235,0.7459589693378968,0.9384633604439847,1.0303682331639537,1.1120953505602302,1.178103307706623,1.2372960518487557,1.2788091395500272,1.3194330081331547,1.3483902597070245,1.3796307334875944
PMTFPS,30,240,0.7679602274520185,0.967537883879154,1.076671902656054,1.155350628589448,1.2136752232924621,1.2661028614944245,1.3168878527057326,1.363603548211981,1.3970797734386573,1.4302391635411316
PMTFPS,30,245,0.7904633794221043,0.991327146401875,1.0935285371035255,1.175494983587188,1.2508048555259452,1.3076527086046585,1.35553024917365,1.408664977879766,1.4426561882691622,1.4723350527853154
PMTFPS,30,250,0.8139949434193385,1.0380968033687366,1.1610009428813792,1.2397074875934075,1.3061568239922796,1.3681080251396138,1.4268330735836812,1.4610221863025443,1.5025300694104113,1.5395708176957565
PMTFPS,30,255,0.8498584074094626,1.081394317851861,1.1976647311893611,1.2915933681323355,1.3680913608439622,1.4309412064724991,1.4883728494716195,1.5387255186625608,1.5834473218023994,1.6251882801283652
PMTFPS,30,260,0.8719607350420218,1.1049333008147393,1.2302609692254711,1.337236163705689,1.417949509660543,1.4796758176646836,1.5207560564635183,1.5695055455810747,1.6158047147426917,1.6538294819367494
PMTFPS,30,265,0.9007966932509761,1.1532242206293106,1.2954427622320606,1.4007554322651654,1.4834882438129409,1.552254260528097,1.6120156421834686,1.6555164253364025,1.6957910263680342,1.7232632934480723
PMTFPS,30,270,0.9236733299094692,1.1906317891027571,1.3195709657347436,1.4148817788113914,1.5018546944268458,1.5585952082851997,1.6282184666387534,1.683349154614929,1.7356996889768372,1.7716098413379378
PMTFPS,30,275,0.9509397857686883,1.226884534656826,1.3807499170219573,1.4899593856532718,1.5740821186096359,1.6534875523057149,1.715608422327509,1.7624720669637033,1.8087475057479463,1.8527444633596197
PMTFPS,30,280,0.9777592149587722,1.266380968319209,1.4243565619488396,1.5203921092981887,1.613732473760083,1.6775120027590031,1.7422850918818695,1.7999656665206973,1.849748384729263,1.8859345902675078
PMTFPS,30,285,1.0062830906300182,1.30872503708259,1.4582244155674,1.5653691018275402,1.655928362877449,1.7422273619590978,1.8030522614165225,1.8589486887278006,1.9056501900281617,1.9433328897852244
PMTFPS,30,290,1.0327641833100838,1.349818333941958,1.5090124528457554,1.621976461334285,1.714024462777709,1.786079588299685,1.8594524806944999,1.9161112327436183,1.9649778665821191,2.00567692769841
PMTFPS,30,295,1.0568002224214192,1.368666763513399,1.5455418036007482,1.678016893840238,1.7692481779442217,1.8473640370174025,1.9165131699667088,1.984037462968868,2.0326317572623127,2.0727986595143966
PMTFPS,30,300,1.0845680456736244,1.4210178964231157,1.607345732144098,1.7310092679674862,1.8369212345080193,1.9148218658912526,1.978380083285628,2.0351840374114634,2.0964710531538358,2.139313274530592
PMTFPS,30,305,1.1181853292521582,1.4644916152244765,1.6480580453187148,1.7783956953640359,1.8894544805149138,1.9703673075111976,2.036148691749747,2.0919767270075185,2.1470399168616803,2.1995464284490707
PMTFPS,100,100,0.2224424314522603,0.23788633809315912,0.24388442840609578,0.25065502186058974,0.2560313718574999,0.2612541287902504,0.2653975047297399,0.26978288534686445,0.2721682352123188,0.2764351140156591
PMTFPS,100,105,0.23616957880404307,0.25108433574937616,0.2575590619920279,0.2667661915807167,0.27485459149210556,0.2804074036684172,0.28728228117551574,0.29186107199836575,0.2959561579103741,0.2985605582513673
PMTFPS,100,110,0.2505621088569165,0.2704740530301946,0.2780224237250392,0.28686252057798944,0.2949655146944881,0.3016410972090327,0.30745657877601423,0.3137009074723297,0.31902554649680964,0.3252630169728977
PMTFPS,100,115,0.26489689598037713,0.28919286299584107,0.2987308571856515,0.3089360999021359,0.3188799437650346,0.3271705181275525,0.3341992175064907,0.3401607891656623,0.34701211111848573,0.35275533456646646
PMTFPS,100,120,0.28046483132938965,0.3075743782827816,0.3177506513747824,0.3303498366793247,0.34109265937889577,0.35049906499229294,0.35918282246934224,0.3685456426823603,0.3733194230864216,0.37898275862298403
PMTFPS,100,125,0.297812410093422,0.3263119466076225,0.34013331578734485,0.3524280286232065,0.3642975672600694,0.3745901326046921,0.3856263310654563,0.3952798914610996,0.4027773587280207,0.4090143967161654
PMTFPS,100,130,0.3131636121108086,0.3491054440967376,0.3627490654134239,0.37735342775230424,0.3904103466331827,0.40234251653064834,0.41291190234427394,0.4222902324854491,0.43025633448020706,0.43907176849451607
PMTFPS,100,135,0.32923917535663183,0.36806329882312605,0.38433276862572996,0.3989405557499204,0.41563382473911475,0.4295874171500117,0.441528353212641,0.45248377136167994,0.46195554911697806,0.46991486446270414
PMTFPS,100,140,0.34628467145828257,0.39003557401239286,0.40966127573562233,0.42860445559465976,0.44593862543884766,0.4598035999544301,0.47228738260727593,0.48419211849915006,0.49220301415537504,0.502703638976627
PMTFPS,100,145,0.3640229267716329,0.4140093534476893,0.43758564022788143,0.4595615936787475,0.4801655710965691,0.49743619275521256,0.5120606711594251,0.5251942870518744,0.5362296309315042,0.5472826969563818
PMTFPS,100,150,0.3844193680003391,0.436240074071846,0.4603443208504336,0.4857043774416077,0.5066673478720144,0.5225517215769316,0.5391428515778941,0.5537904094908377,0.5664805927456109,0.5782698710856314
PMTFPS,100,155,0.3999990914363965,0.4580571351164485,0.48700044486646005,0.512430639418639,0.5345179056834904,0.5534909616335436,0.5699750742467075,0.5876356847655814,0.6022033650213274,0.6149573423873614
PMTFPS,100,160,0.4206544927362111,0.4880015331514726,0.5210042044661044,0.5487706934998668,0.5729129576334825,0.5953954360821774,0.6165038650141264,0.6318441863815235,0.6481082852833894,0.6640022122948404
PMTFPS,100,165,0.4378605961172613,0.5071756840905064,0.5410217718072194,0.5697640806344973,0.5965223730349117,0.6212583090162285,0.6404140959082009,0.6569613248772985,0.6770957114969952,0.6910233840678132
PMTFPS,100,170,0.46089094974355244,0.5407284786780358,0.5773485548002439,0.6090183353466133,0.6395558139660966,0.6649452568945882,0.686865474174473,0.7069155892611019,0.7285608280497147,0.7451434633984062
PMTFPS,100,175,0.47929334271884566,0.5631181855457011,0.6055446907663119,0.6418860518597775,0.6765543132659151,0.7027876685766087,0.7264786879053247,0.750932901404392,0.7697832237920342,0.7890248189188489
PMTFPS,100,180,0.5018793013068028,0.5929552197327805,0.6391828317296232,0.6788462537452662,0.7112044280381455,0.7397815790889811,0.7680852003841933,0.7908120211533596,0.8109524764824958,0.8323673658395041
PMTFPS,100,185,0.5220638555413043,0.6226612901939583,0.6751268422943038,0.7136965558043157,0.7498617110748745,0.7811951335327434,0.8098961051215147,0.837454920273407,0.858244799323888,0.8769529625846108
PMTFPS,100,190,0.5410757634684787,0.6498329959189376,0.7072799778875254,0.7528861361295812,0.7900059478407182,0.824664567017779,0.8543923838094697,0.883103973829968,0.9081431563354789,0.9328454528741856
PMTFPS,100,195,0.5632285671471127,0.6763166048826071,0.7394261475393191,0.7908162609413494,0.8314627665135624,0.8671465620402738,0.8996237822261628,0.9312104050591621,0.9585003316163221,0.9845582773171234
PMTFPS,100,200,0.5840062733894427,0.7077624131007009,0.7754716251020434,0.8271479990941533,0.8722856989893678,0.9147518645377956,0.9505835339351739,0.9810231649419616,1.0053530938482156,1.0327348820961242
PMTFPS,100,205,0.6108498593938723,0.7456272553186583,0.812870885730429,0.8689792686245852,0.9219443387036108,0.9595223506111743,0.9976413872357048,1.0311760129951069,1.0635885911148033,1.089631692993604
PMTFPS,100,210,0.630847010980522,0.7738736484613379,0.852761528485703,0.9148331648703669,0.9653119992447043,1.0093477736404546,1.0509136032235344,1.0866583384750572,1.1152573688307978,1.1440788434662565
PMTFPS,100,215,0.6546305111830164,0.8080429926635622,0.890421192342248,0.9500420038326902,1.0073722810688508,1.0561844943259182,1.0929598392282545,1.1311125630200665,1.1618819630815087,1.1887040853649535
PMTFPS,100,220,0.6797827508866564,0.841504652365192,0.9314388269178296,0.9980508224635039,1.0506362704578251,1.0988306606878422,1.1408225439324522,1.1818410385578726,1.219756785021392,1.2491494981379714
PMTFPS,100,225,0.7046906611220642,0.8758448033952744,0.9689074898551604,1.041049713507866,1.1071333637300418,1.1538259363171934,1.195582723338273,1.238762235041056,1.276712360447455,1.3102268682399334
PMTFPS,100,230,0.730683398291586,0.9107456842257828,1.007776900420329,1.087523151158384,1.1506732254534848,1.2114637824843766,1.2592120064773318,1.2998449039421662,1.333376723205518,1.369261300822262
PMTFPS,100,235,0.7525892057686847,0.9465303720235999,1.0537857528667818,1.1301316293328396,1.1992927222362335,1.253712727352422,1.298427230727303,1.3422346487037753,1.3794172673290697,1.4114051559125254
PMTFPS,100,240,0.773831594311077,0.973345824822089,1.0831923422178114,1.1686510114672164,1.2427372632282285,1.3036840518467279,1.3494599232750448,1.395022688599446,1.4329379154597153,1.4725044281937856
PMTFPS,100,245,0.8027753598388646,1.0169559103196586,1.1344288968389002,1.2251954330699255,1.2972993169648477,1.354771302443521,1.4130309587379541,1.462754796602545,1.5013525607876257,1.5404323246372091
PMTFPS,100,250,0.8302207818076581,1.0573703377134813,1.1767139268875266,1.2682407276947454,1.3458179310202827,1.4084473078375468,1.4651765061344517,1.512862282619491,1.556359207043403,1.5935548696590338
PMTFPS,100,255,0.8569520707663253,1.0990719004072538,1.2269232311403493,1.3240149962371723,1.4038312806236861,1.4661385643353464,1.5232123513140814,1.5744747141260769,1.6241545819985688,1.6615277433387863
PMTFPS,100,260,0.8813043312911091,1.13334890847366,1.2719891339887677,1.377664083081986,1.4589775672615095,1.5293979015992138,1.5914925890124063,1.6415003295942754,1.6887498795126148,1.7292346693095315
PMTFPS,100,265,0.9079531439684352,1.1636983364077853,1.3078506098004297,1.4214896552429261,1.5058479081940264,1.5778354065306608,1.640565679331989,1.6926011168374022,1.7355485488161413,1.7792119123417898
PMTFPS,100,270,0.9322546129766419,1.2052668599054828,1.3510300401927453,1.460530254260256,1.547237424835071,1.6181627310425406,1.6799694288063218,1.7402799895758267,1.7888107394697286,1.8364381984993898
PMTFPS,100,275,0.9623774990312561,1.2429292204060292,1.3901397709535133,1.500808264729586,1.5980583466199085,1.6776324323405145,1.736148758641043,1.7842383204904722,1.8359728722923176,1.8778416646395626
PMTFPS,100,280,0.9920129413283376,1.2890660705134758,1.4546145836101514,1.571761687411351,1.669596804568935,1.7442693982897954,1.8079739241275519,1.8665195679620468,1.9161369748462012,1.9573506788761221
PMTFPS,100,285,1.0162626434327957,1.3215530737909025,1.4897493275272347,1.6119868204809318,1.7123688940943353,1.7921522779058396,1.8664910588050798,1.9183802655486974,1.9648057552458937,2.0085425886762946
PMTFPS,100,290,1.0421017992466939,1.3621833557194094,1.545003704951863,1.6698936201557601,1.7644607787294373,1.841352951923246,1.9057453236769888,1.9688476956831908,2.0214368461160883,2.0735408923680247
PMTFPS,100,295,1.0744891017180096,1.4158472046860633,1.5994510532552104,1.7310996977357973,1.8393713436161352,1.9229900892834988,1.9931644608129115,2.0512827402404383,2.1062066674724105,2.1582386611309934
PMTFPS,100,300,1.0976940755803004,1.4445189431736192,1.6362964310701227,1.7745861346672807,1.8872686424227922,1.9751936549683624,2.0529283273984036,2.111707518312063,2.171082287986262,2.2093077641810352
PMTFPS,100,305,1.1258695722751577,1.4793290224457318,1.6768956467355651,1.8172428238568146,1.9213861509730392,2.0128959228429055,2.095413720411265,2.1635399955410493,2.219160096640862,2.2747663047936753
