DP,Z_requested,Z_realized_mean,Z_realized_sd,clamped
20,0.0,0.0157,0.0057,0
20,1.0,0.9817,0.0487,0
20,2.0,1.9302,0.0901,0
20,4.0,2.1,0.1059,1
20,8.0,2.1,0.1059,1
40,0.0,0.054,0.0258,0
40,1.0,0.8943,0.0916,0
40,2.0,1.9058,0.1785,0
40,4.0,3.9987,0.1541,1
40,8.0,3.9987,0.1541,1
80,0.0,0.0407,0.0283,0
80,1.0,1.0067,0.126,0
80,2.0,1.9952,0.1765,0
80,4.0,3.74,0.257,0
80,8.0,7.5285,0.1374,1
120,0.0,0.0248,0.0103,0
120,1.0,1.1998,0.1845,0
120,2.0,1.9342,0.1952,0
120,4.0,4.0605,0.1714,0
120,8.0,7.5212,0.2381,0
120,12.0,10.921,0.3312,1
