key,deposited_trial,n_nodes,multigraph,counts_equal_target,edges_on_sc_lattice,n_active,n_edges,n_components,giant_frac,lambda_2,cycle_rank,num_bridges,max_betweenness,csv_lambda_2,csv_cycle_rank,csv_num_bridges,csv_max_betweenness
10_0_26_75_43_53_9,6,216,True,True,True,206,384,1,1.0,0.2890192504562198,179,0,0.05131358197258092,0.2890192504562192,179,0,0.0513135819725809
10_13_50_46_13_69_15,354781,216,True,True,True,206,369,1,1.0,0.13556105454809264,164,19,0.055171532391370015,0.1355610545481034,164,19,0.05517153239137
10_14_31_40_49_48_24,0,216,True,True,True,206,388,1,1.0,0.21092410444949072,183,15,0.0579341292514765,0.2109241044494867,183,15,0.0579341292514765
10_14_38_49_33_37_35,1,216,True,True,True,206,382,1,1.0,0.25652527514591894,177,15,0.05671743377828689,0.2565252751459241,177,15,0.0567174337782868
10_15_23_72_21_73_2,11527,216,True,True,True,206,369,1,1.0,0.18916839975669783,164,16,0.06029826626062458,0.1891683997566787,164,16,0.0602982662606245
10_15_33_29_78_22_29,2,216,True,True,True,206,382,1,1.0,0.26050829942808557,177,15,0.05619896825831748,0.2605082994280854,177,15,0.0561989682583174
10_16_39_60_18_32_41,250,216,True,True,True,206,376,1,1.0,0.14241269214150615,171,19,0.07272235799678362,0.1424126921414965,171,19,0.0727223579967836
10_16_39_63_27_21_40,0,216,True,True,True,206,368,1,1.0,0.20643943765824901,163,17,0.05885592492773223,0.2064394376582475,163,17,0.0588559249277322
10_17_39_36_48_31_35,2,216,True,True,True,206,380,1,1.0,0.19429178778808143,175,18,0.0681875890699718,0.1942917877880812,175,18,0.0681875890699718
10_18_20_64_29_56_19,0,216,True,True,True,206,380,1,1.0,0.1987432935636826,175,20,0.05498643280289321,0.1987432935636713,175,20,0.0549864328028932
10_18_31_51_18_63_25,303,216,True,True,True,206,385,1,1.0,0.24767387911360783,180,18,0.05346329691325518,0.2476738791136034,180,18,0.0534632969132551
10_1_12_87_77_24_5,9,216,True,True,True,206,372,1,1.0,0.29192705600520363,167,1,0.0550980752254123,0.2919270560052081,167,1,0.0550980752254123
10_1_17_90_68_19_11,7,216,True,True,True,206,369,1,1.0,0.2877599008179517,164,1,0.05310841685780182,0.2877599008179453,164,1,0.0531084168578018
10_20_30_45_45_47_19,0,216,True,True,True,206,372,1,1.0,0.18102701470515878,167,21,0.06319510829571273,0.1810270147051578,167,21,0.0631951082957127
10_20_37_40_27_48_34,19,216,True,True,True,206,383,1,1.0,0.2349749925275853,178,22,0.0549153985923243,0.2349749925275839,178,22,0.0549153985923243
10_20_42_30_46_44_24,61,216,True,True,True,206,371,1,1.0,0.19969020460258258,166,23,0.06624481101920189,0.1996902046025942,166,23,0.0662448110192018
10_23_20_33_76_38_16,0,216,True,True,True,206,376,1,1.0,0.1940958843464816,171,25,0.05259586193603448,0.1940958843464823,171,25,0.0525958619360344
10_24_14_63_41_47_17,1,216,True,True,True,206,371,1,1.0,0.18286504563879535,166,24,0.06655372458909606,0.1828650456387945,166,24,0.066553724589096
10_24_32_54_19_16_61,1045,216,True,True,True,206,386,1,1.0,0.15855921628115913,181,27,0.061041211522526444,0.1585592162811564,181,27,0.0610412115225264
10_24_32_58_21_16_55,118,216,True,True,True,206,378,1,1.0,0.1703971540109222,173,25,0.05542584383124122,0.1703971540109217,173,25,0.0554258438312412
10_24_41_26_35_34_46,15,216,True,True,True,206,385,1,1.0,0.16724408091304374,180,25,0.0621234451357384,0.1672440809130366,180,25,0.0621234451357384
10_24_42_21_52_43_24,979,216,True,True,True,206,369,1,1.0,0.17287286499164373,164,27,0.0760620531019184,0.1728728649916371,164,27,0.0760620531019184
10_25_38_19_45_38_41,16062,216,True,True,True,206,387,1,1.0,0.2552860715877106,182,25,0.05054357119632338,0.2552860715877081,182,25,0.0505435711963233
10_26_23_22_57_62_16,144,216,True,True,True,206,386,1,1.0,0.24335626128321686,181,27,0.05393868955711109,0.2433562612831966,181,27,0.053938689557111
10_26_27_27_49_49_28,22,216,True,True,True,206,385,1,1.0,0.24594028869537576,180,26,0.05304219285395311,0.2459402886953744,180,26,0.0530421928539531
10_26_35_29_43_29_44,2,216,True,True,True,206,382,1,1.0,0.16151591253362604,177,32,0.06414600946512468,0.1615159125336302,177,32,0.0641460094651246
10_27_20_36_44_65_14,10,216,True,True,True,206,380,1,1.0,0.22665501257167242,175,28,0.05809764201494655,0.2266550125716807,175,28,0.0580976420149465
10_27_22_48_36_47_26,25,216,True,True,True,206,375,1,1.0,0.20284593106262688,170,28,0.05591712413771386,0.2028459310626322,170,28,0.0559171241377138
10_27_26_46_39_39_29,21,216,True,True,True,206,371,1,1.0,0.1747885467724087,166,28,0.06820034836298848,0.1747885467724141,166,28,0.0682003483629884
10_27_39_26_50_31_33,31,216,True,True,True,206,368,1,1.0,0.16743201065526586,163,32,0.0527630974681132,0.1674320106552581,163,32,0.0527630974681132
10_28_25_40_47_14_52,30,216,True,True,True,206,384,1,1.0,0.19074055670867143,179,28,0.06359099367272958,0.1907405567086616,179,28,0.0635909936727295
10_28_31_31_44_45_27,13,216,True,True,True,206,373,1,1.0,0.22518480013907163,168,29,0.0569282825966651,0.2251848001390781,168,29,0.0569282825966651
10_2_16_74_87_20_7,11,216,True,True,True,206,373,1,1.0,0.25082667093606503,168,2,0.05815336365890678,0.2508266709360707,168,2,0.0581533636589067
10_2_16_81_79_23_5,5,216,True,True,True,206,369,1,1.0,0.2775239450091666,164,2,0.0592191279085143,0.277523945009165,164,2,0.0592191279085143
10_2_19_74_81_24_6,4,216,True,True,True,206,371,1,1.0,0.29586701416039507,166,2,0.0607503272155153,0.2958670141603873,166,2,0.0607503272155153
10_2_20_68_88_22_6,24,216,True,True,True,206,372,1,1.0,0.24498037607536005,167,2,0.051516917091779364,0.2449803760753667,167,2,0.0515169170917793
10_31_28_34_48_31_34,5,216,True,True,True,206,370,1,1.0,0.14065635493727247,165,35,0.06479861087525651,0.1406563549372872,165,35,0.0647986108752565
10_31_43_20_42_29_41,3240,216,True,True,True,206,368,1,1.0,0.09872948368312498,163,39,0.07562405676528887,0.0987294836831322,163,39,0.0756240567652888
10_32_27_33_11_71_32,116598,216,True,True,True,206,388,1,1.0,0.261813538396946,183,32,0.04712804002009297,0.2618135383969426,183,32,0.0471280400200929
10_33_26_22_21_83_21,615,216,True,True,True,206,388,1,1.0,0.10618817253972757,183,36,0.060474601374323284,0.1061881725397244,183,36,0.0604746013743232
10_34_21_39_46_37_29,96,216,True,True,True,206,368,1,1.0,0.1881386873997195,163,34,0.05686810342811749,0.1881386873997211,163,34,0.0568681034281174
10_35_24_26_58_17_46,331,216,True,True,True,206,377,1,1.0,0.20214896696231544,172,37,0.05301446732850099,0.2021489669623163,172,37,0.0530144673285009
10_36_9_36_65_12_48,4400,216,True,True,True,206,385,1,1.0,0.228455103845302,180,36,0.05572966199988464,0.2284551038452968,180,36,0.0557296619998846
10_37_18_19_53_58_21,655,216,True,True,True,206,379,1,1.0,0.2458553115768751,174,38,0.05033978604718217,0.245855311576872,174,38,0.0503397860471821
10_38_10_30_56_46_26,279,216,True,True,True,206,379,1,1.0,0.23451041591805605,174,38,0.05228649003777741,0.2345104159180507,174,38,0.0522864900377774
10_38_12_41_41_33_41,127,216,True,True,True,206,380,1,1.0,0.2143415335080328,175,39,0.0579269607195162,0.2143415335080336,175,39,0.0579269607195162
10_38_24_26_40_48_30,686,216,True,True,True,206,372,1,1.0,0.20317942197450806,167,41,0.055527065950110165,0.2031794219745023,167,41,0.0555270659501101
10_38_7_51_19_63_28,5462,216,True,True,True,206,382,1,1.0,0.21743169496757447,177,39,0.057283420145796196,0.2174316949675699,177,39,0.0572834201457961
10_39_28_18_27_53_41,32139,216,True,True,True,206,384,1,1.0,0.17927740291003424,179,44,0.06181728453455563,0.1792774029100396,179,44,0.0618172845345556
10_3_12_74_87_21_9,1,216,True,True,True,206,378,1,1.0,0.26397932753222,173,3,0.059190809531899424,0.2639793275322263,173,3,0.0591908095318994
10_3_12_76_85_23_7,3,216,True,True,True,206,376,1,1.0,0.2555567899829445,171,3,0.0517319947170361,0.255556789982939,171,3,0.0517319947170361
10_3_14_84_73_27_5,5,216,True,True,True,206,370,1,1.0,0.27674118007478266,165,3,0.05610690512746934,0.2767411800747815,165,3,0.0561069051274693
10_3_15_72_85_27_4,4,216,True,True,True,206,374,1,1.0,0.2521216700955041,169,3,0.04924800616938573,0.2521216700955035,169,3,0.0492480061693857
10_3_15_85_73_22_8,9,216,True,True,True,206,369,1,1.0,0.2518517294429588,164,3,0.057408224576874965,0.2518517294429579,164,3,0.0574082245768749
10_3_21_63_87_24_8,6,216,True,True,True,206,375,1,1.0,0.29603174649642255,170,3,0.049399392416595585,0.2960317464964178,170,3,0.0493993924165955
10_40_19_21_35_57_34,1498,216,True,True,True,206,385,1,1.0,0.21681501785883667,180,42,0.04870469451143321,0.2168150178588305,180,42,0.0487046945114332
10_40_31_28_24_40_43,534,216,True,True,True,206,370,1,1.0,0.1045129469675537,165,49,0.06205970882591291,0.1045129469675506,165,49,0.0620597088259129
10_42_3_39_55_41_26,340,216,True,True,True,206,373,1,1.0,0.21932415110469067,168,42,0.05470580091523243,0.2193241511046887,168,42,0.0547058009152324
10_44_16_35_44_13_54,575056,216,True,True,True,206,373,1,1.0,0.18585895328256416,168,45,0.06021091125353354,0.1858589532825637,168,45,0.0602109112535335
10_48_16_27_23_55_37,2738,216,True,True,True,206,375,1,1.0,0.16685658853083368,170,53,0.05737487544349322,0.1668565885308319,170,53,0.0573748754434932
10_4_16_77_77_25_7,0,216,True,True,True,206,371,1,1.0,0.24701446373622604,166,4,0.054388042147041335,0.2470144637362251,166,4,0.0543880421470413
10_4_9_80_82_24_7,0,216,True,True,True,206,376,1,1.0,0.25293784398811914,171,4,0.05598112347484941,0.2529378439880976,171,4,0.0559811234748494
10_5_10_79_78_28_6,2,216,True,True,True,206,375,1,1.0,0.2728406010643153,170,5,0.05573510736055273,0.2728406010643174,170,5,0.0557351073605527
10_5_11_75_88_20_7,0,216,True,True,True,206,373,1,1.0,0.2705208630545577,168,5,0.056509787528113344,0.2705208630545612,168,5,0.0565097875281133
10_5_17_69_84_24_7,2,216,True,True,True,206,372,1,1.0,0.2517634098549799,167,5,0.05833129941746843,0.25176340985498,167,5,0.0583312994174684
10_5_27_58_46_63_7,0,216,True,True,True,206,387,1,1.0,0.28226584071622834,182,5,0.05266013550791892,0.2822658407162219,182,5,0.0526601355079189
10_6_17_76_75_24_8,0,216,True,True,True,206,368,1,1.0,0.2379934987836409,163,6,0.05693072867561564,0.2379934987836385,163,6,0.0569307286756156
10_6_22_64_54_46_14,3,216,True,True,True,206,386,1,1.0,0.26923988952453815,181,6,0.054660106516724705,0.2692398895245394,181,6,0.0546601065167247
11_0_10_80_89_22_4,5,216,True,True,True,205,375,1,1.0,0.3055809711199872,171,0,0.0589660476511375,0.3055809711199854,171,0,0.0589660476511375
11_0_13_82_80_24_6,25,216,True,True,True,205,374,1,1.0,0.2785541210692985,170,0,0.06222075972373535,0.2785541210692985,170,0,0.0622207597237353
11_0_49_25_87_41_3,14,216,True,True,True,205,372,1,1.0,0.26499161251006875,168,0,0.05545399439731878,0.2649916125100607,168,0,0.0554539943973187
11_0_62_36_28_74_5,14,216,True,True,True,205,372,1,1.0,0.226120096340818,168,0,0.06349076584893876,0.2261200963408217,168,0,0.0634907658489387
11_10_55_31_45_31_33,2,216,True,True,True,205,373,1,1.0,0.21566134472226867,169,11,0.06274180425031817,0.2156613447222695,169,11,0.0627418042503181
11_11_43_46_20_51_34,74,216,True,True,True,205,387,1,1.0,0.23741801236341364,183,12,0.054589301430074025,0.2374180123634021,183,12,0.054589301430074
11_12_20_69_45_25_34,0,216,True,True,True,205,384,1,1.0,0.1488434409137136,180,13,0.06120194226980909,0.1488434409137283,180,13,0.061201942269809
11_13_14_69_60_28_21,2,216,True,True,True,205,377,1,1.0,0.2367480870562856,173,13,0.05705695054761218,0.2367480870562682,173,13,0.0570569505476121
11_14_28_62_22_42_37,46,216,True,True,True,205,388,1,1.0,0.1888623765630094,184,16,0.06856133124623295,0.1888623765630209,184,16,0.0685613312462329
11_15_28_64_27_39_32,2,216,True,True,True,205,379,1,1.0,0.2079067331552748,175,16,0.0587966675058801,0.2079067331552741,175,16,0.0587966675058801
11_15_43_40_46_25_36,2,216,True,True,True,205,373,1,1.0,0.2074983558565433,169,17,0.06246643353249224,0.2074983558565445,169,17,0.0624664335324922
11_15_48_35_26_48_33,3,216,True,True,True,205,379,1,1.0,0.20390248587638965,175,18,0.05853270297877846,0.2039024858763869,175,18,0.0585327029787784
11_15_50_30_35_43_32,32,216,True,True,True,205,376,1,1.0,0.18702596205847385,172,17,0.05756281239628887,0.1870259620584692,172,17,0.0575628123962888
11_16_42_27_49_49_22,0,216,True,True,True,205,377,1,1.0,0.20952452584009387,173,18,0.054267130090893886,0.2095245258401083,173,18,0.0542671300908938
11_16_52_21_41_47_28,1320,216,True,True,True,205,375,1,1.0,0.11589585075500321,171,21,0.06869808682647377,0.1158958507550037,171,21,0.0686980868264737
11_17_45_35_36_34_38,1,216,True,True,True,205,377,1,1.0,0.22440677220276117,173,18,0.05854152227126155,0.2244067722027588,173,18,0.0585415222712615
11_18_36_28_36_64_23,16,216,True,True,True,205,388,1,1.0,0.2010188677358434,184,20,0.05010771112587632,0.2010188677358586,184,20,0.0501077111258763
11_19_44_24_41_29_48,44,216,True,True,True,205,388,1,1.0,0.17257541801109183,184,20,0.0540911100412055,0.1725754180110936,184,20,0.0540911100412055
11_19_52_33_30_28_43,5,216,True,True,True,205,370,1,1.0,0.17916949470424076,166,21,0.06017637521735643,0.1791694947042492,166,21,0.0601763752173564
11_1_14_80_83_21_6,5,216,True,True,True,205,371,1,1.0,0.2553405813545132,167,1,0.07066057536016829,0.2553405813545096,167,1,0.0706605753601682
11_1_16_67_92_22_7,0,216,True,True,True,205,377,1,1.0,0.2655194674929128,173,1,0.04655652607558985,0.2655194674929148,173,1,0.0465565260755898
11_20_28_65_21_25_46,1323,216,True,True,True,205,378,1,1.0,0.11744221544878283,174,22,0.07623121209083854,0.1174422154487564,174,22,0.0762312120908385
11_20_33_40_47_34_31,2,216,True,True,True,205,375,1,1.0,0.1800201462985531,171,21,0.056487758553960724,0.1800201462985546,171,21,0.0564877585539607
11_20_35_45_18_51_36,225,216,True,True,True,205,384,1,1.0,0.20814408592995842,180,21,0.06198211902279977,0.2081440859299659,180,21,0.0619821190227997
11_20_43_25_43_41_33,187,216,True,True,True,205,378,1,1.0,0.19285608277125033,174,21,0.05628413176300399,0.192856082771254,174,21,0.0562841317630039
11_21_32_21_78_30_23,12,216,True,True,True,205,374,1,1.0,0.19486121743340476,170,23,0.058855131896437436,0.1948612174334011,170,23,0.0588551318964374
11_21_34_21_78_30_21,6,216,True,True,True,205,370,1,1.0,0.19887355592339978,166,23,0.0747659728644613,0.1988735559233991,166,23,0.0747659728644613
11_22_44_37_25_43_34,0,216,True,True,True,205,370,1,1.0,0.21943563337579708,166,24,0.05598474902959492,0.2194356333757978,166,24,0.0559847490295949
11_24_46_22_39_30_44,134,216,True,True,True,205,376,1,1.0,0.18205548193191057,172,26,0.06066043387455291,0.1820554819319097,172,26,0.0606604338745529
11_24_7_61_51_25_37,6,216,True,True,True,205,386,1,1.0,0.20627818234616357,182,24,0.053194260820932524,0.2062781823461627,182,24,0.0531942608209325
11_25_24_36_57_25_38,17,216,True,True,True,205,381,1,1.0,0.2586394889458298,177,25,0.05135698672990933,0.2586394889458304,177,25,0.0513569867299093
11_25_34_42_25_57_22,2,216,True,True,True,205,368,1,1.0,0.19527833057304878,164,27,0.06240348999503646,0.1952783305730497,164,27,0.0624034899950364
11_26_22_41_31_63_22,44,216,True,True,True,205,382,1,1.0,0.18172111532232627,178,27,0.06296843765662674,0.1817211153223361,178,27,0.0629684376566267
11_26_30_33_32_57_27,22,216,True,True,True,205,380,1,1.0,0.24597447350562596,176,27,0.05390563530982567,0.2459744735056194,176,27,0.0539056353098256
11_26_31_23_58_21_46,10,216,True,True,True,205,385,1,1.0,0.20717684604393877,181,29,0.056521539201223096,0.2071768460439406,181,29,0.056521539201223
11_26_35_15_56_61_12,81995,216,True,True,True,205,371,1,1.0,0.2010761362128213,167,28,0.060722805404092806,0.201076136212823,167,28,0.0607228054040928
11_26_35_22_21_78_23,238,216,True,True,True,205,387,1,1.0,0.22615420077391013,183,28,0.0513923788576412,0.2261542007739068,183,28,0.0513923788576412
11_27_22_28_27_97_4,125,216,True,True,True,205,386,1,1.0,0.2008636868659015,182,29,0.05056050064590448,0.2008636868658917,182,29,0.0505605006459044
11_27_25_51_22_44_36,44,216,True,True,True,205,377,1,1.0,0.23963602176307167,173,27,0.05729887265728298,0.2396360217630649,173,27,0.0572988726572829
11_28_25_43_29_37_43,54,216,True,True,True,205,383,1,1.0,0.1104806330087673,179,33,0.06529183742041444,0.1104806330087846,179,33,0.0652918374204144
11_2_16_75_83_23_6,5,216,True,True,True,205,371,1,1.0,0.27529529521397217,167,2,0.06020581300982103,0.2752952952139648,167,2,0.060205813009821
11_2_9_77_89_21_7,0,216,True,True,True,205,377,1,1.0,0.25062665610259344,173,2,0.05438377321427279,0.2506266561025792,173,2,0.0543837732142727
11_30_32_26_49_28_40,51,216,True,True,True,205,374,1,1.0,0.19109982499886852,170,33,0.05698965372354078,0.1910998249988708,170,33,0.0569896537235407
11_30_41_17_32_41_44,439636,216,True,True,True,205,380,1,1.0,0.1892676271646191,176,33,0.05676538270344106,0.189267627164618,176,33,0.056765382703441
11_31_30_41_26_18_59,414,216,True,True,True,205,381,1,1.0,0.0649416721926263,177,35,0.06078243144508526,0.0649416721926307,177,35,0.0607824314450852
11_31_30_46_19_13_66,11764,216,True,True,True,205,383,1,1.0,0.19618029277846044,179,32,0.06642633528611175,0.196180292778453,179,32,0.0664263352861117
11_31_40_19_36_22_57,24162,216,True,True,True,205,382,1,1.0,0.16785139581563413,178,33,0.06485531037589576,0.1678513958156399,178,33,0.0648553103758957
11_33_21_49_27_22_53,69,216,True,True,True,205,379,1,1.0,0.1781789362097077,175,35,0.05559236231179858,0.1781789362097149,175,35,0.0555923623117985
11_33_36_24_31_31_50,2173,216,True,True,True,205,378,1,1.0,0.2019004600957085,174,35,0.05153333972724296,0.2019004600957094,174,35,0.0515333397272429
11_34_10_53_42_19_47,34,216,True,True,True,205,379,1,1.0,0.1981437754987776,175,34,0.05778228276737047,0.1981437754987898,175,34,0.0577822827673704
11_35_31_27_37_30_45,122,216,True,True,True,205,373,1,1.0,0.13886522743166213,169,39,0.06201999096959586,0.1388652274316642,169,39,0.0620199909695958
11_36_15_44_39_32_39,177,216,True,True,True,205,374,1,1.0,0.2282295140193125,170,37,0.05785422762456009,0.2282295140193204,170,37,0.05785422762456
11_37_28_32_31_33_44,180,216,True,True,True,205,371,1,1.0,0.15718426952482523,167,39,0.06190219623718796,0.1571842695248282,167,39,0.0619021962371879
11_38_20_27_31_43_46,405,216,True,True,True,205,387,1,1.0,0.19328155955306867,183,40,0.054082357892762084,0.1932815595530716,183,40,0.054082357892762
11_38_21_33_21_43_49,6516,216,True,True,True,205,386,1,1.0,0.1662515315596328,182,40,0.05479045321224842,0.1662515315596289,182,40,0.0547904532122484
11_39_27_30_31_25_53,5108,216,True,True,True,205,375,1,1.0,0.09973718555247299,171,45,0.07359533081121908,0.0997371855524624,171,45,0.073595330811219
11_3_10_77_85_22_8,1,216,True,True,True,205,376,1,1.0,0.29283279236140697,172,3,0.058229151257802196,0.2928327923614139,172,3,0.0582291512578021
11_3_17_73_82_24_6,0,216,True,True,True,205,370,1,1.0,0.2757213138621465,166,3,0.0632759773623236,0.2757213138621216,166,3,0.0632759773623236
11_40_27_27_28_47_36,273,216,True,True,True,205,369,1,1.0,0.22996526843670093,165,41,0.06232973490979135,0.2299652684366992,165,41,0.0623297349097913
11_41_15_31_12_82_24,7691,216,True,True,True,205,383,1,1.0,0.09000149992417322,179,46,0.0767952132821987,0.0900014999241723,179,46,0.0767952132821987
11_43_21_18_54_33_36,1239,216,True,True,True,205,368,1,1.0,0.21442682986330777,164,43,0.058685554213333845,0.2144268298633064,164,43,0.0586855542133338
11_44_3_42_55_14_47,2681,216,True,True,True,205,374,1,1.0,0.10525418043208228,170,45,0.07219738545101236,0.1052541804320836,170,45,0.0721973854510123
11_46_7_47_21_43_41,116227,216,True,True,True,205,373,1,1.0,0.14271419961882212,169,49,0.05476859855687391,0.1427141996188168,169,49,0.0547685985568739
11_4_15_69_83_29_5,0,216,True,True,True,205,374,1,1.0,0.23179061554674618,170,4,0.051393862786282,0.2317906155467395,170,4,0.051393862786282
11_5_11_79_79_26_5,1,216,True,True,True,205,370,1,1.0,0.20810030808890953,166,5,0.062182426719031667,0.2081003080889059,166,5,0.0621824267190316
11_5_20_66_82_25_7,1,216,True,True,True,205,369,1,1.0,0.2392633062000864,165,5,0.05097657014004463,0.2392633062000757,165,5,0.0509765701400446
11_5_38_46_48_63_5,10,216,True,True,True,205,378,1,1.0,0.2703986290146987,174,5,0.056382509199920446,0.2703986290146962,174,5,0.0563825091999204
11_5_45_45_58_38_14,0,216,True,True,True,205,368,1,1.0,0.20548958789569183,164,5,0.06708482409213952,0.2054895878957172,164,5,0.0670848240921395
11_6_60_40_22_48_29,14,216,True,True,True,205,374,1,1.0,0.1922681222125362,170,7,0.06427645057221251,0.192268122212548,170,7,0.0642764505722125
12_10_13_70_66_26_19,0,216,True,True,True,204,377,1,1.0,0.24707900199825247,174,10,0.05159448439050855,0.2470790019982473,174,10,0.0515944843905085
12_11_34_30_58_55_16,5,216,True,True,True,204,386,1,1.0,0.2209908119387313,183,12,0.053791738112227774,0.2209908119387297,183,12,0.0537917381122277
12_12_31_60_32_26_43,0,216,True,True,True,204,385,1,1.0,0.18268461332946925,182,14,0.054602402847158914,0.1826846133294696,182,14,0.0546024028471589
12_14_24_10_105_46_5,10,216,True,True,True,204,386,1,1.0,0.23985394190452491,183,15,0.04570127354624122,0.2398539419045227,183,15,0.0457012735462412
12_14_37_37_48_37_31,4,216,True,True,True,204,381,1,1.0,0.22865757002811832,178,14,0.05528750217325599,0.2286575700281253,178,14,0.0552875021732559
12_14_44_34_36_40_36,2,216,True,True,True,204,382,1,1.0,0.23000835595781227,179,18,0.0593093420115262,0.230008355957829,179,18,0.0593093420115262
12_14_51_29_38_29_43,18,216,True,True,True,204,379,1,1.0,0.16876218805669177,176,16,0.0668756055500577,0.1687621880566886,176,16,0.0668756055500577
12_15_27_56_32_57_17,0,216,True,True,True,204,376,1,1.0,0.14917650986385533,173,17,0.05190980975282526,0.1491765098638672,173,17,0.0519098097528252
12_17_17_66_52_27_25,0,216,True,True,True,204,371,1,1.0,0.21510086557212246,168,17,0.05693567661241021,0.2151008655721179,168,17,0.0569356766124102
12_17_31_52_27_29_48,6,216,True,True,True,204,388,1,1.0,0.21590987646231646,185,19,0.05445437600270757,0.2159098764623174,185,19,0.0544543760027075
12_17_48_40_27_23_49,0,216,True,True,True,204,375,1,1.0,0.15698889297867263,172,18,0.07080904163394396,0.156988892978673,172,18,0.0708090416339439
12_19_36_33_58_26_32,12,216,True,True,True,204,372,1,1.0,0.15615471902642364,169,19,0.06240648060106365,0.1561547190264218,169,19,0.0624064806010636
12_1_18_69_89_20_7,2,216,True,True,True,204,371,1,1.0,0.29213530744993543,168,1,0.049442798598898344,0.292135307449925,168,1,0.0494427985988983
12_20_29_37_56_33_29,0,216,True,True,True,204,376,1,1.0,0.2628142186256873,173,20,0.05204660052205465,0.262814218625678,173,20,0.0520466005220546
12_21_27_29_60_48_19,10,216,True,True,True,204,378,1,1.0,0.1994804187332897,175,21,0.059897869918564814,0.1994804187333021,175,21,0.0598978699185648
12_21_42_26_45_33_37,28,216,True,True,True,204,375,1,1.0,0.15419038635338084,172,23,0.061500185600965415,0.1541903863533689,172,23,0.0615001856009654
12_24_27_55_28_33_37,5,216,True,True,True,204,371,1,1.0,0.21257033311764434,168,25,0.05811548666732625,0.2125703331176389,168,25,0.0581154866673262
12_25_23_43_32_38_43,12,216,True,True,True,204,388,1,1.0,0.2477733860073854,185,25,0.06026719219911248,0.2477733860073945,185,25,0.0602671921991124
12_25_42_41_22_22_52,41,216,True,True,True,204,371,1,1.0,0.11192133806566625,168,31,0.08084527298450365,0.1119213380656575,168,31,0.0808452729845036
12_26_49_23_24_29_53,2020,216,True,True,True,204,376,1,1.0,0.12675383460045128,173,31,0.06379952473862827,0.126753834600444,173,31,0.0637995247386282
12_27_16_63_35_8_55,2120,216,True,True,True,204,379,1,1.0,0.1766571457422032,176,28,0.061671065117887544,0.1766571457422152,176,28,0.0616710651178875
12_28_12_29_80_43_12,12,216,True,True,True,204,373,1,1.0,0.2472315435270378,170,28,0.05160089117921141,0.2472315435270361,170,28,0.0516008911792114
12_28_39_38_22_30_47,80,216,True,True,True,204,370,1,1.0,0.14894046806304723,167,33,0.05341173003997759,0.148940468063057,167,33,0.0534117300399775
12_29_23_39_37_46_30,12,216,True,True,True,204,375,1,1.0,0.20449749590138602,172,31,0.06262719832693071,0.2044974959013737,172,31,0.0626271983269307
12_29_30_40_29_45_31,38,216,True,True,True,204,368,1,1.0,0.18992142375434168,165,30,0.06600755266271394,0.1899214237543525,165,30,0.0660075526627139
12_30_33_41_18_43_39,312,216,True,True,True,204,370,1,1.0,0.1788853826114897,167,33,0.06487665032551687,0.1788853826114983,167,33,0.0648766503255168
12_31_21_34_40_49_29,43,216,True,True,True,204,377,1,1.0,0.2317559848482248,174,32,0.053395850743684706,0.2317559848482122,174,32,0.0533958507436847
12_31_35_36_12_57_33,32824,216,True,True,True,204,370,1,1.0,0.12171403136578882,167,36,0.06740643350604497,0.1217140313657698,167,36,0.0674064335060449
12_32_28_41_17_57_29,1386,216,True,True,True,204,369,1,1.0,0.18396485831553291,166,35,0.06218789941683296,0.1839648583155242,166,35,0.0621878994168329
12_32_37_21_37_37_40,8413,216,True,True,True,204,371,1,1.0,0.16488985598188333,168,35,0.05796001020730996,0.164889855981877,168,35,0.0579600102073099
12_33_13_43_47_20_48,153,216,True,True,True,204,382,1,1.0,0.1743559033516314,179,35,0.05086700465258878,0.1743559033516331,179,35,0.0508670046525887
12_33_1_50_62_41_17,12,216,True,True,True,204,370,1,1.0,0.18237163195082579,167,34,0.05911867861796758,0.1823716319508339,167,34,0.0591186786179675
12_33_32_39_21_32_47,474,216,True,True,True,204,370,1,1.0,0.13962036619322388,167,38,0.06365374236165681,0.1396203661932203,167,38,0.0636537423616568
12_35_31_26_18_51_43,4507,216,True,True,True,204,380,1,1.0,0.1510651792865633,177,40,0.06629758164728453,0.1510651792865702,177,40,0.0662975816472845
12_36_21_30_41_32_44,86,216,True,True,True,204,378,1,1.0,0.24003202520995778,175,37,0.05351001576537444,0.2400320252099601,175,37,0.0535100157653744
12_36_25_33_26_31_53,4733,216,True,True,True,204,381,1,1.0,0.13034411167567123,178,40,0.06327173482981326,0.1303441116756604,178,40,0.0632717348298132
12_36_31_28_27_40_42,120,216,True,True,True,204,371,1,1.0,0.18115892291286353,168,39,0.05231390292117404,0.1811589229128602,168,39,0.052313902921174
12_40_10_50_27_32_45,3102,216,True,True,True,204,374,1,1.0,0.21341157982030481,171,42,0.05237515788631993,0.2134115798203005,171,42,0.0523751578863199
12_40_24_23_27_35_55,113235,216,True,True,True,204,385,1,1.0,0.2153737044987705,182,42,0.052251792364411666,0.2153737044987773,182,42,0.0522517923644116
12_42_23_26_8_86_19,179076,216,True,True,True,204,371,1,1.0,0.11892001991676884,168,49,0.06560665469934993,0.1189200199167692,168,49,0.0656066546993499
12_44_15_29_15_69_32,43744,216,True,True,True,204,379,1,1.0,0.20523456006602056,176,48,0.04935563566058205,0.2052345600660186,176,48,0.049355635660582
12_45_10_39_22_46_42,46621,216,True,True,True,204,376,1,1.0,0.0935259904124034,173,47,0.0816765482487489,0.0935259904124034,173,47,0.0816765482487489
12_4_10_70_87_22_11,3,216,True,True,True,204,379,1,1.0,0.29374822893587055,176,4,0.05298059783194717,0.2937482289358848,176,4,0.0529805978319471
12_4_18_68_82_24_8,1,216,True,True,True,204,370,1,1.0,0.27750326298403544,167,4,0.05684479067682094,0.2775032629840411,167,4,0.0568447906768209
12_4_36_51_41_55_17,0,216,True,True,True,204,385,1,1.0,0.15780966982553357,182,5,0.05901122106268587,0.157809669825545,182,5,0.0590112210626858
12_4_46_49_49_39_17,0,216,True,True,True,204,368,1,1.0,0.24761836081711258,165,4,0.05668300688824312,0.2476183608171214,165,4,0.0566830068882431
12_5_15_75_78_22_9,5,216,True,True,True,204,368,1,1.0,0.24420279350477345,165,5,0.06478219996156018,0.2442027935047858,165,5,0.0647821999615601
13_0_62_29_47_39_26,1,216,True,True,True,203,375,1,1.0,0.23525318507537096,173,0,0.06517824078706945,0.2352531850753776,173,0,0.0651782407870694
13_10_30_36_71_42_14,2,216,True,True,True,203,378,1,1.0,0.26049461133509233,176,10,0.05805261160915453,0.2604946113350923,176,10,0.0580526116091545
13_10_54_30_17_66_26,2351,216,True,True,True,203,381,1,1.0,0.22225376565480776,179,10,0.058772097293014365,0.2222537656547998,179,10,0.0587720972930143
13_12_53_23_54_25_36,29,216,True,True,True,203,372,1,1.0,0.15065505464591855,170,14,0.06618188156750632,0.1506550546459256,170,14,0.0661818815675063
13_13_23_43_67_48_9,1,216,True,True,True,203,375,1,1.0,0.29161873905856545,173,13,0.05043714331228269,0.2916187390585716,173,13,0.0504371433122826
13_17_23_52_44_31_36,3,216,True,True,True,203,383,1,1.0,0.23672838913530453,181,18,0.050234584437851004,0.2367283891353065,181,18,0.050234584437851
13_18_2_86_37_14_46,35,216,True,True,True,203,387,1,1.0,0.23027002825085252,185,18,0.05555713694646536,0.2302700282508631,185,18,0.0555571369464653
13_19_41_19_63_36_25,14,216,True,True,True,203,370,1,1.0,0.23326600670274703,168,20,0.053921588072579164,0.2332660067027508,168,20,0.0539215880725791
13_1_7_76_84_25_10,1,216,True,True,True,203,382,1,1.0,0.28578724599826566,180,1,0.05279953660134716,0.2857872459982743,180,1,0.0527995366013471
13_20_22_31_49_65_16,1,216,True,True,True,203,387,1,1.0,0.2871295900842208,185,20,0.049742798315703315,0.2871295900842162,185,20,0.0497427983157033
13_21_13_47_61_32_29,3,216,True,True,True,203,383,1,1.0,0.20739400783584788,181,21,0.06524150073899948,0.2073940078358415,181,21,0.0652415007389994
13_22_31_22_44_58_26,124,216,True,True,True,203,386,1,1.0,0.15186939727890852,184,25,0.05173694668147217,0.1518693972789166,184,25,0.0517369466814721
13_23_33_30_42_21_54,1,216,True,True,True,203,388,1,1.0,0.25043033362983347,186,25,0.0516098888811307,0.2504303336298275,186,25,0.0516098888811307
13_24_29_51_22_45_32,165,216,True,True,True,203,370,1,1.0,0.1823375519169107,168,25,0.05589259478337828,0.1823375519169187,168,25,0.0558925947833782
13_25_20_35_37_78_8,23,216,True,True,True,203,378,1,1.0,0.2354382774921248,176,25,0.048803844293632735,0.2354382774921291,176,25,0.0488038442936327
13_25_23_38_61_23_33,1,216,True,True,True,203,371,1,1.0,0.17492090860602844,169,28,0.05622349889845577,0.1749209086060352,169,28,0.0562234988984557
13_26_41_28_23_48_37,216,216,True,True,True,203,373,1,1.0,0.1325165321016163,171,28,0.0670325039768102,0.1325165321016254,171,28,0.0670325039768102
13_27_43_20_37_35_41,5027,216,True,True,True,203,371,1,1.0,0.13655487345318615,169,31,0.06517050870956367,0.1365548734531865,169,31,0.0651705087095636
13_29_39_24_37_31_43,117,216,True,True,True,203,370,1,1.0,0.1427722084906468,168,34,0.06824357710007342,0.1427722084906472,168,34,0.0682435771000734
13_2_6_78_81_28_8,2,216,True,True,True,203,380,1,1.0,0.33299558298614,178,2,0.049032384703476026,0.3329955829861529,178,2,0.049032384703476
13_30_19_37_40_37_40,21,216,True,True,True,203,382,1,1.0,0.24740159626653307,180,30,0.048776643241330526,0.2474015962665328,180,30,0.0487766432413305
13_31_25_14_73_9_51,25906,216,True,True,True,203,383,1,1.0,0.23030584973983417,181,32,0.0608814841202878,0.2303058497398409,181,32,0.0608814841202878
13_31_31_22_40_41_38,606,216,True,True,True,203,376,1,1.0,0.20252603643585426,174,34,0.058591061723742614,0.2025260364358521,174,34,0.0585910617237426
13_33_24_38_22_47_39,78,216,True,True,True,203,376,1,1.0,0.1780494921579415,174,37,0.056710859835726504,0.1780494921579487,174,37,0.0567108598357265
13_33_27_45_18_32_48,2580,216,True,True,True,203,371,1,1.0,0.21230969218231205,169,34,0.05655734411651616,0.2123096921822957,169,34,0.0565573441165161
13_33_9_49_24_56_32,9,216,True,True,True,203,383,1,1.0,0.20687612329332505,181,34,0.057634771379934974,0.2068761232933247,181,34,0.0576347713799349
13_34_13_38_38_46_34,4,216,True,True,True,203,380,1,1.0,0.18595836098897855,178,36,0.056874532452510944,0.1859583609889782,178,36,0.0568745324525109
13_34_17_36_36_36_44,204,216,True,True,True,203,382,1,1.0,0.23490087889847688,180,34,0.059729027201500126,0.2349008788984752,180,34,0.0597290272015001
13_36_17_26_48_44_32,242,216,True,True,True,203,376,1,1.0,0.2096935779788311,174,36,0.05718278415602902,0.2096935779788301,174,36,0.057182784156029
13_36_23_33_32_21_58,17562,216,True,True,True,203,381,1,1.0,0.16436156501409793,179,38,0.0632253618128269,0.164361565014102,179,38,0.0632253618128269
13_36_24_31_34_39_39,86,216,True,True,True,203,371,1,1.0,0.20604200596439015,169,39,0.06376845602406127,0.2060420059643903,169,39,0.0637684560240612
13_3_13_78_79_21_9,0,216,True,True,True,203,369,1,1.0,0.2297032265732596,167,3,0.06577971835312282,0.2297032265732604,167,3,0.0657797183531228
13_3_18_61_91_22_8,5,216,True,True,True,203,372,1,1.0,0.24794969292168656,170,4,0.05318260003211392,0.2479496929216716,170,4,0.0531826000321139
13_41_18_15_38_48_43,178630,216,True,True,True,203,386,1,1.0,0.17481658861826618,184,42,0.060244721122892315,0.1748165886182698,184,42,0.0602447211228923
13_4_13_70_84_26_6,0,216,True,True,True,203,371,1,1.0,0.2676432696039207,169,4,0.05672766756506372,0.267643269603914,169,4,0.0567276675650637
13_4_14_65_91_25_4,18,216,True,True,True,203,370,1,1.0,0.23835197616376558,168,4,0.050992951544596564,0.2383519761637733,168,4,0.0509929515445965
13_4_17_73_71_31_7,3,216,True,True,True,203,369,1,1.0,0.2814169343787118,167,4,0.06137770151107572,0.2814169343787117,167,4,0.0613777015110757
13_4_30_60_52_26_31,0,216,True,True,True,203,384,1,1.0,0.18885419889425037,182,4,0.07380406602085637,0.1888541988942648,182,4,0.0738040660208563
13_6_12_78_72_26_9,0,216,True,True,True,203,368,1,1.0,0.23373042292912993,166,6,0.05580181940956962,0.2337304229291291,166,6,0.0558018194095696
13_6_52_41_29_29_46,0,216,True,True,True,203,385,1,1.0,0.28448558945447006,183,6,0.05477857166476717,0.2844855894544817,183,6,0.0547785716647671
13_8_36_60_35_24_40,1,216,True,True,True,203,380,1,1.0,0.25478184204160964,178,8,0.055707888170134404,0.2547818420416077,178,8,0.0557078881701344
14_0_14_69_86_23_10,1,216,True,True,True,202,377,1,1.0,0.2905858171575438,176,0,0.054720613337368565,0.2905858171575583,176,0,0.0547206133373685
14_10_31_54_46_26_35,0,216,True,True,True,202,379,1,1.0,0.2729488184383527,178,10,0.05120597720575644,0.2729488184383415,178,10,0.0512059772057564
14_10_32_59_25_31_45,0,216,True,True,True,202,388,1,1.0,0.23992674411931206,187,10,0.047867418244517665,0.2399267441193129,187,10,0.0478674182445176
14_13_29_20_87_25_28,0,216,True,True,True,202,386,1,1.0,0.1816478317577683,185,14,0.060525382408138984,0.1816478317577592,185,14,0.0605253824081389
14_14_22_40_73_32_21,1,216,True,True,True,202,378,1,1.0,0.2862825423305806,177,14,0.052572103180913904,0.286282542330583,177,14,0.0525721031809139
14_15_47_38_31_25_46,2,216,True,True,True,202,374,1,1.0,0.19432986489219534,173,17,0.06343935402552627,0.1943298648921955,173,17,0.0634393540255262
14_16_25_60_20_50_31,712,216,True,True,True,202,381,1,1.0,0.21838547676888453,180,16,0.05554796407817746,0.2183854767688804,180,16,0.0555479640781774
14_16_32_54_26_32_42,0,216,True,True,True,202,379,1,1.0,0.22281953795231285,178,17,0.0678192552573885,0.2228195379523043,178,17,0.0678192552573885
14_17_20_61_33_30_41,2,216,True,True,True,202,384,1,1.0,0.12314826113881328,183,19,0.06367432221002953,0.1231482611388117,183,19,0.0636743222100295
14_17_23_70_31_23_38,0,216,True,True,True,202,370,1,1.0,0.23463849106200027,169,17,0.05184060191777016,0.2346384910619967,169,17,0.0518406019177701
14_18_23_57_34_29_41,1,216,True,True,True,202,381,1,1.0,0.18894890662322936,180,19,0.06481910626892544,0.1889489066232406,180,19,0.0648191062689254
14_18_33_43_14_63_31,101044,216,True,True,True,202,385,1,1.0,0.2848493986075077,184,19,0.05265182170096154,0.2848493986074986,184,19,0.0526518217009615
14_19_23_45_46_34_35,3,216,True,True,True,202,382,1,1.0,0.1776995216786211,181,21,0.059673560509483685,0.1776995216786317,181,21,0.0596735605094836
14_1_18_78_48_39_18,1,216,True,True,True,202,383,1,1.0,0.2847056873308907,182,1,0.0481026882667663,0.2847056873308994,182,1,0.0481026882667663
14_20_23_45_42_33_39,0,216,True,True,True,202,384,1,1.0,0.20794530069116246,183,22,0.0551814596602568,0.207945300691166,183,22,0.0551814596602568
14_20_44_29_18_51_40,334,216,True,True,True,202,381,1,1.0,0.1572445516377471,180,24,0.06630064830345687,0.1572445516377462,180,24,0.0663006483034568
14_21_17_64_35_25_40,6,216,True,True,True,202,376,1,1.0,0.19228784117931103,175,21,0.06162585093499744,0.1922878411793094,175,21,0.0616258509349974
14_21_25_31_54_40_31,14,216,True,True,True,202,383,1,1.0,0.1704836511816798,182,22,0.0464838633474533,0.1704836511816931,182,22,0.0464838633474533
14_23_19_47_55_34_24,2,216,True,True,True,202,368,1,1.0,0.21095622237701891,167,25,0.05553891481653212,0.2109562223770232,167,25,0.0555389148165321
14_23_23_20_75_41_20,16,216,True,True,True,202,377,1,1.0,0.21072822729092236,176,25,0.05281298435361612,0.2107282272909388,176,25,0.0528129843536161
14_25_11_63_30_30_43,23,216,True,True,True,202,382,1,1.0,0.29553956152725813,181,25,0.04713654335802988,0.2955395615272573,181,25,0.0471365433580298
14_25_17_33_67_12_48,469,216,True,True,True,202,387,1,1.0,0.2896444907347762,186,25,0.04712858679261416,0.2896444907347759,186,25,0.0471285867926141
14_25_20_29_59_28_41,7,216,True,True,True,202,387,1,1.0,0.21563503450293298,186,27,0.05011906862219007,0.2156350345029158,186,27,0.05011906862219
14_25_39_29_35_38_36,7,216,True,True,True,202,368,1,1.0,0.1670597099542994,167,28,0.06560254888356107,0.1670597099543007,167,28,0.065602548883561
14_26_43_19_49_11_54,469,216,True,True,True,202,372,1,1.0,0.13616588938945937,171,29,0.07548837133012608,0.13616588938946,171,29,0.075488371330126
14_27_14_47_50_28_36,26,216,True,True,True,202,376,1,1.0,0.22154782913395166,175,28,0.060727630918648114,0.22154782913397,175,28,0.0607276309186481
14_27_1_4_143_23_4,10095,216,True,True,True,202,376,1,1.0,0.2786297148222632,175,27,0.0493852510039472,0.278629714822255,175,27,0.0493852510039472
14_28_19_30_68_32_25,14,216,True,True,True,202,369,1,1.0,0.2104176038760243,168,28,0.06422960923770549,0.2104176038760314,168,28,0.0642296092377054
14_28_21_32_42_40_39,2,216,True,True,True,202,384,1,1.0,0.25750971201099915,183,29,0.051753480770893194,0.2575097120110153,183,29,0.0517534807708931
14_28_22_46_20_58_28,100,216,True,True,True,202,374,1,1.0,0.13814025041828557,173,30,0.056361440090778085,0.1381402504182975,173,30,0.056361440090778
14_28_25_44_29_24_52,3,216,True,True,True,202,379,1,1.0,0.0937723596762706,178,36,0.08110774415852141,0.0937723596762748,178,36,0.0811077441585214
14_29_22_35_32_38_46,2,216,True,True,True,202,386,1,1.0,0.23299826560934797,185,31,0.04923327488423315,0.2329982656093432,185,31,0.0492332748842331
14_29_31_25_38_30_49,257,216,True,True,True,202,381,1,1.0,0.23636292155351546,180,31,0.059006155961105936,0.2363629215535155,180,31,0.0590061559611059
14_29_33_26_25_43_46,12,216,True,True,True,202,382,1,1.0,0.14581466963648548,181,33,0.05409263522887181,0.1458146696364886,181,33,0.0540926352288718
14_29_34_26_24_39_50,39,216,True,True,True,202,383,1,1.0,0.12391663033467573,182,31,0.06883660709565825,0.1239166303346774,182,31,0.0688366070956582
14_29_35_19_25_74_20,850,216,True,True,True,202,373,1,1.0,0.16280550850127992,172,36,0.06240107771170431,0.1628055085012897,172,36,0.0624010777117043
14_2_14_75_77_27_7,2,216,True,True,True,202,370,1,1.0,0.2977905748040141,169,2,0.053938913056701905,0.297790574804013,169,2,0.0539389130567019
14_2_16_67_88_21_8,3,216,True,True,True,202,370,1,1.0,0.2573096778312489,169,2,0.0626716567607517,0.2573096778312296,169,2,0.0626716567607517
14_30_25_31_30_35_51,2,216,True,True,True,202,387,1,1.0,0.251724089613119,186,30,0.05731291069542411,0.251724089613116,186,30,0.0573129106954241
14_31_28_25_39_36_43,174,216,True,True,True,202,378,1,1.0,0.20054001248045228,177,33,0.05687522635538927,0.2005400124804462,177,33,0.0568752263553892
14_31_33_29_20_34_55,2062,216,True,True,True,202,382,1,1.0,0.15250901953677976,181,36,0.06555026452128089,0.1525090195367933,181,36,0.0655502645212808
14_31_34_25_41_14_57,2373,216,True,True,True,202,375,1,1.0,0.24426987139207254,174,33,0.05396732937784616,0.2442698713920751,174,33,0.0539673293778461
14_31_37_29_36_12_57,1016,216,True,True,True,202,369,1,1.0,0.09133867398272137,168,35,0.06635943585171904,0.0913386739827133,168,35,0.066359435851719
14_32_18_37_42_47_26,5,216,True,True,True,202,369,1,1.0,0.22692286511461357,168,33,0.05604824232125945,0.2269228651146091,168,33,0.0560482423212594
14_32_28_27_25_59_31,89,216,True,True,True,202,375,1,1.0,0.16860773627249667,174,35,0.054396973269553145,0.1686077362724894,174,35,0.0543969732695531
14_32_31_18_41_40_40,68502,216,True,True,True,202,376,1,1.0,0.1839183137004681,175,37,0.05693869459277739,0.1839183137004678,175,37,0.0569386945927773
14_33_11_35_55_22_46,20,216,True,True,True,202,383,1,1.0,0.21572573145041093,182,33,0.06030870394358721,0.2157257314504069,182,33,0.0603087039435872
14_33_20_47_27_18_57,149,216,True,True,True,202,377,1,1.0,0.09827132633116485,176,38,0.07108094052662975,0.0982713263311585,176,38,0.0710809405266297
14_33_21_34_50_23_41,40,216,True,True,True,202,369,1,1.0,0.15571749558502546,168,36,0.06343354538982485,0.1557174955850317,168,36,0.0634335453898248
14_33_38_23_21_42_45,2511,216,True,True,True,202,371,1,1.0,0.1322668137263946,170,37,0.07021855937240322,0.1322668137263944,170,37,0.0702185593724032
14_33_38_27_23_28_53,2946,216,True,True,True,202,370,1,1.0,0.10426723849540993,169,39,0.08728045283665013,0.1042672384954105,169,39,0.0872804528366501
14_34_0_48_42_44_34,2,216,True,True,True,202,385,1,1.0,0.1612872006550874,184,35,0.050779045912344986,0.1612872006550822,184,35,0.0507790459123449
14_34_29_37_20_35_47,113,216,True,True,True,202,370,1,1.0,0.15837639291124175,169,38,0.07010687890496058,0.1583763929112445,169,38,0.0701068789049605
14_34_30_23_31_55_29,605,216,True,True,True,202,368,1,1.0,0.2199838738769681,167,38,0.05512743744857319,0.2199838738769653,167,38,0.0551274374485731
14_34_36_19_25_51_37,53481,216,True,True,True,202,370,1,1.0,0.09464992317119197,169,40,0.06821735070886491,0.0946499231711963,169,40,0.0682173507088649
14_34_6_58_40_26_38,20,216,True,True,True,202,369,1,1.0,0.22030193732983316,168,34,0.05716399629475079,0.2203019373298314,168,34,0.0571639962947507
14_35_17_2_90_25_33,24699,216,True,True,True,202,379,1,1.0,0.22830468094671913,178,36,0.05646556745632641,0.2283046809467194,178,36,0.0564655674563264
14_35_9_6_65_77_10,1167,216,True,True,True,202,388,1,1.0,0.2974181325191979,187,35,0.048933841055660204,0.2974181325191978,187,35,0.0489338410556602
14_36_22_23_13_79_29,4128,216,True,True,True,202,385,1,1.0,0.22508693236721575,184,37,0.0600181350259198,0.2250869323672179,184,37,0.0600181350259198
14_39_21_37_23_32_50,11341,216,True,True,True,202,372,1,1.0,0.1627644533489612,171,42,0.055596806071958355,0.1627644533489568,171,42,0.0555968060719583
14_3_11_74_83_27_4,8,216,True,True,True,202,369,1,1.0,0.25801473596202396,168,3,0.06060346657966749,0.258014735962018,168,3,0.0606034665796674
14_42_13_30_31_52_34,161,216,True,True,True,202,373,1,1.0,0.20670381716175007,172,42,0.05200893021477276,0.2067038171617565,172,42,0.0520089302147727
14_43_15_28_34_33_49,65664,216,True,True,True,202,376,1,1.0,0.20590843376762133,175,45,0.06181397396226731,0.2059084337676257,175,45,0.0618139739622673
14_44_2_40_31_52_33,15894,216,True,True,True,202,375,1,1.0,0.23949512971448506,174,44,0.0500030503346068,0.2394951297144909,174,44,0.0500030503346068
14_6_54_29_28_55_30,6,216,True,True,True,202,384,1,1.0,0.2867799317115574,183,6,0.05706991983591093,0.2867799317115561,183,6,0.0570699198359109
14_7_32_59_26_60_18,3,216,True,True,True,202,380,1,1.0,0.22330265847987785,179,7,0.0642462049337748,0.2233026584798583,179,7,0.0642462049337748
14_7_52_31_38_30_44,4,216,True,True,True,202,385,1,1.0,0.23060085222500107,184,8,0.06101740925195111,0.230600852224992,184,8,0.0610174092519511
14_7_8_69_89_24_5,6,216,True,True,True,202,368,1,1.0,0.283197607683161,167,7,0.056717012042094936,0.2831976076831532,167,7,0.0567170120420949
15_0_14_77_77_23_10,1,216,True,True,True,201,371,1,1.0,0.23198419570610224,171,0,0.05873834997800516,0.231984195706096,171,0,0.0587383499780051
15_10_42_35_43_31_40,1,216,True,True,True,201,383,1,1.0,0.2623047931201855,183,10,0.05245755327592293,0.262304793120184,183,10,0.0524575532759229
15_12_33_55_17_75_9,471,216,True,True,True,201,370,1,1.0,0.2333024679503174,170,12,0.05297240866395093,0.2333024679503202,170,12,0.0529724086639509
15_13_23_52_33_51_29,1,216,True,True,True,201,388,1,1.0,0.21967960924099392,188,13,0.05744522769871481,0.2196796092410019,188,13,0.0574452276987148
15_13_24_59_32_50_23,1,216,True,True,True,201,377,1,1.0,0.2766224723016144,177,13,0.055551963403046654,0.2766224723016179,177,13,0.0555519634030466
15_13_37_32_39_53_27,0,216,True,True,True,201,383,1,1.0,0.21594869229444696,183,13,0.05510657929005366,0.2159486922944458,183,13,0.0551065792900536
15_15_44_39_12_74_17,82163,216,True,True,True,201,370,1,1.0,0.18794917698440539,170,17,0.050707916139188666,0.1879491769844163,170,17,0.0507079161391886
15_16_27_50_27_52_29,0,216,True,True,True,201,381,1,1.0,0.1997057581145533,181,19,0.06167213000761276,0.1997057581145749,181,19,0.0616721300076127
15_17_35_35_40_46_28,6,216,True,True,True,201,375,1,1.0,0.22607555023470688,175,19,0.054310428733579046,0.2260755502347221,175,19,0.054310428733579
15_18_23_31_74_39_16,0,216,True,True,True,201,372,1,1.0,0.18700294744750273,172,19,0.05476394700780481,0.1870029474475067,172,19,0.0547639470078048
15_18_27_45_50_35_26,6,216,True,True,True,201,369,1,1.0,0.20771776776316087,169,18,0.06721767929733946,0.2077177677631565,169,18,0.0672176792973394
15_18_7_86_23_22_45,3780,216,True,True,True,201,381,1,1.0,0.2448669994861526,181,18,0.057543105047871614,0.2448669994861615,181,18,0.0575431050478716
15_19_34_33_30_56_29,7,216,True,True,True,201,380,1,1.0,0.2003781780983151,180,21,0.053989343890713415,0.2003781780982954,180,21,0.0539893438907134
15_22_26_46_47_12_48,61,216,True,True,True,201,374,1,1.0,0.14239628000363863,174,23,0.06571013864739965,0.1423962800036452,174,23,0.0657101386473996
15_22_44_31_27_23_54,1,216,True,True,True,201,375,1,1.0,0.1437325050070213,175,25,0.052333254276651996,0.1437325050070355,175,25,0.0523332542766519
15_23_35_31_40_40_32,2,216,True,True,True,201,369,1,1.0,0.20021806502040476,169,24,0.05850809175091471,0.2002180650204074,169,24,0.0585080917509147
15_25_21_44_30_39_42,0,216,True,True,True,201,383,1,1.0,0.22529236096275174,183,28,0.07290297961779901,0.2252923609627473,183,28,0.072902979617799
15_26_2_80_21_16_56,25433,216,True,True,True,201,385,1,1.0,0.13628302387977456,185,27,0.054265578976082966,0.1362830238797806,185,27,0.0542655789760829
15_27_11_55_42_26_40,23,216,True,True,True,201,376,1,1.0,0.2164780677241933,176,28,0.06009465433650221,0.2164780677241977,176,28,0.0600946543365022
15_28_27_29_30_71_16,109,216,True,True,True,201,370,1,1.0,0.2069227587106734,170,29,0.05174559429182591,0.2069227587106723,170,29,0.0517455942918259
15_28_42_25_29_25_52,333,216,True,True,True,201,370,1,1.0,0.17883207012569813,170,31,0.06310195798033902,0.1788320701257207,170,31,0.063101957980339
15_29_38_37_21_18_58,231,216,True,True,True,201,369,1,1.0,0.21168128582048876,169,31,0.05839460968440423,0.2116812858204868,169,31,0.0583946096844042
15_29_45_16_37_23_51,282995,216,True,True,True,201,368,1,1.0,0.1198346391237523,168,36,0.07073964059691196,0.1198346391237564,168,36,0.0707396405969119
15_2_33_45_64_53_4,0,216,True,True,True,201,374,1,1.0,0.20899219609589623,174,2,0.062474355858144384,0.2089921960959058,174,2,0.0624743558581443
15_2_6_81_86_21_5,8,216,True,True,True,201,368,1,1.0,0.2925976331096282,168,2,0.053291112002254386,0.2925976331096279,168,2,0.0532911120022543
15_30_10_43_42_47_29,37,216,True,True,True,201,378,1,1.0,0.22417575811177487,178,31,0.05165217007410061,0.2241757581117744,178,31,0.0516521700741006
15_32_25_23_47_45_29,8,216,True,True,True,201,369,1,1.0,0.12427955207012299,169,37,0.059028290919655474,0.1242795520701267,169,37,0.0590282909196554
15_34_11_33_51_49_23,8,216,True,True,True,201,371,1,1.0,0.2299446109196714,171,35,0.05901389150080426,0.2299446109196478,171,35,0.0590138915008042
15_34_24_15_56_25_47,28730,216,True,True,True,201,379,1,1.0,0.20499652073809477,179,37,0.05302664341233212,0.2049965207381129,179,37,0.0530266434123321
15_37_16_44_24_41_39,2784,216,True,True,True,201,368,1,1.0,0.16676934981265026,168,39,0.05974137212462311,0.1667693498126394,168,39,0.0597413721246231
15_40_26_21_26_45_43,126789,216,True,True,True,201,371,1,1.0,0.17636782147950286,171,43,0.05962923971170729,0.1763678214795044,171,43,0.0596292397117072
15_4_0_106_42_48_1,642,216,True,True,True,201,368,1,1.0,0.2941524868999842,168,4,0.047968197697340044,0.2941524868999787,168,4,0.04796819769734
15_8_29_55_35_41_33,0,216,True,True,True,201,387,1,1.0,0.22406321860231093,187,8,0.05348027668433466,0.2240632186022965,187,8,0.0534802766843346
15_8_45_29_47_29_43,9,216,True,True,True,201,388,1,1.0,0.2883704128536601,188,8,0.046800997602679056,0.2883704128536477,188,8,0.046800997602679
