method,key,success,wall_s,lambda_2,cycle_rank,num_bridges,max_betweenness
C_exact,10_0_26_75_43_53_9,True,0.05978299991693348,0.34000977326345816,179.0,0.0,0.04906602720650411
C_exact,10_13_50_46_13_69_15,True,0.05119019991252571,0.18349816435667807,164.0,14.0,0.05459642732452692
C_exact,10_14_31_40_49_48_24,True,0.04319680004846305,0.29970342983809317,183.0,14.0,0.04861729421042644
C_exact,10_14_38_49_33_37_35,True,0.05266480008140206,0.15209245820872527,177.0,16.0,0.056542392994479745
C_exact,10_15_23_72_21_73_2,True,0.038602499989792705,0.271198348542023,164.0,15.0,0.05573229954366987
C_exact,10_15_33_29_78_22_29,True,0.0708530000410974,0.3044446719963457,177.0,15.0,0.05109820668469432
C_exact,10_16_39_60_18_32_41,True,0.09242350002750754,0.2726784813120068,171.0,16.0,0.05323569239318272
C_exact,10_16_39_63_27_21_40,True,0.03766740008722991,0.227022444612675,163.0,16.0,0.0621570286104943
C_exact,10_17_39_36_48_31_35,True,0.06440999999176711,0.24720808047146645,175.0,17.0,0.06162559581819764
C_exact,10_18_20_64_29_56_19,True,0.03479890001472086,0.24340155791440155,175.0,19.0,0.050060994048434566
C_exact,10_18_31_51_18_63_25,True,0.04349150008056313,0.2946514514366456,180.0,18.0,0.0534542720771248
C_exact,10_1_12_87_77_24_5,True,0.0400941000552848,0.2921680848659264,167.0,1.0,0.05445022545624582
C_exact,10_1_17_90_68_19_11,True,0.03963569994084537,0.27857976470207513,164.0,1.0,0.05126382507184205
C_exact,10_20_30_45_45_47_19,True,0.0393186000874266,0.21335291181395677,167.0,21.0,0.05689522718346996
C_exact,10_20_37_40_27_48_34,True,0.0534887999529019,0.21842540205071215,178.0,20.0,0.05366988726124563
C_exact,10_20_42_30_46_44_24,True,0.041395199950784445,0.23359219136077922,166.0,21.0,0.049536108400191355
C_exact,10_23_20_33_76_38_16,True,0.039035499910824,0.2306473290004527,171.0,23.0,0.0603931707542899
C_exact,10_24_14_63_41_47_17,True,0.0350770999211818,0.24206610674570217,166.0,24.0,0.05783205747356992
C_exact,10_24_32_54_19_16_61,True,0.482473999960348,0.23713339829238542,181.0,24.0,0.05187410207665593
C_exact,10_24_32_58_21_16_55,True,0.3785776000004262,0.20603786938198576,173.0,24.0,0.05947481001482672
C_exact,10_24_41_26_35_34_46,True,0.4597146000014618,0.1818721381975613,180.0,27.0,0.05810407110400804
C_exact,10_24_42_21_52_43_24,True,0.04582460003439337,0.2364146666348167,164.0,24.0,0.05740493537493565
C_exact,10_25_38_19_45_38_41,True,0.1475467000855133,0.20907720257782214,182.0,25.0,0.06115417774175344
C_exact,10_26_23_22_57_62_16,True,0.05622689996380359,0.21867327310543289,181.0,27.0,0.05265178628171787
C_exact,10_26_27_27_49_49_28,True,0.05633509997278452,0.19999231780958276,180.0,26.0,0.06006567463509521
C_exact,10_26_35_29_43_29_44,True,0.146536499960348,0.25374509654666644,177.0,27.0,0.0532072022163663
C_exact,10_27_20_36_44_65_14,True,0.03414030000567436,0.26522027003150783,175.0,27.0,0.05204581776288972
C_exact,10_27_22_48_36_47_26,True,0.038547399919480085,0.09359536921666736,170.0,30.0,0.05655477292789908
C_exact,10_27_26_46_39_39_29,True,0.03495910007040948,0.22721082725373484,166.0,28.0,0.06127411472631856
C_exact,10_27_39_26_50_31_33,True,0.0743253999389708,0.2464612702760845,163.0,28.0,0.05397719785675756
C_exact,10_28_25_40_47_14_52,True,0.23534370004199445,0.2640886713146982,179.0,28.0,0.057170138426916046
C_exact,10_28_31_31_44_45_27,True,0.05264130001887679,0.22863509024009032,168.0,28.0,0.05334135968440884
C_exact,10_2_16_74_87_20_7,True,0.03449500002898276,0.3171793450408617,168.0,2.0,0.051178099767276136
C_exact,10_2_16_81_79_23_5,True,0.04289959999732673,0.2733865815949426,164.0,2.0,0.05915407426749341
C_exact,10_2_19_74_81_24_6,True,0.037716599996201694,0.2992617552002565,166.0,2.0,0.0566765109609467
C_exact,10_2_20_68_88_22_6,True,0.03374780004378408,0.27245777204421756,167.0,2.0,0.051978815933600826
C_exact,10_31_28_34_48_31_34,True,0.07032599998638034,0.23514696665479934,165.0,31.0,0.05746325587327256
C_exact,10_31_43_20_42_29_41,True,0.6329981000162661,0.18438888141200535,163.0,32.0,0.058904923505731545
C_exact,10_32_27_33_11_71_32,True,0.11139309999998659,0.21260757082666884,183.0,33.0,0.05663720568043168
C_exact,10_33_26_22_21_83_21,True,0.2695918999379501,0.23602840829406427,183.0,33.0,0.05419248174537623
C_exact,10_34_21_39_46_37_29,True,0.05534790002275258,0.1813947778564085,163.0,35.0,0.053028411225767166
C_exact,10_35_24_26_58_17_46,True,0.4486583999823779,0.20216518163181146,172.0,36.0,0.06234044486771465
C_exact,10_36_9_36_65_12_48,True,0.257405300042592,0.19569232409500614,180.0,36.0,0.053607937237029675
C_exact,10_37_18_19_53_58_21,True,0.05561190005391836,0.2320598612019888,174.0,37.0,0.05412295395871815
C_exact,10_38_10_30_56_46_26,True,0.03817350009921938,0.2212806683749114,174.0,39.0,0.05072761215008102
C_exact,10_38_12_41_41_33_41,True,0.4202495999634266,0.22693097385955485,175.0,39.0,0.05725136837538716
C_exact,10_38_24_26_40_48_30,True,0.311422299942933,0.15772655477737405,167.0,38.0,0.057019632194556066
C_exact,10_38_7_51_19_63_28,True,0.3607233999064192,0.24596772378428622,177.0,38.0,0.04961199142411281
C_exact,10_39_28_18_27_53_41,True,0.516034199972637,0.2120579265175574,179.0,39.0,0.06663569500085961
C_exact,10_3_12_74_87_21_9,True,0.046496700029820204,0.2990613158465247,173.0,3.0,0.049399318908350975
C_exact,10_3_12_76_85_23_7,True,0.033345800009556115,0.27901262283594275,171.0,3.0,0.05151588002961723
C_exact,10_3_14_84_73_27_5,True,0.03449030010960996,0.278979633764682,165.0,3.0,0.06078943827380259
C_exact,10_3_15_72_85_27_4,True,0.035006699967198074,0.26980147669347565,169.0,3.0,0.04901941371010207
C_exact,10_3_15_85_73_22_8,True,0.03305730002466589,0.27636028247698224,164.0,3.0,0.04983396417941919
C_exact,10_3_21_63_87_24_8,True,0.03353470005095005,0.28060644084169883,170.0,3.0,0.051547935976012274
C_exact,10_40_19_21_35_57_34,True,0.5522271000081673,0.2412775407608353,180.0,41.0,0.054935194938580685
C_exact,10_40_31_28_24_40_43,True,0.5305157999973744,0.262439591322231,165.0,40.0,0.0554995304194317
C_exact,10_42_3_39_55_41_26,True,0.2608714000089094,0.17315341531830772,168.0,45.0,0.059547992813632565
C_exact,10_44_16_35_44_13_54,True,0.5322553999722004,0.16815500627446311,168.0,44.0,0.05248920185473873
C_exact,10_48_16_27_23_55_37,True,0.5450441000284627,0.17713544904401046,170.0,48.0,0.06013959977905181
C_exact,10_4_16_77_77_25_7,True,0.03513660002499819,0.3110143590403245,166.0,4.0,0.05718854587075591
C_exact,10_4_9_80_82_24_7,True,0.03397579991724342,0.3026283264096658,171.0,4.0,0.05817265266321801
C_exact,10_5_10_79_78_28_6,True,0.03449150000233203,0.31900167562467124,170.0,5.0,0.043569841480030805
C_exact,10_5_11_75_88_20_7,True,0.03481640003155917,0.2833348388856355,168.0,5.0,0.05148001763129894
C_exact,10_5_17_69_84_24_7,True,0.03403860004618764,0.2916310151771014,167.0,5.0,0.046581687608644604
C_exact,10_5_27_58_46_63_7,True,0.051692600012756884,0.31500866678783473,182.0,5.0,0.04738386459855976
C_exact,10_6_17_76_75_24_8,True,0.03518230002373457,0.27504559980616416,163.0,6.0,0.054261126734466016
C_exact,10_6_22_64_54_46_14,True,0.034168099984526634,0.31905083540218804,181.0,6.0,0.05566665630517475
C_exact,11_0_10_80_89_22_4,True,0.03616559994406998,0.3207681972943997,171.0,0.0,0.057188946809170756
C_exact,11_0_13_82_80_24_6,True,0.03592789999675006,0.2858235174878525,170.0,0.0,0.05223919416881286
C_exact,11_0_49_25_87_41_3,True,0.034984500030986965,0.27712926159652307,168.0,0.0,0.05635755579989012
C_exact,11_0_62_36_28_74_5,True,0.03391360002569854,0.29329156657671207,168.0,0.0,0.0441989717311558
C_exact,11_10_55_31_45_31_33,True,0.053583200089633465,0.2617219941352449,169.0,10.0,0.053639747545295866
C_exact,11_11_43_46_20_51_34,True,0.05776159989181906,0.266753736776114,183.0,11.0,0.05223741265705743
C_exact,11_12_20_69_45_25_34,True,0.04398979991674423,0.28697962471448374,180.0,12.0,0.056419713478910824
C_exact,11_13_14_69_60_28_21,True,0.03721680003218353,0.21903271360563742,173.0,13.0,0.07284656999396928
C_exact,11_14_28_62_22_42_37,True,0.048432799987494946,0.26838601298047615,184.0,14.0,0.0485038686968162
C_exact,11_15_28_64_27_39_32,True,0.043567299959249794,0.1336723747533791,175.0,17.0,0.060917732875418185
C_exact,11_15_43_40_46_25_36,True,0.11044700001366436,0.2575633729979372,169.0,15.0,0.06757414914852951
C_exact,11_15_48_35_26_48_33,True,0.049567900015972555,0.2668280779595323,175.0,15.0,0.060597323242174324
C_exact,11_15_50_30_35_43_32,True,0.07307759998366237,0.29081611300503807,172.0,15.0,0.04816367397382767
C_exact,11_16_42_27_49_49_22,True,0.04187880002427846,0.20370450581305352,173.0,18.0,0.05194437935888074
C_exact,11_16_52_21_41_47_28,True,0.0447340999962762,0.19097396114957088,171.0,18.0,0.058022137150229296
C_exact,11_17_45_35_36_34_38,True,0.04262690001633018,0.19422229572917604,173.0,17.0,0.05508331296034249
C_exact,11_18_36_28_36_64_23,True,0.03702980000525713,0.2726154326963378,184.0,18.0,0.05323983554337098
C_exact,11_19_44_24_41_29_48,True,0.3964795999927446,0.2614903084722808,184.0,19.0,0.053911749532614635
C_exact,11_19_52_33_30_28_43,True,0.49609619996044785,0.1592673520605862,166.0,22.0,0.06828297965551869
C_exact,11_1_14_80_83_21_6,True,0.03258180001284927,0.28277464832847854,167.0,1.0,0.05188239693646278
C_exact,11_1_16_67_92_22_7,True,0.03363249998074025,0.31508559708715383,173.0,1.0,0.051450224729830296
C_exact,11_20_28_65_21_25_46,True,0.23192609997931868,0.2783268204123567,174.0,20.0,0.05633944666132281
C_exact,11_20_33_40_47_34_31,True,0.04028169997036457,0.20706349782164848,171.0,21.0,0.05209892048556817
C_exact,11_20_35_45_18_51_36,True,0.08969020005315542,0.15837962763668045,180.0,22.0,0.05194653724871036
C_exact,11_20_43_25_43_41_33,True,0.048483500024303794,0.21431074294594565,174.0,21.0,0.05943077031847426
C_exact,11_21_32_21_78_30_23,True,0.040900700027123094,0.21784535702202157,170.0,22.0,0.05053976854222664
C_exact,11_21_34_21_78_30_21,True,0.04015109990723431,0.22457029534070036,166.0,21.0,0.05209519955214001
C_exact,11_22_44_37_25_43_34,True,0.11213639995548874,0.23302391506814168,166.0,22.0,0.05560874383018435
C_exact,11_24_46_22_39_30_44,True,0.44436349999159575,0.22585972917020766,172.0,25.0,0.05587416035607953
C_exact,11_24_7_61_51_25_37,True,0.09735299996100366,0.13121811885644125,182.0,25.0,0.08265040305579414
C_exact,11_25_24_36_57_25_38,True,0.12553189997561276,0.2640564689552436,177.0,25.0,0.05597598490416133
C_exact,11_25_34_42_25_57_22,True,0.04422399995382875,0.24684211787890334,164.0,25.0,0.05580492971979111
C_exact,11_26_22_41_31_63_22,True,0.03907609998714179,0.2519761764897048,178.0,26.0,0.05111328696500972
C_exact,11_26_30_33_32_57_27,True,0.04167750000488013,0.2559913373975637,176.0,26.0,0.0558963315719988
C_exact,11_26_31_23_58_21_46,True,0.11656839994248003,0.26342978583659793,181.0,27.0,0.05410634690992472
C_exact,11_26_35_15_56_61_12,True,0.03430319996550679,0.2211506792165406,167.0,28.0,0.048119172431362045
C_exact,11_26_35_22_21_78_23,True,0.061516799964010715,0.23178412206760735,183.0,26.0,0.056661925180151264
C_exact,11_27_22_28_27_97_4,True,0.039401300018653274,0.2801936049285897,182.0,27.0,0.047654966250477326
C_exact,11_27_25_51_22_44_36,True,0.30702340009156615,0.2602025325391651,173.0,27.0,0.05361544833264551
C_exact,11_28_25_43_29_37_43,True,0.07020199997350574,0.09727791760487335,179.0,31.0,0.06998626465522745
C_exact,11_2_16_75_83_23_6,True,0.03523689997382462,0.287112016058621,167.0,2.0,0.05249466541961873
C_exact,11_2_9_77_89_21_7,True,0.03329639998264611,0.31321950678974786,173.0,2.0,0.04878175178907733
C_exact,11_30_32_26_49_28_40,True,0.1884118999587372,0.2270444026858047,170.0,30.0,0.06182101327728233
C_exact,11_30_41_17_32_41_44,True,0.5397753000725061,0.17904850774736922,176.0,32.0,0.057098348364769985
C_exact,11_31_30_41_26_18_59,True,0.4827786000678316,0.24113317228261724,177.0,31.0,0.05317715958599883
C_exact,11_31_30_46_19_13_66,True,0.41835419996641576,0.1816650006531041,179.0,33.0,0.057044284588463716
C_exact,11_31_40_19_36_22_57,True,0.49992750003002584,0.2641438768073958,178.0,31.0,0.04929435604107118
C_exact,11_33_21_49_27_22_53,True,0.4824075000360608,0.20685720246250464,175.0,35.0,0.05492124201245322
C_exact,11_33_36_24_31_31_50,True,0.5133659999119118,0.2347637164338339,174.0,34.0,0.05905507724006535
C_exact,11_34_10_53_42_19_47,True,0.34121119999326766,0.2633819168350412,175.0,34.0,0.04918109727116207
C_exact,11_35_31_27_37_30_45,True,0.4773330999305472,0.23176880592636848,169.0,35.0,0.05136859975720848
C_exact,11_36_15_44_39_32_39,True,0.3184176000067964,0.1928190531380886,170.0,37.0,0.05570674813699144
C_exact,11_37_28_32_31_33_44,True,0.5499574999557808,0.19491379283803034,167.0,40.0,0.06018961369324493
C_exact,11_38_20_27_31_43_46,True,0.5117121000075713,0.20764103672929363,183.0,39.0,0.05260212188000795
C_exact,11_38_21_33_21_43_49,True,0.5056368999648839,0.21821996806681346,182.0,39.0,0.05257976204670309
C_exact,11_39_27_30_31_25_53,True,0.504503299947828,0.21165810627713802,171.0,41.0,0.05924903649213597
C_exact,11_3_10_77_85_22_8,True,0.03909550001844764,0.30907256689735424,172.0,3.0,0.04853293101447001
C_exact,11_3_17_73_82_24_6,True,0.03265409998130053,0.2823049160366962,166.0,3.0,0.05240932876488753
C_exact,11_40_27_27_28_47_36,True,0.5638822999317199,0.17772911620664647,165.0,43.0,0.053253156907168836
C_exact,11_41_15_31_12_82_24,True,0.4280718999216333,0.2637592629346505,179.0,41.0,0.047041753833414565
C_exact,11_43_21_18_54_33_36,True,0.6382826000917703,0.20313615877589447,164.0,44.0,0.05308012679466098
C_exact,11_44_3_42_55_14_47,True,0.6134336000541225,0.2515144664743925,170.0,44.0,0.04920841458003006
C_exact,11_46_7_47_21_43_41,True,0.590642899973318,0.18963405244543877,169.0,49.0,0.05231696229506804
C_exact,11_4_15_69_83_29_5,True,0.03537620010320097,0.3254629488298507,170.0,4.0,0.05301190741873967
C_exact,11_5_11_79_79_26_5,True,0.03635569999460131,0.27888208721504043,166.0,5.0,0.0534750072765921
C_exact,11_5_20_66_82_25_7,True,0.034953400027006865,0.28172728570236255,165.0,5.0,0.05179057395321873
C_exact,11_5_38_46_48_63_5,True,0.034606599947437644,0.29244536563445167,174.0,5.0,0.05244384479101289
C_exact,11_5_45_45_58_38_14,True,0.03686430002562702,0.1681364568670245,164.0,5.0,0.0640134315304274
C_exact,11_6_60_40_22_48_29,True,0.04762179998215288,0.2700717485186186,170.0,6.0,0.06089465997052456
C_exact,12_10_13_70_66_26_19,True,0.03565199999138713,0.2650907287357738,174.0,10.0,0.051598211455946834
C_exact,12_11_34_30_58_55_16,True,0.036279499996453524,0.2882991997693943,183.0,11.0,0.04463653764952173
C_exact,12_12_31_60_32_26_43,True,0.039792200084775686,0.16734361629828698,182.0,14.0,0.052868868648057316
C_exact,12_14_24_10_105_46_5,True,0.034308900008909404,0.30275126480740133,183.0,14.0,0.04575537876898867
C_exact,12_14_37_37_48_37_31,True,0.09679410001263022,0.2887188209220099,178.0,14.0,0.057552154697224404
C_exact,12_14_44_34_36_40_36,True,0.044269700068980455,0.2748935692721667,179.0,14.0,0.053208430186812886
C_exact,12_14_51_29_38_29_43,True,0.04103139997459948,0.1551777548080789,176.0,17.0,0.052914655468691556
C_exact,12_15_27_56_32_57_17,True,0.038353800075128675,0.26822169996245,173.0,15.0,0.04968958122035521
C_exact,12_17_17_66_52_27_25,True,0.03763759997673333,0.26829490353887453,168.0,17.0,0.05042251456162954
C_exact,12_17_31_52_27_29_48,True,0.07957459997851402,0.21561838826450608,185.0,17.0,0.04982394531143552
C_exact,12_17_48_40_27_23_49,True,0.3278489999938756,0.17947132132945484,172.0,19.0,0.06077810180353414
C_exact,12_19_36_33_58_26_32,True,0.04218140000011772,0.23245903719989838,169.0,21.0,0.055071255231058575
C_exact,12_1_18_69_89_20_7,True,0.03498039999976754,0.3321223453339341,168.0,1.0,0.05831573694774157
C_exact,12_20_29_37_56_33_29,True,0.043568799970671535,0.21104069210927806,173.0,21.0,0.052616181264647274
C_exact,12_21_27_29_60_48_19,True,0.039238400058820844,0.21322232091928583,175.0,22.0,0.05090059655309439
C_exact,12_21_42_26_45_33_37,True,0.1440284000709653,0.21911217144245812,172.0,21.0,0.05552938663015442
C_exact,12_24_27_55_28_33_37,True,0.16306699998676777,0.10122490873835918,168.0,27.0,0.06594477754794043
C_exact,12_25_23_43_32_38_43,True,0.1915272999322042,0.21220964761748792,185.0,25.0,0.06181190628628939
C_exact,12_25_42_41_22_22_52,True,0.5270582999801263,0.21361187860065356,168.0,27.0,0.058413717407194185
C_exact,12_26_49_23_24_29_53,True,0.4990275000454858,0.20849907563740905,173.0,28.0,0.05693067750385488
C_exact,12_27_16_63_35_8_55,True,0.2496875999495387,0.21734108640548833,176.0,28.0,0.05573773076252739
C_exact,12_28_12_29_80_43_12,True,0.039322500000707805,0.2746295172447223,170.0,28.0,0.047490387712559375
C_exact,12_28_39_38_22_30_47,True,0.5449399000499398,0.2484785967848443,167.0,28.0,0.0528478291650344
C_exact,12_29_23_39_37_46_30,True,0.04706419992726296,0.24486007302983,172.0,29.0,0.06080243153403448
C_exact,12_29_30_40_29_45_31,True,0.08602499996777624,0.1349804650027941,165.0,31.0,0.05640241172826009
C_exact,12_30_33_41_18_43_39,True,0.04341419995762408,0.23945737975242284,167.0,30.0,0.050775594883521236
C_exact,12_31_21_34_40_49_29,True,0.05946809996385127,0.2475905735042141,174.0,31.0,0.06337558065445972
C_exact,12_31_35_36_12_57_33,True,0.45253889996092767,0.21328853887440175,167.0,31.0,0.06270989429507519
C_exact,12_32_28_41_17_57_29,True,0.49697229999583215,0.24311291424073192,166.0,32.0,0.05747288354473753
C_exact,12_32_37_21_37_37_40,True,0.6251003999495879,0.16517264207562093,168.0,34.0,0.060949138352864266
C_exact,12_33_13_43_47_20_48,True,0.32050240004900843,0.251554629010211,179.0,33.0,0.05044025866692124
C_exact,12_33_1_50_62_41_17,True,0.04213720001280308,0.22734780660505705,167.0,33.0,0.0573686793690127
C_exact,12_33_32_39_21_32_47,True,0.5499968000221997,0.22283930843531302,167.0,34.0,0.06848801925147233
C_exact,12_35_31_26_18_51_43,True,0.4621449001133442,0.2670010564575357,177.0,35.0,0.050974343783925714
C_exact,12_36_21_30_41_32_44,True,0.5641391000244766,0.22795327751805616,175.0,36.0,0.05193539616774867
C_exact,12_36_25_33_26_31_53,True,0.47532530000898987,0.3110154111078815,178.0,36.0,0.053753188232911454
C_exact,12_36_31_28_27_40_42,True,0.48460890003480017,0.09084541877002378,168.0,40.0,0.05332941164583605
C_exact,12_40_10_50_27_32_45,True,0.47150000010151416,0.26150854502774895,171.0,40.0,0.0512110688782177
C_exact,12_40_24_23_27_35_55,True,0.46426969999447465,0.2752198968861427,182.0,40.0,0.04830337853938794
C_exact,12_42_23_26_8_86_19,True,0.45649010001216084,0.2311347342526021,168.0,43.0,0.05404291913140391
C_exact,12_44_15_29_15_69_32,True,0.4396644000662491,0.21434110565862752,176.0,45.0,0.047357148490285064
C_exact,12_45_10_39_22_46_42,True,0.5000266000861302,0.16834499513733758,173.0,46.0,0.062456529106629785
C_exact,12_4_10_70_87_22_11,True,0.03726869996171445,0.2823413913890432,176.0,4.0,0.06128858648385576
C_exact,12_4_18_68_82_24_8,True,0.03350650006905198,0.3067450323759524,167.0,4.0,0.05453576865201877
C_exact,12_4_36_51_41_55_17,True,0.036895600031130016,0.31441909504362847,182.0,4.0,0.04653182112588844
C_exact,12_4_46_49_49_39_17,True,0.035993200028315187,0.2909700970505257,165.0,4.0,0.05823923729960566
C_exact,12_5_15_75_78_22_9,True,0.034329299931414425,0.27998224165597163,165.0,5.0,0.06561770327112057
C_exact,13_0_62_29_47_39_26,True,0.037226400105282664,0.2910591117377649,173.0,0.0,0.05057169531715786
C_exact,13_10_30_36_71_42_14,True,0.03308079997077584,0.29014762310391423,176.0,10.0,0.04717761592900321
C_exact,13_10_54_30_17_66_26,True,0.08604059997014701,0.2742911646474818,179.0,10.0,0.053931605217938265
C_exact,13_12_53_23_54_25_36,True,0.11185310001019388,0.26348483456134897,170.0,12.0,0.05739291430095624
C_exact,13_13_23_43_67_48_9,True,0.03399419994093478,0.22006240603110463,173.0,14.0,0.05525031625532127
C_exact,13_17_23_52_44_31_36,True,0.0376883998978883,0.14889506611021158,181.0,18.0,0.05374915167102282
C_exact,13_18_2_86_37_14_46,True,0.3528916999930516,0.27701768907215746,185.0,18.0,0.053696407309517684
C_exact,13_19_41_19_63_36_25,True,0.04263309994712472,0.2904374220576553,168.0,19.0,0.050142897910099175
C_exact,13_1_7_76_84_25_10,True,0.03896310005802661,0.28901096243346736,180.0,1.0,0.05379584123319261
C_exact,13_20_22_31_49_65_16,True,0.03549820010084659,0.29056108797907654,185.0,20.0,0.0486320539449651
C_exact,13_21_13_47_61_32_29,True,0.07294849993195385,0.2712850902189314,181.0,21.0,0.04868276494863731
C_exact,13_22_31_22_44_58_26,True,0.0578211999963969,0.2600685050933876,184.0,22.0,0.0504533570986974
C_exact,13_23_33_30_42_21_54,True,0.26835899997968227,0.2060381598980984,186.0,23.0,0.04882303840295924
C_exact,13_24_29_51_22_45_32,True,0.04346000007353723,0.2217134425596855,168.0,24.0,0.06000665765949963
C_exact,13_25_20_35_37_78_8,True,0.0367774999467656,0.20997530173981602,176.0,25.0,0.056599646384239886
C_exact,13_25_23_38_61_23_33,True,0.03467349999118596,0.23410264450205953,169.0,26.0,0.056770008711643824
C_exact,13_26_41_28_23_48_37,True,0.5457807000493631,0.2020229641903591,171.0,28.0,0.059870880579166265
C_exact,13_27_43_20_37_35_41,True,0.5390662999125198,0.24378982985612246,169.0,27.0,0.0536497732700994
C_exact,13_29_39_24_37_31_43,True,0.5822352999821305,0.19497535023492282,168.0,31.0,0.056195494146874185
C_exact,13_2_6_78_81_28_8,True,0.03422040003351867,0.3272239871207473,178.0,2.0,0.05725700780593462
C_exact,13_30_19_37_40_37_40,True,0.042531799990683794,0.2535939815885306,180.0,30.0,0.05284712432326142
C_exact,13_31_25_14_73_9_51,True,0.3579109999118373,0.2349507726141243,181.0,32.0,0.05586474505000672
C_exact,13_31_31_22_40_41_38,True,0.5598041999619454,0.2565285999737812,174.0,32.0,0.054591128916733934
C_exact,13_33_24_38_22_47_39,True,0.21849910006858408,0.1898083132354298,174.0,34.0,0.05287894723456484
C_exact,13_33_27_45_18_32_48,True,0.5064204999944195,0.17090846607122764,169.0,35.0,0.053457205912288405
C_exact,13_33_9_49_24_56_32,True,0.24434839992318302,0.20914109984821894,181.0,34.0,0.04974943318118237
C_exact,13_34_13_38_38_46_34,True,0.06936860003042966,0.042320037426771005,178.0,39.0,0.09337729998586274
C_exact,13_34_17_36_36_36_44,True,0.4964091000147164,0.19412090475797955,180.0,36.0,0.05141291619222997
C_exact,13_36_17_26_48_44_32,True,0.04060499998740852,0.15351646348476833,174.0,37.0,0.06026806231309905
C_exact,13_36_23_33_32_21_58,True,0.43120340001769364,0.23174906262470532,179.0,36.0,0.0543310714121873
C_exact,13_36_24_31_34_39_39,True,0.3480581999756396,0.16777824219212417,169.0,37.0,0.06236280980132569
C_exact,13_3_13_78_79_21_9,True,0.033088000025600195,0.30205563896401977,167.0,3.0,0.059173124950032144
C_exact,13_3_18_61_91_22_8,True,0.032600399921648204,0.2603511798686854,170.0,3.0,0.05678021770626532
C_exact,13_41_18_15_38_48_43,True,0.5082400999963284,0.2321495140740829,184.0,41.0,0.05696632940801377
C_exact,13_4_13_70_84_26_6,True,0.03559600003063679,0.315321248161461,169.0,4.0,0.05682395330807741
C_exact,13_4_14_65_91_25_4,True,0.03505159995984286,0.25140109302978175,168.0,4.0,0.060214136131341224
C_exact,13_4_17_73_71_31_7,True,0.032762099988758564,0.2746531033057922,167.0,4.0,0.06738162311179144
C_exact,13_4_30_60_52_26_31,True,0.03482920001260936,0.2959998231787578,182.0,4.0,0.04983491928662892
C_exact,13_6_12_78_72_26_9,True,0.03365929995197803,0.2948511113241758,166.0,6.0,0.04940030394082261
C_exact,13_6_52_41_29_29_46,True,0.0921668999362737,0.27773666860841245,183.0,6.0,0.05117715700085561
C_exact,13_8_36_60_35_24_40,True,0.06335890002083033,0.3385842253445813,178.0,8.0,0.04978672860068728
C_exact,14_0_14_69_86_23_10,True,0.03384149994235486,0.3090102729787487,176.0,0.0,0.04936418923433522
C_exact,14_10_31_54_46_26_35,True,0.03577340010087937,0.24981089431840825,178.0,10.0,0.05239241132912155
C_exact,14_10_32_59_25_31_45,True,0.08915300003718585,0.3423485677299807,187.0,10.0,0.04720215312394959
C_exact,14_13_29_20_87_25_28,True,0.03298320004250854,0.31447781516298734,185.0,13.0,0.04751091635836655
C_exact,14_14_22_40_73_32_21,True,0.0347186999861151,0.2781556003107168,177.0,14.0,0.054684823958028525
C_exact,14_15_47_38_31_25_46,True,0.10621250001713634,0.2259035413694698,173.0,15.0,0.061035758004162034
C_exact,14_16_25_60_20_50_31,True,0.07892290002200752,0.20383852912148345,180.0,17.0,0.054880958872557575
C_exact,14_16_32_54_26_32_42,True,0.044783600023947656,0.2503060850846021,178.0,17.0,0.05191736009767829
C_exact,14_17_20_61_33_30_41,True,0.1274697999469936,0.27776941702594266,183.0,17.0,0.0560592980347586
C_exact,14_17_23_70_31_23_38,True,0.04058280005119741,0.17424546614611183,169.0,18.0,0.05240446152075865
C_exact,14_18_23_57_34_29_41,True,0.13535929995123297,0.2722410567960005,180.0,18.0,0.05948434672308289
C_exact,14_18_33_43_14_63_31,True,0.04616649996023625,0.22836465543418455,184.0,18.0,0.050473502051079554
C_exact,14_19_23_45_46_34_35,True,0.041905400110408664,0.24016536681042366,181.0,20.0,0.05390889564341859
C_exact,14_1_18_78_48_39_18,True,0.036192999919876456,0.27545276157569354,182.0,1.0,0.05651401512974085
C_exact,14_20_23_45_42_33_39,True,0.042167100007645786,0.2642283904068643,183.0,20.0,0.050604401790240026
C_exact,14_20_44_29_18_51_40,True,0.12870760005898774,0.2310199440294112,180.0,20.0,0.049471321410931114
C_exact,14_21_17_64_35_25_40,True,0.039227699977345765,0.23542651588705388,175.0,21.0,0.05556913374701039
C_exact,14_21_25_31_54_40_31,True,0.04085619992110878,0.27636415871156556,182.0,21.0,0.05134178333634648
C_exact,14_23_19_47_55_34_24,True,0.03588500001933426,0.22104581123301748,167.0,24.0,0.04956482488792648
C_exact,14_23_23_20_75_41_20,True,0.03755570005159825,0.2789632376056371,176.0,23.0,0.05095798021320714
C_exact,14_25_11_63_30_30_43,True,0.04736129997763783,0.18945418420087323,181.0,25.0,0.062426456247462445
C_exact,14_25_17_33_67_12_48,True,0.07547259994316846,0.24569175748444783,186.0,26.0,0.054081658637722484
C_exact,14_25_20_29_59_28_41,True,0.0789379000198096,0.2328864284241463,186.0,27.0,0.04974882789010766
C_exact,14_25_39_29_35_38_36,True,0.10313980001956224,0.1571621497101846,167.0,28.0,0.06016178922444679
C_exact,14_26_43_19_49_11_54,True,0.44351179990917444,0.21072793752338684,171.0,26.0,0.07753835105042377
C_exact,14_27_14_47_50_28_36,True,0.07861289998982102,0.2633560607596576,175.0,27.0,0.05336771547037705
C_exact,14_27_1_4_143_23_4,True,0.03420009999535978,0.2546488234730556,175.0,27.0,0.04382881234007635
C_exact,14_28_19_30_68_32_25,True,0.08448759990278631,0.21402815771718886,168.0,28.0,0.0514030675254473
C_exact,14_28_21_32_42_40_39,True,0.05349600000772625,0.23729532593366154,183.0,29.0,0.04868397908598277
C_exact,14_28_22_46_20_58_28,True,0.08324780000839382,0.2147732877222737,173.0,29.0,0.052859068098305845
C_exact,14_28_25_44_29_24_52,True,0.45089620002545416,0.1992120903186415,178.0,29.0,0.05487443218420644
C_exact,14_29_22_35_32_38_46,True,0.4926620000042021,0.24888707956537706,185.0,30.0,0.053858022383390866
C_exact,14_29_31_25_38_30_49,True,0.5032507000723854,0.2035731005115391,180.0,30.0,0.05266151082526499
C_exact,14_29_33_26_25_43_46,True,0.4900541000533849,0.17799341936261004,181.0,30.0,0.05814798466537652
C_exact,14_29_34_26_24_39_50,True,0.49563919997308403,0.21551054371561035,182.0,29.0,0.06689728854254791
C_exact,14_29_35_19_25_74_20,True,0.06369649991393089,0.20838004210469385,172.0,29.0,0.05235586666448968
C_exact,14_2_14_75_77_27_7,True,0.03500779997557402,0.3040588127608672,169.0,2.0,0.05778283604716123
C_exact,14_2_16_67_88_21_8,True,0.042859400040470064,0.2397531369276964,169.0,2.0,0.05128756604346993
C_exact,14_30_25_31_30_35_51,True,0.4708502000430599,0.2679852157003131,186.0,30.0,0.0505209643894939
C_exact,14_31_28_25_39_36_43,True,0.5257571999682114,0.25814494663856496,177.0,32.0,0.05013545603047732
C_exact,14_31_33_29_20_34_55,True,0.4418797999387607,0.22306717847206617,181.0,32.0,0.05148958178046547
C_exact,14_31_34_25_41_14_57,True,0.4721416999818757,0.2275127694096924,174.0,32.0,0.0579925121980925
C_exact,14_31_37_29_36_12_57,True,0.42744119989220053,0.2202886913555944,168.0,32.0,0.05903010918222067
C_exact,14_32_18_37_42_47_26,True,0.07952400005888194,0.25052258506209085,168.0,33.0,0.05247706917202082
C_exact,14_32_28_27_25_59_31,True,0.5602498999796808,0.23738709346078135,174.0,33.0,0.05874443158119781
C_exact,14_32_31_18_41_40_40,True,0.5807496000779793,0.2397856814916797,175.0,35.0,0.05001833080285915
C_exact,14_33_11_35_55_22_46,True,0.3762448000488803,0.25096044246667104,182.0,33.0,0.05077748996201107
C_exact,14_33_20_47_27_18_57,True,0.4049319000914693,0.18219195504355515,176.0,35.0,0.05612821171463596
C_exact,14_33_21_34_50_23_41,True,0.3745316999265924,0.2321562307210029,168.0,33.0,0.0510242762288539
C_exact,14_33_38_23_21_42_45,True,0.49124460003804415,0.2348466405609631,170.0,33.0,0.05737187624416965
C_exact,14_33_38_27_23_28_53,True,0.4573172000236809,0.20115266662487966,169.0,33.0,0.05522782991474578
C_exact,14_34_0_48_42_44_34,True,0.20544970000628382,0.2722333434433206,184.0,34.0,0.052034246851440105
C_exact,14_34_29_37_20_35_47,True,0.48381589993368834,0.1994417735245324,169.0,34.0,0.05939499434508095
C_exact,14_34_30_23_31_55_29,True,0.5398323000408709,0.23705977543202822,167.0,34.0,0.0550910585163199
C_exact,14_34_36_19_25_51_37,True,0.5273087999084964,0.1386918226859079,169.0,37.0,0.05929658534441222
C_exact,14_34_6_58_40_26_38,True,0.22516979998908937,0.2025500818475171,168.0,34.0,0.060427784555834654
C_exact,14_35_17_2_90_25_33,True,0.23151519999373704,0.1840293313181159,178.0,36.0,0.05416143135371447
C_exact,14_35_9_6_65_77_10,True,0.032436000066809356,0.24993892868704637,187.0,35.0,0.04375282003580524
C_exact,14_36_22_23_13_79_29,True,0.4685727000469342,0.23721443224271516,184.0,38.0,0.050379983767686945
C_exact,14_39_21_37_23_32_50,True,0.4708193000406027,0.23023954102776564,171.0,40.0,0.05515733543472423
C_exact,14_3_11_74_83_27_4,True,0.03394330001901835,0.27674736069776074,168.0,3.0,0.06880367187044863
C_exact,14_42_13_30_31_52_34,True,0.4806897999951616,0.21890142386925804,172.0,44.0,0.05423231613762731
C_exact,14_43_15_28_34_33_49,True,0.4702605999773368,0.17938824540926454,175.0,44.0,0.0597660238385404
C_exact,14_44_2_40_31_52_33,True,0.5583513000747189,0.25200536464977685,174.0,44.0,0.052103054365993474
C_exact,14_6_54_29_28_55_30,True,0.034192000050097704,0.28745383222277976,183.0,6.0,0.054994176711854054
C_exact,14_7_32_59_26_60_18,True,0.04409250000026077,0.24877910621740762,179.0,8.0,0.05221713767233977
C_exact,14_7_52_31_38_30_44,True,0.12743580003734678,0.28960496087528703,184.0,7.0,0.0520940081372886
C_exact,14_7_8_69_89_24_5,True,0.03296830004546791,0.18988189479822792,167.0,8.0,0.06783810770835022
C_exact,15_0_14_77_77_23_10,True,0.031073999940417707,0.30564853664315195,171.0,0.0,0.0576193390857558
C_exact,15_10_42_35_43_31_40,True,0.04459329997189343,0.21521094081387815,183.0,11.0,0.0574232106734039
C_exact,15_12_33_55_17_75_9,True,0.0396731001092121,0.2833743646012395,170.0,12.0,0.0496081840760152
C_exact,15_13_23_52_33_51_29,True,0.04167329997289926,0.29503477896875335,188.0,13.0,0.04755702174154748
C_exact,15_13_24_59_32_50_23,True,0.03642989997752011,0.26089933797223464,177.0,13.0,0.06664254038395606
C_exact,15_13_37_32_39_53_27,True,0.04345380002632737,0.2642780749560405,183.0,13.0,0.050314172301237005
C_exact,15_15_44_39_12_74_17,True,0.04232560005038977,0.18125759907139521,170.0,16.0,0.05357978961756238
C_exact,15_16_27_50_27_52_29,True,0.04250310000497848,0.22955770089078295,181.0,16.0,0.04730025194647811
C_exact,15_17_35_35_40_46_28,True,0.04568280000239611,0.27348194440074636,175.0,17.0,0.05199635958714504
C_exact,15_18_23_31_74_39_16,True,0.056757799931801856,0.2786102440066097,172.0,19.0,0.051488411195911174
C_exact,15_18_27_45_50_35_26,True,0.03516879992093891,0.29917311348229453,169.0,18.0,0.04782998218398916
C_exact,15_18_7_86_23_22_45,True,0.03917060000821948,0.2573776473297099,181.0,18.0,0.04643675537814989
C_exact,15_19_34_33_30_56_29,True,0.04555379995144904,0.25965656677221943,180.0,19.0,0.04705442344997976
C_exact,15_22_26_46_47_12_48,True,0.1499563999241218,0.23760570301151626,174.0,22.0,0.05857571388536699
C_exact,15_22_44_31_27_23_54,True,0.4151916999835521,0.22676167327975247,175.0,22.0,0.054675083871821635
C_exact,15_23_35_31_40_40_32,True,0.043676799978129566,0.2517482728303283,169.0,25.0,0.053313576819460265
C_exact,15_25_21_44_30_39_42,True,0.09083489992190152,0.2963944337993256,183.0,25.0,0.04666792228676781
C_exact,15_26_2_80_21_16_56,True,0.27246510004624724,0.2682634224203231,185.0,26.0,0.050254901623281056
C_exact,15_27_11_55_42_26_40,True,0.07698449993040413,0.29611389775806324,176.0,27.0,0.04868222208291809
C_exact,15_28_27_29_30_71_16,True,0.04896369995549321,0.23286785227562629,170.0,29.0,0.05002871118870435
C_exact,15_28_42_25_29_25_52,True,0.4607461999403313,0.2415876436787357,170.0,30.0,0.05683273175469728
C_exact,15_29_38_37_21_18_58,True,0.4507172000594437,0.24428284327347757,169.0,31.0,0.05457677610885631
C_exact,15_29_45_16_37_23_51,True,0.4439055999973789,0.201303742240863,168.0,30.0,0.06596752229867224
C_exact,15_2_33_45_64_53_4,True,0.03183089999947697,0.3095684734214359,174.0,2.0,0.049386996127427765
C_exact,15_2_6_81_86_21_5,True,0.031066800002008677,0.29770229478272736,168.0,2.0,0.053369554859497875
C_exact,15_30_10_43_42_47_29,True,0.033319100039079785,0.2629402728410091,178.0,30.0,0.05757948617970164
C_exact,15_32_25_23_47_45_29,True,0.3867727000033483,0.17738757018906584,169.0,32.0,0.0582422698727529
C_exact,15_34_11_33_51_49_23,True,0.21386560006067157,0.21993967797195751,171.0,35.0,0.059246710469226985
C_exact,15_34_24_15_56_25_47,True,0.4724872000515461,0.279691729706658,179.0,34.0,0.056650776778208206
C_exact,15_37_16_44_24_41_39,True,0.43473169999197125,0.16916405689713226,168.0,37.0,0.061979743891781104
C_exact,15_40_26_21_26_45_43,True,0.44817329989746213,0.15608175019572645,171.0,42.0,0.06169139010766149
C_exact,15_4_0_106_42_48_1,True,0.031105400063097477,0.29814523043470204,168.0,4.0,0.06750122303413245
C_exact,15_8_29_55_35_41_33,True,0.07632770005147904,0.362492716817158,187.0,8.0,0.05181698046414821
C_exact,15_8_45_29_47_29_43,True,0.09189989999867976,0.2540244380080145,188.0,8.0,0.05009672873048605
C_pruning,10_0_26_75_43_53_9,True,0.047825300018303096,0.27306630783206304,179.0,0.0,0.05985184713021202
C_pruning,10_13_50_46_13_69_15,True,18.039768400019966,0.15304275152822952,164.0,18.0,0.06386954281862377
C_pruning,10_14_31_40_49_48_24,True,0.03923460002988577,0.2226273839294849,183.0,15.0,0.06016313271876383
C_pruning,10_14_38_49_33_37_35,True,0.03969639993738383,0.25328229839323396,177.0,15.0,0.053987769718200296
C_pruning,10_15_23_72_21_73_2,True,0.04627749999053776,0.27102635050403545,164.0,15.0,0.058635078241985106
C_pruning,10_15_33_29_78_22_29,True,0.043025100021623075,0.23860073289494305,177.0,16.0,0.04847968548467721
C_pruning,10_16_39_60_18_32_41,True,0.24345099995844066,0.19255146061041772,171.0,16.0,0.06126130747288164
C_pruning,10_16_39_63_27_21_40,True,0.03504630003590137,0.2188134984930209,163.0,17.0,0.062499299186017813
C_pruning,10_17_39_36_48_31_35,True,0.03352409997023642,0.15953005140304868,175.0,22.0,0.05349095377387198
C_pruning,10_18_20_64_29_56_19,True,0.05132400000002235,0.21688219145242413,175.0,19.0,0.06351217295421485
C_pruning,10_18_31_51_18_63_25,True,0.09968540002591908,0.21162353323765326,180.0,20.0,0.053561910756303475
C_pruning,10_1_12_87_77_24_5,True,0.06561149994377047,0.26902251700540863,167.0,1.0,0.05836926698477005
C_pruning,10_1_17_90_68_19_11,True,0.17852289997972548,0.2326481412530442,164.0,1.0,0.063566863739615
C_pruning,10_20_30_45_45_47_19,True,0.03572000004351139,0.23115156337274545,167.0,20.0,0.05410848318185253
C_pruning,10_20_37_40_27_48_34,True,0.035414300044067204,0.16357760882610162,178.0,22.0,0.059319790335629015
C_pruning,10_20_42_30_46_44_24,True,0.03519550000783056,0.21523895746043814,166.0,22.0,0.05609537741176088
C_pruning,10_23_20_33_76_38_16,True,0.03923599992413074,0.19322575243788892,171.0,23.0,0.05660630677514185
C_pruning,10_24_14_63_41_47_17,True,0.04005130007863045,0.19847778358943305,166.0,26.0,0.056332159329282816
C_pruning,10_24_32_54_19_16_61,True,0.5106160000432283,0.14340711805670397,181.0,28.0,0.07084630579796562
C_pruning,10_24_32_58_21_16_55,True,0.214820499997586,0.11974865070940244,173.0,28.0,0.06280576137315394
C_pruning,10_24_41_26_35_34_46,True,0.07034650002606213,0.0809519803235933,180.0,27.0,0.05876828617389496
C_pruning,10_24_42_21_52_43_24,True,0.05040449998341501,0.16321253025888935,164.0,29.0,0.0684421772756994
C_pruning,10_25_38_19_45_38_41,True,0.07246039994060993,0.13683315515183667,182.0,28.0,0.05985534081627526
C_pruning,10_26_23_22_57_62_16,True,0.043908199993893504,0.20656648584197157,181.0,27.0,0.05362916437682546
C_pruning,10_26_27_27_49_49_28,True,0.0427251000655815,0.21086184258820612,180.0,28.0,0.05241407579644215
C_pruning,10_26_35_29_43_29_44,True,0.03996209998149425,0.19007372999326222,177.0,30.0,0.06148832502602375
C_pruning,10_27_20_36_44_65_14,True,0.054369800025597215,0.17778975248732942,175.0,28.0,0.06423704650393312
C_pruning,10_27_22_48_36_47_26,True,0.036774100037291646,0.15803899713118572,170.0,28.0,0.05865510589943623
C_pruning,10_27_26_46_39_39_29,True,0.03179410006850958,0.13515169478962705,166.0,31.0,0.059742756153456755
C_pruning,10_27_39_26_50_31_33,True,0.0342670000391081,0.1397221713984489,163.0,32.0,0.06796660404756108
C_pruning,10_28_25_40_47_14_52,True,0.06910069996956736,0.14291092478228692,179.0,32.0,0.060753087128613305
C_pruning,10_28_31_31_44_45_27,True,0.046355600003153086,0.11201777809117129,168.0,31.0,0.06148619943662747
C_pruning,10_2_16_74_87_20_7,True,0.08955899998545647,0.2550467709347871,168.0,2.0,0.06354761889746177
C_pruning,10_2_16_81_79_23_5,True,0.04648400004953146,0.292032837285644,164.0,2.0,0.05973966414802561
C_pruning,10_2_19_74_81_24_6,True,0.12451719993259758,0.2695027019089473,166.0,2.0,0.05397712333062598
C_pruning,10_2_20_68_88_22_6,True,0.05344479996711016,0.30188765321162314,167.0,2.0,0.049985443743994586
C_pruning,10_31_28_34_48_31_34,True,0.06121279997751117,0.13494897878294868,165.0,36.0,0.068319047124815
C_pruning,10_31_43_20_42_29_41,True,0.13673180004116148,0.0978106888096197,163.0,38.0,0.07167373459160771
C_pruning,10_32_27_33_11_71_32,True,63.968953800038435,0.14391481816460083,183.0,37.0,0.05316975375567522
C_pruning,10_33_26_22_21_83_21,True,0.2667759000323713,0.10353923796907673,183.0,41.0,0.05951544119065241
C_pruning,10_34_21_39_46_37_29,True,0.03120990004390478,0.1303358597942327,163.0,36.0,0.060522875410818446
C_pruning,10_35_24_26_58_17_46,True,0.15916819998528808,0.18827740181448369,172.0,39.0,0.056297720006354246
C_pruning,10_36_9_36_65_12_48,True,0.18725540000014007,0.2578690715829013,180.0,36.0,0.05638614806674322
C_pruning,10_37_18_19_53_58_21,True,0.07423749996814877,0.18549501574072588,174.0,38.0,0.056409389143997686
C_pruning,10_38_10_30_56_46_26,True,0.039329699939116836,0.23715418343969194,174.0,39.0,0.053823948285125225
C_pruning,10_38_12_41_41_33_41,True,0.16120949992910028,0.21015009352192354,175.0,39.0,0.0632555577575965
C_pruning,10_38_24_26_40_48_30,True,0.1514089999254793,0.12118304479237989,167.0,42.0,0.08035943620034121
C_pruning,10_38_7_51_19_63_28,True,0.04421219998039305,0.19476394272562003,177.0,41.0,0.0579977404713212
C_pruning,10_39_28_18_27_53_41,True,1.1340877999318764,0.12353001844674065,179.0,45.0,0.05635038700253433
C_pruning,10_3_12_74_87_21_9,True,0.0722127000335604,0.2961784021830863,173.0,3.0,0.049300398909918934
C_pruning,10_3_12_76_85_23_7,True,0.15910469996742904,0.24676620546431702,171.0,3.0,0.05486638933715304
C_pruning,10_3_14_84_73_27_5,True,0.0545362998964265,0.21445989520751715,165.0,4.0,0.06662950646552764
C_pruning,10_3_15_72_85_27_4,True,0.7828821999719366,0.26096042566194405,169.0,3.0,0.05326371990779782
C_pruning,10_3_15_85_73_22_8,True,0.07451139995828271,0.23695302146592123,164.0,3.0,0.05836580417815724
C_pruning,10_3_21_63_87_24_8,True,0.24506720004137605,0.2321898568426105,170.0,3.0,0.06690010168385273
C_pruning,10_40_19_21_35_57_34,True,0.1936385000590235,0.13466569655116517,180.0,41.0,0.059559287700252254
C_pruning,10_40_31_28_24_40_43,True,0.6021019000327215,0.17188540428012886,165.0,44.0,0.05780931918477973
C_pruning,10_42_3_39_55_41_26,True,0.29672570002730936,0.23987319217860753,168.0,43.0,0.05239880213388106
C_pruning,10_44_16_35_44_13_54,False,120.03508790000342,,,,
C_pruning,10_48_16_27_23_55_37,True,23.462564099929295,0.20952553335507682,170.0,50.0,0.058908787016553506
C_pruning,10_4_16_77_77_25_7,True,0.12910609995014966,0.2671758469244221,166.0,4.0,0.055070134394358726
C_pruning,10_4_9_80_82_24_7,True,0.08532690000720322,0.27097981396441356,171.0,4.0,0.046163609507582824
C_pruning,10_5_10_79_78_28_6,True,0.06898059998638928,0.2638378210317469,170.0,5.0,0.057841131316652604
C_pruning,10_5_11_75_88_20_7,True,0.10821499989833683,0.2621091873607964,168.0,6.0,0.05727623795723094
C_pruning,10_5_17_69_84_24_7,True,0.06372560001909733,0.28097396196164137,167.0,5.0,0.051527681072204706
C_pruning,10_5_27_58_46_63_7,True,0.07995619997382164,0.2598580727874584,182.0,5.0,0.051058600820778004
C_pruning,10_6_17_76_75_24_8,True,0.03885459993034601,0.2513742324732416,163.0,6.0,0.057680274470940145
C_pruning,10_6_22_64_54_46_14,True,0.04059260000940412,0.2372886935227282,181.0,7.0,0.05527907976606065
C_pruning,11_0_10_80_89_22_4,True,0.528343899990432,0.23880328662700176,171.0,0.0,0.05718412463477909
C_pruning,11_0_13_82_80_24_6,True,0.08785759995225817,0.2155126806090768,170.0,0.0,0.05653098657841662
C_pruning,11_0_49_25_87_41_3,True,0.8203355999430642,0.2360918255714156,168.0,0.0,0.05249033899092874
C_pruning,11_0_62_36_28_74_5,True,0.17790300003252923,0.2603092673123738,168.0,0.0,0.06250282565363033
C_pruning,11_10_55_31_45_31_33,True,0.04792589996941388,0.22971113525071188,169.0,10.0,0.0594927237830855
C_pruning,11_11_43_46_20_51_34,True,0.08611549995839596,0.20287625637310977,183.0,13.0,0.06105716914695855
C_pruning,11_12_20_69_45_25_34,True,0.0355047999182716,0.27283269475181443,180.0,12.0,0.06805204218672489
C_pruning,11_13_14_69_60_28_21,True,0.04238230001647025,0.19693512666505006,173.0,15.0,0.057046114804032495
C_pruning,11_14_28_62_22_42_37,True,0.04002570000011474,0.25506106402966444,184.0,14.0,0.04833327604111402
C_pruning,11_15_28_64_27_39_32,True,0.032683199970051646,0.2589368745982456,175.0,15.0,0.05462633627082511
C_pruning,11_15_43_40_46_25_36,True,0.051188700017519295,0.14747354164522467,169.0,18.0,0.06662160011517859
C_pruning,11_15_48_35_26_48_33,True,0.03321159991901368,0.2704680773441183,175.0,15.0,0.06276693410023157
C_pruning,11_15_50_30_35_43_32,True,0.03670419997069985,0.1563961026294141,172.0,15.0,0.07677843065099763
C_pruning,11_16_42_27_49_49_22,True,0.04672220000065863,0.23077469838585904,173.0,16.0,0.06395266177138495
C_pruning,11_16_52_21_41_47_28,True,0.04102659993804991,0.22192898325262803,171.0,17.0,0.05908478610043208
C_pruning,11_17_45_35_36_34_38,True,0.056234900024719536,0.23607549524893895,173.0,17.0,0.06039600222091175
C_pruning,11_18_36_28_36_64_23,True,0.05121760000474751,0.23208083937085733,184.0,20.0,0.0513341123836553
C_pruning,11_19_44_24_41_29_48,True,0.04067859996575862,0.21682421989493927,184.0,19.0,0.061272988782443506
C_pruning,11_19_52_33_30_28_43,True,0.04345789994113147,0.2096585300356894,166.0,20.0,0.06176419246809799
C_pruning,11_1_14_80_83_21_6,True,0.16386770003009588,0.2740927131244579,167.0,1.0,0.05323728937734971
C_pruning,11_1_16_67_92_22_7,True,0.035159299965016544,0.2899141359750293,173.0,1.0,0.05422891203242462
C_pruning,11_20_28_65_21_25_46,True,0.039698799955658615,0.0830693808850364,174.0,25.0,0.05604102323389668
C_pruning,11_20_33_40_47_34_31,True,0.03572709998115897,0.2081991131710936,171.0,21.0,0.05296409144340638
C_pruning,11_20_35_45_18_51_36,True,0.12968669994734228,0.17707578495101742,180.0,23.0,0.05728236871935958
C_pruning,11_20_43_25_43_41_33,True,0.05405499995686114,0.16613826311441954,174.0,22.0,0.05933430917296109
C_pruning,11_21_32_21_78_30_23,True,0.03574060008395463,0.2538709987618077,170.0,21.0,0.06346005904964153
C_pruning,11_21_34_21_78_30_21,True,0.041456000064499676,0.22503324893177087,166.0,21.0,0.05198758167833048
C_pruning,11_22_44_37_25_43_34,True,0.037544000078924,0.2336248294436349,166.0,23.0,0.06663634125164485
C_pruning,11_24_46_22_39_30_44,True,0.06824819999746978,0.1116107284048512,172.0,27.0,0.056088166751949727
C_pruning,11_24_7_61_51_25_37,True,0.04034249996766448,0.2015568364010899,182.0,24.0,0.061331560747391815
C_pruning,11_25_24_36_57_25_38,True,0.0584123000735417,0.17943097019926768,177.0,28.0,0.05772969421750701
C_pruning,11_25_34_42_25_57_22,True,0.043454399914480746,0.15282706813764058,164.0,28.0,0.05832502353385496
C_pruning,11_26_22_41_31_63_22,True,0.039180500083602965,0.21417946422518414,178.0,28.0,0.05900247599121958
C_pruning,11_26_30_33_32_57_27,True,0.0732990000396967,0.18272715083182214,176.0,32.0,0.05209260613807736
C_pruning,11_26_31_23_58_21_46,True,0.055252499994821846,0.17134973257338904,181.0,29.0,0.06070173541889848
C_pruning,11_26_35_15_56_61_12,True,0.4103218000382185,0.21879670069453683,167.0,27.0,0.05707291750477951
C_pruning,11_26_35_22_21_78_23,True,0.513561200001277,0.24664468456061328,183.0,27.0,0.05201480607314508
C_pruning,11_27_22_28_27_97_4,True,0.05851110001094639,0.18468344766479464,182.0,31.0,0.04961168923135914
C_pruning,11_27_25_51_22_44_36,True,0.04580329998861998,0.18199223661366112,173.0,29.0,0.06061771205937644
C_pruning,11_28_25_43_29_37_43,True,0.03891529992688447,0.17192186961842829,179.0,31.0,0.056902520454948556
C_pruning,11_2_16_75_83_23_6,True,0.059357999940402806,0.27411821096669875,167.0,2.0,0.057189539167012735
C_pruning,11_2_9_77_89_21_7,True,0.3103556999703869,0.2984470555866159,173.0,2.0,0.05564168975065523
C_pruning,11_30_32_26_49_28_40,True,0.0557697000913322,0.13296889736039905,170.0,33.0,0.0658732725226953
C_pruning,11_30_41_17_32_41_44,True,5.08918230002746,0.0619332514524153,176.0,38.0,0.10023183556531721
C_pruning,11_31_30_41_26_18_59,True,0.04456409998238087,0.11298314492820674,177.0,36.0,0.07162474223895549
C_pruning,11_31_30_46_19_13_66,True,3.620885099982843,0.15587002558696395,179.0,34.0,0.0581022686762086
C_pruning,11_31_40_19_36_22_57,True,1.3698679000372067,0.13284062578417766,178.0,35.0,0.06368186288860145
C_pruning,11_33_21_49_27_22_53,True,0.044805899960920215,0.1823877088318159,175.0,35.0,0.05587848800134504
C_pruning,11_33_36_24_31_31_50,True,0.06350560009013861,0.13316815284863026,174.0,38.0,0.05868535252743679
C_pruning,11_34_10_53_42_19_47,True,0.0372181999264285,0.14431020731317382,175.0,36.0,0.05567087343201249
C_pruning,11_35_31_27_37_30_45,True,0.0668996999738738,0.15058327242539607,169.0,38.0,0.06755769796155409
C_pruning,11_36_15_44_39_32_39,True,0.038522299961186945,0.1638122706184591,170.0,39.0,0.0613123099942798
C_pruning,11_37_28_32_31_33_44,True,0.13216550007928163,0.1457837529868694,167.0,39.0,0.06550329567571696
C_pruning,11_38_20_27_31_43_46,True,0.48900589998811483,0.2074524635878181,183.0,40.0,0.047749346335045094
C_pruning,11_38_21_33_21_43_49,True,1.888789499993436,0.1999255221508195,182.0,40.0,0.06999524068340184
C_pruning,11_39_27_30_31_25_53,True,13.203490399988368,0.17902229857982518,171.0,43.0,0.06296437314890484
C_pruning,11_3_10_77_85_22_8,True,0.12062280008103698,0.3018235196839053,172.0,3.0,0.05212293309007855
C_pruning,11_3_17_73_82_24_6,True,0.21876209997572005,0.21026295536771228,166.0,3.0,0.06407019314375131
C_pruning,11_40_27_27_28_47_36,True,0.5811172999674454,0.1636601040204416,165.0,45.0,0.0626540990950045
C_pruning,11_41_15_31_12_82_24,True,4.361083300085738,0.2183616034931574,179.0,42.0,0.0637401783670813
C_pruning,11_43_21_18_54_33_36,True,2.1467816999647766,0.18973702101645543,164.0,47.0,0.05278716898180557
C_pruning,11_44_3_42_55_14_47,True,80.92464480001945,0.14065968830143427,170.0,45.0,0.06618076014942074
C_pruning,11_46_7_47_21_43_41,True,17.050604699994437,0.18422787695346596,169.0,47.0,0.06979937721986025
C_pruning,11_4_15_69_83_29_5,True,0.11614169995300472,0.2439295832459939,170.0,4.0,0.050760242266092034
C_pruning,11_5_11_79_79_26_5,True,0.31377789995167404,0.2528104583702211,166.0,5.0,0.06573995385064159
C_pruning,11_5_20_66_82_25_7,True,0.039005400030873716,0.28818463777686054,165.0,5.0,0.05294136026425604
C_pruning,11_5_38_46_48_63_5,True,0.06976549990940839,0.2576537795563899,174.0,5.0,0.04442339599599452
C_pruning,11_5_45_45_58_38_14,True,0.03865499992389232,0.26173302253109515,164.0,5.0,0.05342209499821828
C_pruning,11_6_60_40_22_48_29,True,0.04605280002579093,0.24954893936722514,170.0,6.0,0.06687106810430489
C_pruning,12_10_13_70_66_26_19,True,0.03440030000638217,0.2606650497361596,174.0,10.0,0.061914400510927496
C_pruning,12_11_34_30_58_55_16,True,0.0347567000426352,0.1894714360072442,183.0,12.0,0.05872999601629716
C_pruning,12_12_31_60_32_26_43,True,0.04677170002833009,0.2762905232309693,182.0,12.0,0.05977666377510668
C_pruning,12_14_24_10_105_46_5,True,0.12991499993950129,0.2793969495484726,183.0,14.0,0.05190749472132016
C_pruning,12_14_37_37_48_37_31,True,0.03903420001734048,0.19417474741186758,178.0,17.0,0.059783546697432896
C_pruning,12_14_44_34_36_40_36,True,0.03978570003528148,0.07274962510143212,179.0,19.0,0.07794333559014004
C_pruning,12_14_51_29_38_29_43,True,0.05512479995377362,0.20022215437464544,176.0,17.0,0.06107109362404943
C_pruning,12_15_27_56_32_57_17,True,0.034211099962703884,0.18470013062684215,173.0,16.0,0.05587920205984745
C_pruning,12_17_17_66_52_27_25,True,0.037648199941031635,0.21190492729144675,168.0,18.0,0.05897237342522524
C_pruning,12_17_31_52_27_29_48,True,0.049281699932180345,0.2166420156874556,185.0,19.0,0.05486795937354089
C_pruning,12_17_48_40_27_23_49,True,0.0445356999989599,0.23147762392550647,172.0,18.0,0.05445939056916456
C_pruning,12_19_36_33_58_26_32,True,0.038307399954646826,0.23756849656969292,169.0,20.0,0.05994477579907351
C_pruning,12_1_18_69_89_20_7,True,0.30013180000241846,0.24737220491375736,168.0,2.0,0.06349265000342565
C_pruning,12_20_29_37_56_33_29,True,0.038126799976453185,0.22290407828634232,173.0,21.0,0.0677336520423361
C_pruning,12_21_27_29_60_48_19,True,0.0485522000817582,0.22390803039425997,175.0,21.0,0.05870739132865589
C_pruning,12_21_42_26_45_33_37,True,0.04335129994433373,0.16708684145294445,172.0,24.0,0.0629226090508104
C_pruning,12_24_27_55_28_33_37,True,0.05236239999067038,0.23338779668021642,168.0,26.0,0.06822016117422262
C_pruning,12_25_23_43_32_38_43,True,0.04090649995487183,0.18383282041122076,185.0,27.0,0.05454313907424252
C_pruning,12_25_42_41_22_22_52,True,0.08763460000045598,0.14553033212848537,168.0,27.0,0.062205062304503816
C_pruning,12_26_49_23_24_29_53,True,0.21729039994534105,0.1404113779757006,173.0,30.0,0.08028678402427222
C_pruning,12_27_16_63_35_8_55,True,0.19018419994972646,0.12422901805613604,176.0,29.0,0.06375005484259064
C_pruning,12_28_12_29_80_43_12,True,0.04009200003929436,0.23360118710184036,170.0,28.0,0.05400617227902579
C_pruning,12_28_39_38_22_30_47,True,0.04330859996844083,0.12530079384115547,167.0,35.0,0.06841105279874254
C_pruning,12_29_23_39_37_46_30,True,0.07898949994705617,0.10248934712177155,172.0,35.0,0.07211412617470161
C_pruning,12_29_30_40_29_45_31,True,0.042054399964399636,0.1617242391198468,165.0,29.0,0.07551633784993475
C_pruning,12_30_33_41_18_43_39,True,0.2917230000020936,0.18264218508898034,167.0,35.0,0.06031035532735546
C_pruning,12_31_21_34_40_49_29,True,0.09291060001123697,0.19219048890776785,174.0,34.0,0.066497844864206
C_pruning,12_31_35_36_12_57_33,True,28.489409600035287,0.22214438069649264,167.0,31.0,0.05553474112531015
C_pruning,12_32_28_41_17_57_29,True,0.10708159999921918,0.17697301596149076,166.0,35.0,0.05684281447759322
C_pruning,12_32_37_21_37_37_40,True,0.10478070005774498,0.14746370702152195,168.0,38.0,0.07243329081860836
C_pruning,12_33_13_43_47_20_48,True,0.052212300011888146,0.1900864721452288,179.0,34.0,0.053272601770413465
C_pruning,12_33_1_50_62_41_17,True,0.049846500041894615,0.1941281228244227,167.0,34.0,0.062364944327377075
C_pruning,12_33_32_39_21_32_47,True,0.10671670001465827,0.1285438712645952,167.0,37.0,0.05725678811335968
C_pruning,12_35_31_26_18_51_43,True,2.4873626000480726,0.17926762172473637,177.0,37.0,0.06724734077561617
C_pruning,12_36_21_30_41_32_44,True,0.318366099963896,0.12906742701203014,175.0,42.0,0.054080951139913215
C_pruning,12_36_25_33_26_31_53,True,0.3788065999979153,0.23474117027190577,178.0,37.0,0.05042377705655313
C_pruning,12_36_31_28_27_40_42,True,0.46159479999914765,0.11353767717993284,168.0,42.0,0.07149511301796663
C_pruning,12_40_10_50_27_32_45,True,0.42841060005594045,0.11134713526162808,171.0,42.0,0.06969046609237549
C_pruning,12_40_24_23_27_35_55,True,65.96888990001753,0.06368072427330752,182.0,49.0,0.08705486140741804
C_pruning,12_42_23_26_8_86_19,True,28.25642200000584,0.19505740625037066,168.0,46.0,0.0641912690600257
C_pruning,12_44_15_29_15_69_32,True,2.5029563999269158,0.16846428359349366,176.0,48.0,0.05545703864954732
C_pruning,12_45_10_39_22_46_42,True,32.770723999943584,0.18102409564923416,173.0,47.0,0.05651614845540448
C_pruning,12_4_10_70_87_22_11,True,0.043609999935142696,0.2634659387906799,176.0,4.0,0.05415981408863066
C_pruning,12_4_18_68_82_24_8,True,0.11155170004349202,0.2768486134875318,167.0,4.0,0.054611201180934335
C_pruning,12_4_36_51_41_55_17,True,0.04293140000663698,0.3251980186184437,182.0,4.0,0.053703638663108504
C_pruning,12_4_46_49_49_39_17,True,0.034354800009168684,0.16164724419878762,165.0,5.0,0.05748031979121479
C_pruning,12_5_15_75_78_22_9,True,0.0986780000384897,0.23783032965961615,165.0,5.0,0.0595741013042859
C_pruning,13_0_62_29_47_39_26,True,0.03930409997701645,0.26800972042383153,173.0,0.0,0.06349688535892342
C_pruning,13_10_30_36_71_42_14,True,0.03607839997857809,0.2195220991725939,176.0,12.0,0.06028349487774462
C_pruning,13_10_54_30_17_66_26,True,0.10801009996794164,0.15713019995912056,179.0,14.0,0.05163475108792698
C_pruning,13_12_53_23_54_25_36,True,0.03595020005013794,0.22032803761785924,170.0,14.0,0.05526208534370026
C_pruning,13_13_23_43_67_48_9,True,0.08169800008181483,0.20201572239420543,173.0,15.0,0.05764239135851117
C_pruning,13_17_23_52_44_31_36,True,0.036568500101566315,0.1347882589248525,181.0,19.0,0.05940177552264555
C_pruning,13_18_2_86_37_14_46,True,0.05921650002710521,0.26503975298500815,185.0,18.0,0.056587608994780506
C_pruning,13_19_41_19_63_36_25,True,0.0336441999534145,0.22622325625361833,168.0,20.0,0.05478096063422164
C_pruning,13_1_7_76_84_25_10,True,0.033421200001612306,0.2882250268003767,180.0,1.0,0.05212008851069049
C_pruning,13_20_22_31_49_65_16,True,0.04454610007815063,0.19482914545241622,185.0,21.0,0.06296867225339942
C_pruning,13_21_13_47_61_32_29,True,0.040198800037615,0.1703020970972517,181.0,22.0,0.05157968267940983
C_pruning,13_22_31_22_44_58_26,True,0.05023269995581359,0.15240918579387736,184.0,27.0,0.05142369059046426
C_pruning,13_23_33_30_42_21_54,True,0.03496259998064488,0.1975811405703653,186.0,26.0,0.05439407478947369
C_pruning,13_24_29_51_22_45_32,True,0.07304359995760024,0.22152754300401056,168.0,24.0,0.05907722070735017
C_pruning,13_25_20_35_37_78_8,True,0.04974669998046011,0.2527137056779441,176.0,26.0,0.06478875768445422
C_pruning,13_25_23_38_61_23_33,True,0.05157650006003678,0.20461002325764885,169.0,26.0,0.061540655840852124
C_pruning,13_26_41_28_23_48_37,True,0.052639000001363456,0.0829804565608324,171.0,32.0,0.08370897462532238
C_pruning,13_27_43_20_37_35_41,True,0.6269870999967679,0.17962836204492122,169.0,29.0,0.06393516104116134
C_pruning,13_29_39_24_37_31_43,True,0.06680879998020828,0.18758373110215326,168.0,32.0,0.06130956687464389
C_pruning,13_2_6_78_81_28_8,True,0.05229210003744811,0.29732120754748276,178.0,2.0,0.058781788722880736
C_pruning,13_30_19_37_40_37_40,True,0.05729860009159893,0.25934455468599626,180.0,32.0,0.05450107738088719
C_pruning,13_31_25_14_73_9_51,True,0.11408440000377595,0.21538495670120647,181.0,33.0,0.05583319018014551
C_pruning,13_31_31_22_40_41_38,True,0.07330400007776916,0.24154865222877248,174.0,33.0,0.05533643943827456
C_pruning,13_33_24_38_22_47_39,True,0.052022899966686964,0.16397365808385125,174.0,37.0,0.05647932967429762
C_pruning,13_33_27_45_18_32_48,True,0.4674711999250576,0.17083828341581692,169.0,36.0,0.06405718814072732
C_pruning,13_33_9_49_24_56_32,True,0.05756949994247407,0.189069511126722,181.0,34.0,0.05681463754684365
C_pruning,13_34_13_38_38_46_34,True,0.1011276999488473,0.2162129199956185,178.0,36.0,0.05591039929110112
C_pruning,13_34_17_36_36_36_44,True,0.05883260001428425,0.21217878724441516,180.0,36.0,0.06240916775917736
C_pruning,13_36_17_26_48_44_32,True,0.05748900002799928,0.19624440981145064,174.0,37.0,0.05237348916761857
C_pruning,13_36_23_33_32_21_58,True,6.142609300091863,0.16685156222881894,179.0,38.0,0.06042139375777905
C_pruning,13_36_24_31_34_39_39,True,0.321345999953337,0.21030092353051485,169.0,40.0,0.05889561733907072
C_pruning,13_3_13_78_79_21_9,True,0.25990160007495433,0.24146242953739971,167.0,3.0,0.0521864013615273
C_pruning,13_3_18_61_91_22_8,True,0.03963260003365576,0.29154680048864634,170.0,3.0,0.05942835108808498
C_pruning,13_41_18_15_38_48_43,True,4.84736969997175,0.15175688270012594,184.0,46.0,0.05276141212432569
C_pruning,13_4_13_70_84_26_6,True,0.11303859995678067,0.26450670707831764,169.0,4.0,0.05320816799259576
C_pruning,13_4_14_65_91_25_4,True,0.16969429992605,0.2343831827595615,168.0,5.0,0.05738400227376303
C_pruning,13_4_17_73_71_31_7,True,0.05271670001093298,0.2689663487678987,167.0,4.0,0.05619717283106397
C_pruning,13_4_30_60_52_26_31,True,0.04799969994928688,0.28472158338092435,182.0,5.0,0.052366725926177325
C_pruning,13_6_12_78_72_26_9,True,0.03339120000600815,0.2333471499564902,166.0,6.0,0.05330461126103253
C_pruning,13_6_52_41_29_29_46,True,0.037526499945670366,0.1932186087376813,183.0,7.0,0.060972021194466305
C_pruning,13_8_36_60_35_24_40,True,0.03575750009622425,0.272832768551388,178.0,8.0,0.0530555928615225
C_pruning,14_0_14_69_86_23_10,True,0.04088490002322942,0.26726635109678265,176.0,0.0,0.059828254659840166
C_pruning,14_10_31_54_46_26_35,True,0.03419400006532669,0.2894755499698436,178.0,10.0,0.056459259198609106
C_pruning,14_10_32_59_25_31_45,True,0.05296100000850856,0.2738309667221872,187.0,11.0,0.05523679442057524
C_pruning,14_13_29_20_87_25_28,True,0.040174499968998134,0.2843966740315451,185.0,13.0,0.05085927025457113
C_pruning,14_14_22_40_73_32_21,True,0.04447580000851303,0.26962677750814396,177.0,15.0,0.060570075498006457
C_pruning,14_15_47_38_31_25_46,True,0.03541050001513213,0.21879072909741892,173.0,17.0,0.05536945747937995
C_pruning,14_16_25_60_20_50_31,True,0.03853020002134144,0.26086303044718345,180.0,16.0,0.05774140376983052
C_pruning,14_16_32_54_26_32_42,True,0.03801530005875975,0.22968969656134722,178.0,18.0,0.06918949821090777
C_pruning,14_17_20_61_33_30_41,True,0.036612700088880956,0.23909985341062076,183.0,18.0,0.054442321173933585
C_pruning,14_17_23_70_31_23_38,True,0.03550570004153997,0.2043457948433124,169.0,17.0,0.06310211779531591
C_pruning,14_18_23_57_34_29_41,True,0.03607399994507432,0.22521066820335056,180.0,19.0,0.05852349238370886
C_pruning,14_18_33_43_14_63_31,True,3.848033499903977,0.08384346934601805,184.0,22.0,0.06332251492062792
C_pruning,14_19_23_45_46_34_35,True,0.03848939994350076,0.2787665007427107,181.0,19.0,0.05481755873426544
C_pruning,14_1_18_78_48_39_18,True,0.03648890007752925,0.29637806926922483,182.0,1.0,0.05458621765088753
C_pruning,14_20_23_45_42_33_39,True,0.040070699993520975,0.22959036123172658,183.0,21.0,0.05207088873130853
C_pruning,14_20_44_29_18_51_40,True,0.11402079998515546,0.25106366437444766,180.0,21.0,0.05239494529475576
C_pruning,14_21_17_64_35_25_40,True,0.03598629997577518,0.18348863507393615,175.0,22.0,0.055970446559381486
C_pruning,14_21_25_31_54_40_31,True,0.03657800005748868,0.21335963506944366,182.0,23.0,0.05123995559586394
C_pruning,14_23_19_47_55_34_24,True,0.04233699990436435,0.18847973171924481,167.0,25.0,0.06363302484874854
C_pruning,14_23_23_20_75_41_20,True,0.03959260007832199,0.2413017786198351,176.0,27.0,0.05250637205163998
C_pruning,14_25_11_63_30_30_43,True,0.040406899992376566,0.14243543626973348,181.0,27.0,0.06147487635791292
C_pruning,14_25_17_33_67_12_48,True,0.3220869000069797,0.24203054943540508,186.0,26.0,0.04997567506272138
C_pruning,14_25_20_29_59_28_41,True,0.036599099985323846,0.2859836514980775,186.0,25.0,0.052104856150094
C_pruning,14_25_39_29_35_38_36,True,0.04957290005404502,0.10346606691412696,167.0,31.0,0.06940244370257884
C_pruning,14_26_43_19_49_11_54,True,2.0945061000529677,0.16007660727418607,171.0,32.0,0.061860581943541076
C_pruning,14_27_14_47_50_28_36,True,0.07634580007288605,0.18810654344239763,175.0,28.0,0.06323718780078731
C_pruning,14_27_1_4_143_23_4,True,33.55160510004498,0.2941685221242662,175.0,27.0,0.05135003792610339
C_pruning,14_28_19_30_68_32_25,True,0.04046739998739213,0.17637540665857812,168.0,32.0,0.05578382222121471
C_pruning,14_28_21_32_42_40_39,True,0.038676599971950054,0.17336902514931188,183.0,30.0,0.050657979120595026
C_pruning,14_28_22_46_20_58_28,True,0.05475979996845126,0.10703737877080816,173.0,31.0,0.06961830502910177
C_pruning,14_28_25_44_29_24_52,True,0.047018300043419003,0.137758132207343,178.0,32.0,0.06139886901227435
C_pruning,14_29_22_35_32_38_46,True,0.03447140008211136,0.2122791323430838,185.0,31.0,0.052545443107112635
C_pruning,14_29_31_25_38_30_49,True,0.07868679997045547,0.16151444749665433,180.0,32.0,0.06129365799786804
C_pruning,14_29_33_26_25_43_46,True,0.04309199994895607,0.1314252609495775,181.0,32.0,0.058402583839537385
C_pruning,14_29_34_26_24_39_50,True,0.07389870006591082,0.19186411150959376,182.0,32.0,0.05680885976317805
C_pruning,14_29_35_19_25_74_20,True,0.16216499998699874,0.1168982683969302,172.0,35.0,0.06392637858829753
C_pruning,14_2_14_75_77_27_7,True,0.16026990010868758,0.27356337781608997,169.0,2.0,0.06136876863536847
C_pruning,14_2_16_67_88_21_8,True,0.19506589998491108,0.24680038522934536,169.0,2.0,0.0549529613157297
C_pruning,14_30_25_31_30_35_51,True,0.0749215999385342,0.1635175012520622,186.0,32.0,0.05388554822566622
C_pruning,14_31_28_25_39_36_43,True,0.07840130000840873,0.17407150082912998,177.0,35.0,0.06317922048800033
C_pruning,14_31_33_29_20_34_55,True,0.23567950003780425,0.15152524426972486,181.0,37.0,0.05973707049274869
C_pruning,14_31_34_25_41_14_57,True,0.07279080001171678,0.17563827385762587,174.0,32.0,0.058584991417924524
C_pruning,14_31_37_29_36_12_57,True,0.054246800020337105,0.20568769061870695,168.0,33.0,0.06503126927817263
C_pruning,14_32_18_37_42_47_26,True,0.056939000030979514,0.23039852146781659,168.0,34.0,0.058045377949967364
C_pruning,14_32_28_27_25_59_31,True,0.040959600009955466,0.23523336196471706,174.0,32.0,0.055022132279894206
C_pruning,14_32_31_18_41_40_40,True,0.7134457000065595,0.18276495621799296,175.0,35.0,0.062212110522877756
C_pruning,14_33_11_35_55_22_46,True,0.04375790001358837,0.1890482279874989,182.0,35.0,0.059267984035926244
C_pruning,14_33_20_47_27_18_57,True,0.09137190005276352,0.14933348934144958,176.0,37.0,0.056377083275797164
C_pruning,14_33_21_34_50_23_41,True,0.03343259997200221,0.22056835587542162,168.0,33.0,0.05680910212665788
C_pruning,14_33_38_23_21_42_45,True,2.8070794999366626,0.12626537503807972,170.0,41.0,0.061573292588929046
C_pruning,14_33_38_27_23_28_53,True,0.29936519998591393,0.12291227001082622,169.0,37.0,0.08348643419225556
C_pruning,14_34_0_48_42_44_34,True,0.103503999998793,0.16482808086560888,184.0,35.0,0.056661888188071066
C_pruning,14_34_29_37_20_35_47,True,0.20368919998873025,0.15474134253793606,169.0,38.0,0.06968294513933723
C_pruning,14_34_30_23_31_55_29,True,0.17346610000822693,0.1769814145636584,167.0,37.0,0.053512853177881806
C_pruning,14_34_36_19_25_51_37,True,2.3298736999277025,0.08005465705823354,169.0,41.0,0.06917793043300843
C_pruning,14_34_6_58_40_26_38,True,0.038544900016859174,0.22043783914739207,168.0,34.0,0.061790405955985776
C_pruning,14_35_17_2_90_25_33,True,6.649098600028083,0.21834782283561557,178.0,37.0,0.052857806811048236
C_pruning,14_35_9_6_65_77_10,True,0.3174146000528708,0.254313013660229,187.0,35.0,0.04677094864422896
C_pruning,14_36_22_23_13_79_29,True,0.7527841000119224,0.08897634480588806,184.0,42.0,0.05483870187950191
C_pruning,14_39_21_37_23_32_50,True,71.92979900003411,0.2341819680402517,171.0,39.0,0.05980372024708436
C_pruning,14_3_11_74_83_27_4,True,0.19986720010638237,0.2327839589186137,168.0,3.0,0.05509330198973606
C_pruning,14_42_13_30_31_52_34,True,0.23913869995158166,0.1264129212375764,172.0,45.0,0.06380774663440696
C_pruning,14_43_15_28_34_33_49,False,120.03111330000684,,,,
C_pruning,14_44_2_40_31_52_33,True,1.7564436999382451,0.1262729943785683,174.0,45.0,0.05321425372625145
C_pruning,14_6_54_29_28_55_30,True,0.03634190000593662,0.14251593926620337,183.0,7.0,0.06363644522923423
C_pruning,14_7_32_59_26_60_18,True,0.035724899964407086,0.2389393444475911,179.0,9.0,0.05738807778967361
C_pruning,14_7_52_31_38_30_44,True,0.04416239995043725,0.2891171125470462,184.0,7.0,0.057756105035612335
C_pruning,14_7_8_69_89_24_5,True,0.6433788000140339,0.23862581153241513,167.0,8.0,0.06700698738854889
C_pruning,15_0_14_77_77_23_10,True,0.03733459999784827,0.3049815174777418,171.0,0.0,0.04840249360061759
C_pruning,15_10_42_35_43_31_40,True,0.0452242000028491,0.2806622573638013,183.0,10.0,0.05529112031264933
C_pruning,15_12_33_55_17_75_9,True,0.1411579999839887,0.21829774514642256,170.0,13.0,0.05037932609740188
C_pruning,15_13_23_52_33_51_29,True,0.03383239998947829,0.2856839198061755,188.0,13.0,0.050744988485910164
C_pruning,15_13_24_59_32_50_23,True,0.036938700010068715,0.17106974492485816,177.0,15.0,0.06361990000216383
C_pruning,15_13_37_32_39_53_27,True,0.03438470000401139,0.19504737898701852,183.0,15.0,0.05126654172010582
C_pruning,15_15_44_39_12_74_17,True,2.906309200101532,0.17666798517047028,170.0,18.0,0.06331469225067879
C_pruning,15_16_27_50_27_52_29,True,0.03781100001651794,0.20841473371928182,181.0,17.0,0.05347926705519576
C_pruning,15_17_35_35_40_46_28,True,0.0352047000778839,0.18386652384509602,175.0,18.0,0.061294015945154316
C_pruning,15_18_23_31_74_39_16,True,0.03304589993786067,0.23149008998808737,172.0,19.0,0.06352525186851907
C_pruning,15_18_27_45_50_35_26,True,0.03206510003656149,0.2489684469455979,169.0,19.0,0.06796791728279702
C_pruning,15_18_7_86_23_22_45,True,0.07460930000524968,0.257014889512662,181.0,18.0,0.055546463576084004
C_pruning,15_19_34_33_30_56_29,True,0.04934189992491156,0.20640603549360148,180.0,20.0,0.05704237416769855
C_pruning,15_22_26_46_47_12_48,True,0.16849220008589327,0.16743189115556206,174.0,25.0,0.06616928974945821
C_pruning,15_22_44_31_27_23_54,True,0.04063350008800626,0.18986219460976778,175.0,24.0,0.05754671862948301
C_pruning,15_23_35_31_40_40_32,True,0.044579400098882616,0.15227682630184056,169.0,29.0,0.06106738524741232
C_pruning,15_25_21_44_30_39_42,True,0.08710519992746413,0.2603056339304958,183.0,25.0,0.054943574154719566
C_pruning,15_26_2_80_21_16_56,True,0.919240599963814,0.25913596385027626,185.0,27.0,0.056520239505308455
C_pruning,15_27_11_55_42_26_40,True,0.06269170006271452,0.15499374258899976,176.0,31.0,0.0588898916081705
C_pruning,15_28_27_29_30_71_16,True,0.04032680008094758,0.18354227507200452,170.0,30.0,0.058051359091138316
C_pruning,15_28_42_25_29_25_52,True,0.06383560004178435,0.13632110885977716,170.0,34.0,0.06955622439845498
C_pruning,15_29_38_37_21_18_58,True,0.8166606000158936,0.14710907482549637,169.0,32.0,0.07077688890404539
C_pruning,15_29_45_16_37_23_51,True,8.377764799981378,0.1352709306962881,168.0,33.0,0.07524785384633052
C_pruning,15_2_33_45_64_53_4,True,0.04529379995074123,0.29788731735671736,174.0,2.0,0.06097116417500852
C_pruning,15_2_6_81_86_21_5,True,0.22328450006898493,0.285863069177842,168.0,2.0,0.05152121815251966
C_pruning,15_30_10_43_42_47_29,True,0.08897249994333833,0.21065909108762887,178.0,31.0,0.057094369304891646
C_pruning,15_32_25_23_47_45_29,True,0.05124069994781166,0.19173660577862175,169.0,35.0,0.05685297719178502
C_pruning,15_34_11_33_51_49_23,True,0.08305279992055148,0.2558862111535881,171.0,34.0,0.054112959514730816
C_pruning,15_34_24_15_56_25_47,True,2.5699092000722885,0.2360059702541971,179.0,37.0,0.053432229329130304
C_pruning,15_37_16_44_24_41_39,True,0.09548489993903786,0.10451772675738558,168.0,43.0,0.08093067159849589
C_pruning,15_40_26_21_26_45_43,True,8.104850800009444,0.0900238198780498,171.0,46.0,0.05302492652331931
C_pruning,15_4_0_106_42_48_1,True,17.74441340006888,0.2773880694606598,168.0,4.0,0.05078210442854322
C_pruning,15_8_29_55_35_41_33,True,0.03767399990465492,0.2823022835378535,187.0,8.0,0.055636237501088266
C_pruning,15_8_45_29_47_29_43,True,0.04713319998700172,0.3170885552619076,188.0,8.0,0.04870635756973222
