method,sites,partners,target,attempts,successes,median_s,q25_s,q75_s,p90_s,distinct
C_exact,216,6,A,100,100,0.02776,0.0219145,0.032896499999999995,0.041586700000000004,100
C_exact,216,6,B,100,100,0.36553749999999996,0.35742725,0.37778925,0.3863745,100
C_exact,216,6,T,100,100,0.0270345,0.02385225,0.03213875,0.0354379,100
C_exact,216,18,A,100,100,0.050615999999999994,0.03933375,0.07164,0.0948274,100
C_exact,216,18,B,100,100,0.020191,0.01926225,0.024072,0.027786,100
C_exact,216,18,T,100,100,0.0382045,0.028694249999999998,0.06963425000000001,0.09123750000000001,100
C_exact,216,26,A,100,100,0.024281,0.02091975,0.032042749999999995,0.0387329,100
C_exact,216,26,B,100,100,0.025658,0.02073875,0.03086225,0.045562700000000005,100
C_exact,216,26,T,100,100,0.02427,0.02041175,0.02932975,0.031825700000000005,100
C_exact,512,6,A,100,100,0.028474,0.025175,0.0341805,0.043222300000000026,100
C_exact,512,6,B,100,100,0.6385825,0.623095,0.65421375,0.6713667999999999,100
C_exact,512,6,T,100,100,0.044811500000000004,0.036763000000000004,0.054935250000000005,0.06577090000000002,100
C_exact,512,18,A,100,100,0.033543,0.02374325,0.047225500000000004,0.06264560000000001,100
C_exact,512,18,B,100,100,0.041355,0.03062575,0.06385675,0.0784785,100
C_exact,512,18,T,100,100,0.033774,0.02816875,0.0406105,0.056022000000000044,100
C_exact,512,26,A,100,100,0.051493,0.03249275,0.07747575,0.1137847,100
C_exact,512,26,B,100,100,0.059589,0.035436999999999996,0.09025775,0.11402840000000002,100
C_exact,512,26,T,100,100,0.051513500000000004,0.035388,0.08478274999999999,0.10193610000000006,100
C_exact,1000,6,A,100,100,0.035567,0.030676250000000002,0.04157725,0.046706700000000025,100
C_exact,1000,6,B,100,100,1.077005,1.01880975,1.1627535,1.243981,100
C_exact,1000,6,T,100,100,0.10524649999999999,0.08168275,0.14539875,0.21381520000000007,100
C_exact,1000,18,A,100,100,0.036318500000000004,0.0298635,0.0454155,0.0704198,100
C_exact,1000,18,B,100,100,0.034183000000000005,0.03085825,0.038581000000000004,0.0424471,100
C_exact,1000,18,T,100,100,0.030248499999999998,0.0274515,0.034411500000000005,0.03759700000000002,100
C_exact,1000,26,A,100,100,0.0365025,0.031013,0.046671000000000004,0.0661811,100
C_exact,1000,26,B,100,100,0.038253999999999996,0.033843,0.046779,0.05832120000000001,100
C_exact,1000,26,T,100,100,0.0416365,0.0339685,0.049814,0.05705070000000001,100
C_exact,1728,6,A,100,100,0.0605095,0.05357425,0.0680835,0.0834744,100
C_exact,1728,6,B,100,100,1.8484085000000001,1.7661275,2.08487375,2.4634478,100
C_exact,1728,6,T,100,100,0.371923,0.2547165,0.594336,1.223078100000001,100
C_exact,1728,18,A,100,100,0.0487165,0.040710249999999996,0.0542015,0.0609089,100
C_exact,1728,18,B,100,100,0.06267400000000001,0.048275,0.08551775,0.09717080000000002,100
C_exact,1728,18,T,100,100,0.059525999999999996,0.0472855,0.0731645,0.08555600000000002,100
C_exact,1728,26,A,100,100,0.0576235,0.049631999999999996,0.0678525,0.0806497,100
C_exact,1728,26,B,100,100,0.059535000000000005,0.0500765,0.08061325,0.12049830000000004,100
C_exact,1728,26,T,100,100,0.0614955,0.05174025,0.072277,0.08267060000000004,100
C_pruning,216,6,A,100,100,0.031489,0.0241095,0.0391855,0.04843630000000001,100
C_pruning,216,6,B,100,18,37.8507295,25.3351115,59.712419,89.8028369,18
C_pruning,216,6,T,100,100,0.0318625,0.02551925,0.040758,0.049240900000000025,100
C_pruning,216,18,A,100,100,0.059924000000000005,0.0440025,0.09533825,0.13893130000000004,100
C_pruning,216,18,B,100,100,13.080518,6.49137825,26.70183025,40.1610334,100
C_pruning,216,18,T,100,100,0.075125,0.055689749999999996,0.1158095,0.14979710000000004,100
C_pruning,216,26,A,100,18,56.969886,32.004510749999994,83.73591525,85.4126286,18
C_pruning,216,26,B,100,0,,,,,0
C_pruning,216,26,T,100,4,91.7945275,87.25479625,95.7800005,100.0224664,4
C_pruning,512,6,A,100,100,0.058693499999999996,0.040993749999999995,0.092207,0.1424552,100
C_pruning,512,6,B,10,0,,,,,0
C_pruning,512,6,T,100,100,0.11826049999999999,0.06221525,0.161811,0.2601485,100
C_pruning,512,18,A,100,100,0.245862,0.10932,0.50328825,0.9307009,100
C_pruning,512,18,B,10,0,,,,,0
C_pruning,512,18,T,100,100,0.5805285,0.3589245,1.1581635000000001,1.916067900000001,100
C_pruning,512,26,A,10,0,,,,,0
C_pruning,512,26,B,10,0,,,,,0
C_pruning,512,26,T,10,0,,,,,0
C_pruning,1000,6,A,100,100,0.21211400000000002,0.1201445,0.37072575,0.6426403000000003,100
C_pruning,1000,6,B,10,0,,,,,0
C_pruning,1000,6,T,100,100,4.557004,1.63513675,8.7635345,18.241220100000007,100
C_pruning,1000,18,A,100,100,0.757141,0.396482,1.82995875,2.7785321,100
C_pruning,1000,18,B,10,0,,,,,0
C_pruning,1000,18,T,100,96,23.811995500000002,10.213328,59.82754275,91.5610135,96
C_pruning,1000,26,A,10,0,,,,,0
C_pruning,1000,26,B,10,0,,,,,0
C_pruning,1000,26,T,10,0,,,,,0
C_pruning,1728,6,A,100,100,0.8363505,0.47248825,1.86751,2.8845274,100
C_pruning,1728,6,B,10,0,,,,,0
C_pruning,1728,6,T,100,6,82.463448,30.201799,93.13754675,107.6208255,6
C_pruning,1728,18,A,100,100,4.1183445,1.4928732500000002,6.48373375,11.940112000000006,100
C_pruning,1728,18,B,10,0,,,,,0
C_pruning,1728,18,T,10,0,,,,,0
C_pruning,1728,26,A,10,0,,,,,0
C_pruning,1728,26,B,10,0,,,,,0
C_pruning,1728,26,T,10,0,,,,,0
python_exact,216,6,A,100,100,0.0398255,0.026648,0.05352175,0.0692971,100
python_exact,216,6,B,100,100,12.6350365,12.045536,14.93286075,17.214955500000002,100
python_exact,216,6,T,100,100,0.117528,0.07475725,0.17862325,0.276634,100
python_exact,216,18,A,100,100,0.014901500000000002,0.01096725,0.017447499999999998,0.0211542,100
python_exact,216,18,B,100,100,0.01824,0.014681,0.0218385,0.028000500000000008,100
python_exact,216,18,T,100,100,0.0150935,0.011073,0.018388,0.023817600000000005,100
python_exact,216,26,A,100,100,0.0172155,0.012396500000000001,0.021518,0.026484100000000007,100
python_exact,216,26,B,100,100,0.0162105,0.011592,0.02048425,0.030023,100
python_exact,216,26,T,100,100,0.014495500000000001,0.01129925,0.01842225,0.023005100000000007,100
python_exact,512,6,A,100,100,0.1280115,0.093256,0.15441875,0.18280330000000003,100
python_exact,512,6,B,100,100,26.390776000000002,23.664851,29.4406995,31.753919000000003,100
python_exact,512,6,T,100,100,0.5756840000000001,0.44785075,0.8153835,1.2156690000000006,100
python_exact,512,18,A,100,100,0.0490675,0.0403375,0.06164125,0.07784160000000002,100
python_exact,512,18,B,100,100,0.0597245,0.048116,0.0827445,0.0973031,100
python_exact,512,18,T,100,100,0.0493615,0.0382095,0.066446,0.08533950000000001,100
python_exact,512,26,A,100,100,0.0578365,0.045943250000000005,0.07601975,0.09272970000000001,100
python_exact,512,26,B,100,100,0.074173,0.0566455,0.09713150000000001,0.1172294,100
python_exact,512,26,T,100,100,0.067128,0.054002999999999995,0.08617525000000001,0.1150279,100
python_exact,1000,6,A,100,100,0.3643265,0.299906,0.50756425,0.6031080000000001,100
python_exact,1000,6,B,100,100,43.640390499999995,38.8862815,47.61932,51.593501,100
python_exact,1000,6,T,100,100,2.904047,2.0224677499999997,4.8168185,7.097107500000001,100
python_exact,1000,18,A,100,100,0.15207700000000002,0.1362405,0.17218125,0.21736220000000003,100
python_exact,1000,18,B,100,100,0.195326,0.16342725000000002,0.25200375,0.31320490000000006,100
python_exact,1000,18,T,100,100,0.1667315,0.146281,0.21152474999999998,0.24141420000000002,100
python_exact,1000,26,A,100,100,0.1837505,0.15317475,0.21291075,0.23771590000000006,100
python_exact,1000,26,B,100,100,0.205789,0.16251375,0.26380725,0.3555743000000001,100
python_exact,1000,26,T,100,100,0.189659,0.15878675,0.2315295,0.2532361,100
python_exact,1728,6,A,100,100,0.9918555,0.7202805,1.32171375,1.6708023,100
python_exact,1728,6,B,100,98,79.191846,70.01974150000001,94.845924,114.3822706,98
python_exact,1728,6,T,100,100,13.3630385,8.03774925,17.67492975,25.357376500000015,100
python_exact,1728,18,A,100,100,0.48610949999999997,0.42861025,0.5683375,0.6554907999999999,100
python_exact,1728,18,B,100,100,0.624951,0.5116075,0.7799254999999999,1.0087025000000003,100
python_exact,1728,18,T,100,100,0.5414475000000001,0.46786875,0.6295255,0.7442191,100
python_exact,1728,26,A,100,100,0.588381,0.5100345,0.69970625,0.7529497000000002,100
python_exact,1728,26,B,100,100,0.634261,0.5125817500000001,0.8663465,1.3142816000000004,100
python_exact,1728,26,T,100,100,0.56881,0.5093427500000001,0.66712425,0.7972251,100
python_pruning,216,6,A,100,100,0.17269800000000002,0.07298450000000001,0.316957,0.6310770000000003,100
python_pruning,216,6,B,100,1,56.903431,56.903431,56.903431,56.903431,1
python_pruning,216,6,T,100,100,0.051395,0.027499,0.08600975,0.1563116,100
python_pruning,216,18,A,100,100,0.1081905,0.061190999999999995,0.16514725,0.29825070000000015,100
python_pruning,216,18,B,100,97,20.592293,8.225382,38.833039,54.372483400000014,97
python_pruning,216,18,T,100,100,0.091387,0.051359,0.16494725,0.24263410000000016,100
python_pruning,216,26,A,100,16,56.886175,38.666598750000006,72.0373925,88.80628,16
python_pruning,216,26,B,100,0,,,,,0
python_pruning,216,26,T,100,3,22.566645,22.234045000000002,71.206707,100.3907442,3
python_pruning,512,6,A,100,100,0.9796165,0.46869849999999996,1.847455,3.054749700000002,100
python_pruning,512,6,B,10,0,,,,,0
python_pruning,512,6,T,100,100,0.5318115,0.301663,0.866909,1.4208193000000005,100
python_pruning,512,18,A,100,100,0.4043675,0.22855324999999999,0.8360587500000001,1.1740953000000007,100
python_pruning,512,18,B,10,0,,,,,0
python_pruning,512,18,T,100,100,0.8936865,0.50167475,1.63272875,2.4437021,100
python_pruning,512,26,A,10,0,,,,,0
python_pruning,512,26,B,10,0,,,,,0
python_pruning,512,26,T,10,0,,,,,0
python_pruning,1000,6,A,100,100,4.0131045,1.84208175,8.01445025,12.054981200000002,100
python_pruning,1000,6,B,10,0,,,,,0
python_pruning,1000,6,T,100,100,13.6633475,5.41557425,25.530345,39.36059670000002,100
python_pruning,1000,18,A,100,100,1.1579635000000001,0.6477715,2.08302375,3.475041400000001,100
python_pruning,1000,18,B,10,0,,,,,0
python_pruning,1000,18,T,100,95,18.716174,9.326925,38.936947,74.36312160000007,95
python_pruning,1000,26,A,10,0,,,,,0
python_pruning,1000,26,B,10,0,,,,,0
python_pruning,1000,26,T,10,0,,,,,0
python_pruning,1728,6,A,100,100,14.152295,7.02686475,26.06678575,44.93976070000001,100
python_pruning,1728,6,B,10,0,,,,,0
python_pruning,1728,6,T,10,0,,,,,0
python_pruning,1728,18,A,100,100,3.211888,1.9187967499999998,6.108444749999999,8.3462494,100
python_pruning,1728,18,B,10,0,,,,,0
python_pruning,1728,18,T,10,0,,,,,0
python_pruning,1728,26,A,10,0,,,,,0
python_pruning,1728,26,B,10,0,,,,,0
python_pruning,1728,26,T,10,0,,,,,0
