spec,shells,n,mean_ring,mean_ring_sd,js,js_sd,frac_odd
N100,1,10,4.919187389444607,0.07717835644710123,0.488166001996141,0.009854094766987676,0.0018998207537408713
N100,2,10,5.108410252721501,0.05710454237312124,0.1805489677128506,0.015347855097395472,0.5502676343955037
N100,3,10,5.4743961103083585,0.06462974117083095,0.11414067631798694,0.01362172013152066,0.5379863537025655
N100,4,10,5.685235954078636,0.07995582767063275,0.08219695393084332,0.008869358444038081,0.531433817277652
N100,5,10,6.24901074156979,0.027320624812985504,0.023037283070147546,0.0030735654879527658,0.49556737688335006
N100,6,10,6.471021287990142,0.09579940057493481,0.014231865335153545,0.007163701923693883,0.498223619987301
N100,8,10,6.761446114158209,0.07452658430135646,0.009302122443972018,0.002544521589544967,0.5084917629930644
N20,1,10,5.265329605340847,0.02543169278573842,0.3759113389590021,0.0019693519491756463,0.0
N20,2,10,5.466676925984391,0.021584467506724533,0.022035537188041493,0.0014910105013727444,0.5312687550848887
N20,3,10,5.792313080196787,0.023281329499673046,0.008366989014750985,0.0011176470583293548,0.5108520151883521
N20,4,10,6.048442002475445,0.04353868609929588,0.0056072501957874,0.0017514914694970762,0.5134877518015404
N20,5,10,6.652362753629163,0.03224771651896021,0.025298306166533318,0.003316792941155777,0.5127471089390271
N20,6,10,6.9682189893426765,0.03413703465797588,0.049313189224821724,0.00519673807119072,0.498210376149992
N20,8,10,7.443669381658276,0.034499378205203275,0.09915993837002196,0.0049792831424677105,0.5002600323604288
