spec,shells,seed,success,calls,mean_ring,js,frac_odd,core_edges,dist
N20,1,1,True,1,5.265444670739987,0.3776995930064342,0.0,4419,"{""4"": 2062, ""6"": 1954, ""8"": 367, ""10"": 36}"
N20,1,2,True,1,5.282933454051607,0.3748411976365318,0.0,4418,"{""4"": 2052, ""6"": 1952, ""8"": 366, ""10"": 42, ""12"": 6}"
N20,1,3,True,1,5.25,0.37351353145891986,0.0,4424,"{""4"": 2187, ""6"": 1770, ""8"": 406, ""10"": 61}"
N20,1,4,True,1,5.231847998190455,0.37478004677866456,0.0,4421,"{""4"": 2206, ""6"": 1769, ""8"": 386, ""10"": 58, ""12"": 2}"
N20,1,5,True,1,5.242252883962904,0.3770763845382147,0.0,4421,"{""4"": 2131, ""6"": 1880, ""8"": 365, ""10"": 44, ""12"": 1}"
N20,1,6,True,1,5.274332277048438,0.37622227306321765,0.0,4418,"{""4"": 2057, ""6"": 1955, ""8"": 358, ""10"": 48}"
N20,1,7,True,1,5.301651957456438,0.3760274908335136,0.0,4419,"{""4"": 1983, ""6"": 2053, ""8"": 329, ""10"": 51, ""12"": 3}"
N20,1,8,True,1,5.303462321792261,0.3726485719668403,0.0,4419,"{""4"": 2038, ""6"": 1929, ""8"": 405, ""10"": 47}"
N20,1,9,True,1,5.263706388763027,0.3773223472974964,0.0,4414,"{""4"": 2065, ""6"": 1961, ""8"": 342, ""10"": 40, ""12"": 6}"
N20,1,10,True,1,5.23766410140335,0.37898195301018756,0.0,4418,"{""4"": 2117, ""6"": 1908, ""8"": 353, ""10"": 40}"
N20,2,1,True,1,5.509062075215224,0.019862494780686885,0.5208427729950159,4414,"{""3"": 614, ""4"": 804, ""5"": 889, ""6"": 873, ""7"": 634, ""8"": 383, ""9"": 133, ""10"": 51, ""11"": 29, ""12"": 4}"
N20,2,2,True,1,5.4642614023144995,0.022052365228510375,0.5302927161334241,4407,"{""3"": 664, ""4"": 866, ""5"": 879, ""6"": 753, ""7"": 640, ""8"": 359, ""9"": 138, ""10"": 81, ""11"": 16, ""12"": 11}"
N20,2,3,True,1,5.46897022050466,0.023229921264142722,0.5223914526028642,4399,"{""3"": 664, ""4"": 741, ""5"": 921, ""6"": 937, ""7"": 546, ""8"": 373, ""9"": 140, ""10"": 46, ""11"": 25, ""12"": 4, ""13"": 2}"
N20,2,4,True,1,5.431751078809902,0.02256887718254595,0.553713377242789,4404,"{""3"": 756, ""4"": 783, ""5"": 887, ""6"": 793, ""7"": 601, ""8"": 299, ""9"": 160, ""10"": 85, ""11"": 34, ""12"": 5}"
N20,2,5,True,1,5.477195371000681,0.02420735483631322,0.5209893351486272,4407,"{""3"": 603, ""4"": 790, ""5"": 891, ""6"": 939, ""7"": 669, ""8"": 324, ""9"": 124, ""10"": 53, ""11"": 9, ""12"": 5}"
N20,2,6,True,1,5.486621315192743,0.020352935392445433,0.5356009070294785,4410,"{""3"": 604, ""4"": 873, ""5"": 916, ""6"": 764, ""7"": 665, ""8"": 341, ""9"": 152, ""10"": 69, ""11"": 25, ""12"": 1}"
N20,2,7,True,1,5.472052500565739,0.02025031887723658,0.5591762842272007,4419,"{""3"": 704, ""4"": 783, ""5"": 897, ""6"": 775, ""7"": 678, ""8"": 312, ""9"": 171, ""10"": 73, ""11"": 21, ""12"": 5}"
N20,2,8,True,1,5.4535965509416835,0.021723234162016866,0.5178125709099161,4407,"{""3"": 687, ""4"": 856, ""5"": 813, ""6"": 866, ""7"": 587, ""8"": 341, ""9"": 165, ""10"": 56, ""11"": 28, ""12"": 6, ""13"": 2}"
N20,2,9,True,1,5.450158586316267,0.02247606716257059,0.5113275940190304,4414,"{""3"": 605, ""4"": 944, ""5"": 885, ""6"": 817, ""7"": 552, ""8"": 350, ""9"": 183, ""10"": 38, ""11"": 32, ""12"": 8}"
N20,2,10,True,1,5.453100158982512,0.02363180299394631,0.5405405405405406,4403,"{""3"": 698, ""4"": 800, ""5"": 844, ""6"": 826, ""7"": 670, ""8"": 343, ""9"": 147, ""10"": 52, ""11"": 17, ""12"": 2, ""13"": 4}"
N20,3,1,True,1,5.790465380249716,0.00792353490946817,0.504199772985244,4405,"{""3"": 497, ""4"": 702, ""5"": 781, ""6"": 943, ""7"": 721, ""8"": 436, ""9"": 194, ""10"": 93, ""11"": 25, ""12"": 10, ""13"": 3}"
N20,3,2,True,1,5.771642808452625,0.00900804263875835,0.49829584185412407,4401,"{""3"": 478, ""4"": 710, ""5"": 788, ""6"": 970, ""7"": 702, ""8"": 454, ""9"": 199, ""10"": 72, ""11"": 26, ""12"": 2}"
N20,3,3,True,1,5.803178206583428,0.007929693942519292,0.5019296254256527,4405,"{""3"": 458, ""4"": 726, ""5"": 834, ""6"": 914, ""7"": 679, ""8"": 462, ""9"": 201, ""10"": 88, ""11"": 31, ""12"": 4, ""13"": 8}"
N20,3,4,True,1,5.7979614949037375,0.01012452928960273,0.5037372593431484,4415,"{""3"": 411, ""4"": 662, ""5"": 876, ""6"": 1060, ""7"": 693, ""8"": 409, ""9"": 219, ""10"": 56, ""11"": 25, ""12"": 4}"
N20,3,5,True,1,5.773520743595556,0.010133401009095102,0.5017002947177511,4411,"{""3"": 494, ""4"": 787, ""5"": 746, ""6"": 830, ""7"": 770, ""8"": 489, ""9"": 180, ""10"": 81, ""11"": 21, ""12"": 8, ""13"": 2, ""14"": 3}"
N20,3,6,True,1,5.744897959183674,0.008229430156248392,0.5108843537414965,4410,"{""3"": 498, ""4"": 722, ""5"": 813, ""6"": 957, ""7"": 709, ""8"": 381, ""9"": 209, ""10"": 87, ""11"": 24, ""12"": 10}"
N20,3,7,True,1,5.816391215757301,0.007061600544142977,0.5191306316504415,4418,"{""3"": 475, ""4"": 637, ""5"": 872, ""6"": 930, ""7"": 717, ""8"": 468, ""9"": 200, ""10"": 86, ""11"": 29, ""12"": 3}"
N20,3,8,True,1,5.817789879736782,0.007533724829579276,0.5243930111186749,4407,"{""3"": 462, ""4"": 650, ""5"": 915, ""6"": 860, ""7"": 693, ""8"": 501, ""9"": 224, ""10"": 82, ""11"": 17, ""12"": 3}"
N20,3,9,True,1,5.793377183034702,0.0070539982954484146,0.5323202540258563,4409,"{""3"": 510, ""4"": 653, ""5"": 877, ""6"": 866, ""7"": 724, ""8"": 447, ""9"": 201, ""10"": 89, ""11"": 31, ""12"": 7, ""13"": 4}"
N20,3,10,True,1,5.813905930470348,0.008671934532647148,0.5119291070211316,4401,"{""3"": 509, ""4"": 713, ""5"": 720, ""6"": 895, ""7"": 802, ""8"": 435, ""9"": 194, ""10"": 88, ""11"": 25, ""12"": 17, ""13"": 3}"
N20,4,1,True,1,6.130247333787157,0.007988026058863937,0.49693669162695714,4407,"{""3"": 357, ""4"": 611, ""5"": 636, ""6"": 892, ""7"": 904, ""8"": 609, ""9"": 255, ""10"": 102, ""11"": 38, ""12"": 3}"
N20,4,2,True,1,5.978433598183882,0.00777329142969538,0.5219069239500568,4405,"{""3"": 382, ""4"": 575, ""5"": 872, ""6"": 906, ""7"": 804, ""8"": 532, ""9"": 204, ""10"": 84, ""11"": 28, ""12"": 9, ""13"": 9}"
N20,4,3,True,1,6.0306539509536785,0.004221538036806034,0.5306539509536785,4404,"{""3"": 416, ""4"": 558, ""5"": 820, ""6"": 842, ""7"": 801, ""8"": 567, ""9"": 275, ""10"": 87, ""11"": 25, ""12"": 9, ""14"": 4}"
N20,4,4,True,1,6.054047942107643,0.0077720485934319045,0.49909543193125283,4422,"{""3"": 307, ""4"": 648, ""5"": 742, ""6"": 990, ""7"": 863, ""8"": 481, ""9"": 261, ""10"": 85, ""11"": 27, ""12"": 11, ""13"": 7}"
N20,4,5,True,1,5.985264112446157,0.004328903384268631,0.5275447744275674,4411,"{""3"": 413, ""4"": 615, ""5"": 785, ""6"": 880, ""7"": 847, ""8"": 495, ""9"": 240, ""10"": 81, ""11"": 42, ""12"": 8, ""16"": 5}"
N20,4,6,True,1,6.057875624148888,0.0034541533206458854,0.5136177939173854,4406,"{""3"": 368, ""4"": 609, ""5"": 773, ""6"": 881, ""7"": 818, ""8"": 545, ""9"": 267, ""10"": 96, ""11"": 37, ""12"": 12}"
N20,4,7,True,1,6.064245175936436,0.005572240387832734,0.5164585698070374,4405,"{""3"": 371, ""4"": 563, ""5"": 766, ""6"": 911, ""7"": 847, ""8"": 566, ""9"": 261, ""10"": 82, ""11"": 30, ""12"": 8}"
N20,4,8,True,1,6.0606884057971016,0.005778519743785877,0.519927536231884,4416,"{""3"": 389, ""4"": 545, ""5"": 790, ""6"": 920, ""7"": 846, ""8"": 533, ""9"": 246, ""10"": 106, ""11"": 21, ""12"": 10, ""13"": 4, ""14"": 6}"
N20,4,9,True,1,6.07371286005897,0.003524028994610892,0.503288727602631,4409,"{""3"": 386, ""4"": 611, ""5"": 748, ""6"": 882, ""7"": 767, ""8"": 578, ""9"": 285, ""10"": 104, ""11"": 31, ""12"": 15, ""13"": 2}"
N20,4,10,True,1,6.049251021334544,0.005659752007932725,0.5054471175669542,4406,"{""3"": 369, ""4"": 576, ""5"": 791, ""6"": 935, ""7"": 795, ""8"": 550, ""9"": 243, ""10"": 110, ""11"": 24, ""12"": 8, ""13"": 5}"
N20,5,1,True,1,6.594005449591281,0.021034710415584863,0.5122615803814714,4404,"{""3"": 221, ""4"": 385, ""5"": 588, ""6"": 869, ""7"": 962, ""8"": 747, ""9"": 422, ""10"": 141, ""11"": 63, ""12"": 6}"
N20,5,2,True,1,6.635003400589436,0.02226909489427012,0.5171163001586941,4411,"{""3"": 239, ""4"": 381, ""5"": 591, ""6"": 776, ""7"": 966, ""8"": 791, ""9"": 427, ""10"": 171, ""11"": 57, ""12"": 11, ""13"": 1}"
N20,5,3,True,1,6.620299048482102,0.021089365229499033,0.4979610330765745,4414,"{""3"": 219, ""4"": 411, ""5"": 574, ""6"": 854, ""7"": 932, ""8"": 746, ""9"": 426, ""10"": 191, ""11"": 44, ""12"": 14, ""13"": 3}"
N20,5,4,True,1,6.693336355394379,0.027406731302298575,0.5251586582048957,4412,"{""3"": 180, ""4"": 347, ""5"": 663, ""6"": 754, ""7"": 993, ""8"": 799, ""9"": 428, ""10"": 177, ""11"": 53, ""12"": 18}"
N20,5,5,True,1,6.668935783980031,0.0286802387477626,0.49784433855230315,4407,"{""3"": 210, ""4"": 352, ""5"": 541, ""6"": 853, ""7"": 1002, ""8"": 820, ""9"": 394, ""10"": 182, ""11"": 47, ""12"": 6}"
N20,5,6,True,1,6.637641723356009,0.03049314267230504,0.5079365079365079,4410,"{""3"": 187, ""4"": 367, ""5"": 598, ""6"": 819, ""7"": 1005, ""8"": 845, ""9"": 419, ""10"": 125, ""11"": 24, ""12"": 14, ""13"": 7}"
N20,5,7,True,1,6.665532108009984,0.028172145026827126,0.5121397776265033,4407,"{""3"": 205, ""4"": 326, ""5"": 562, ""6"": 893, ""7"": 1029, ""8"": 757, ""9"": 413, ""10"": 155, ""11"": 45, ""12"": 19, ""13"": 3}"
N20,5,8,True,1,6.642014519056262,0.023835152114110282,0.5263157894736842,4408,"{""3"": 255, ""4"": 405, ""5"": 593, ""6"": 697, ""7"": 946, ""8"": 813, ""9"": 479, ""10"": 149, ""11"": 40, ""12"": 24, ""13"": 7}"
N20,5,9,True,1,6.672402082861671,0.024503762511071288,0.5130178854426081,4417,"{""3"": 228, ""4"": 346, ""5"": 633, ""6"": 796, ""7"": 886, ""8"": 846, ""9"": 447, ""10"": 144, ""11"": 67, ""12"": 19, ""13"": 5}"
N20,5,10,True,1,6.694457064970468,0.02549871875160424,0.5177192185370286,4402,"{""3"": 239, ""4"": 355, ""5"": 532, ""6"": 808, ""7"": 1003, ""8"": 755, ""9"": 447, ""10"": 186, ""11"": 54, ""12"": 16, ""13"": 4, ""14"": 3}"
N20,6,1,True,1,6.954122189416307,0.04794783592516211,0.5216897569838747,4403,"{""3"": 182, ""4"": 208, ""5"": 553, ""6"": 781, ""7"": 912, ""8"": 898, ""9"": 583, ""10"": 195, ""11"": 67, ""12"": 24}"
N20,6,2,True,1,6.905561861520999,0.03946820525698863,0.48240635641316687,4405,"{""3"": 183, ""4"": 361, ""5"": 469, ""6"": 776, ""7"": 852, ""8"": 891, ""9"": 544, ""10"": 229, ""11"": 65, ""12"": 23, ""13"": 12}"
N20,6,3,True,1,7.021748980516539,0.055605786277821256,0.5024920706841867,4414,"{""3"": 172, ""4"": 245, ""5"": 430, ""6"": 784, ""7"": 927, ""8"": 943, ""9"": 620, ""10"": 215, ""11"": 62, ""12"": 9, ""13"": 7}"
N20,6,4,True,1,6.986400725294651,0.054081002398066354,0.4959202175883953,4412,"{""3"": 183, ""4"": 252, ""5"": 435, ""6"": 736, ""7"": 985, ""8"": 1029, ""9"": 504, ""10"": 181, ""11"": 81, ""12"": 26}"
N20,6,5,True,1,7.014279238440617,0.05205721969974687,0.4757479601087942,4412,"{""3"": 139, ""4"": 344, ""5"": 426, ""6"": 723, ""7"": 913, ""8"": 985, ""9"": 539, ""10"": 239, ""11"": 78, ""12"": 22, ""13"": 4}"
N20,6,6,True,1,6.970274563194917,0.04941125061483543,0.5146358066712049,4407,"{""3"": 178, ""4"": 294, ""5"": 444, ""6"": 695, ""7"": 1029, ""8"": 912, ""9"": 541, ""10"": 226, ""11"": 71, ""12"": 12, ""13"": 5}"
N20,6,7,True,1,6.95575221238938,0.049929337664774295,0.4987519854776492,4407,"{""3"": 168, ""4"": 317, ""5"": 433, ""6"": 717, ""7"": 995, ""8"": 973, ""9"": 527, ""10"": 173, ""11"": 65, ""12"": 29, ""13"": 10}"
N20,6,8,True,1,6.977066303360581,0.054548954880585365,0.48206176203451406,4404,"{""3"": 124, ""4"": 287, ""5"": 479, ""6"": 740, ""7"": 977, ""8"": 1041, ""9"": 478, ""10"": 191, ""11"": 62, ""12"": 18, ""13"": 3, ""14"": 4}"
N20,6,9,True,1,6.952337721289151,0.04728895065295516,0.5088515660463006,4406,"{""3"": 178, ""4"": 332, ""5"": 463, ""6"": 652, ""7"": 966, ""8"": 954, ""9"": 567, ""10"": 210, ""11"": 65, ""12"": 16, ""13"": 3}"
N20,6,10,True,1,6.94464609800363,0.042793348877281756,0.49954627949183306,4408,"{""3"": 146, ""4"": 350, ""5"": 484, ""6"": 742, ""7"": 928, ""8"": 856, ""9"": 565, ""10"": 246, ""11"": 79, ""12"": 12}"
N20,8,1,True,1,7.396282022217184,0.08894923725903756,0.5361596009975063,4411,"{""3"": 134, ""4"": 215, ""5"": 352, ""6"": 570, ""7"": 912, ""8"": 882, ""9"": 866, ""10"": 360, ""11"": 96, ""12"": 19, ""13"": 5}"
N20,8,2,True,1,7.50975499092559,0.10268647965324278,0.49977313974591653,4408,"{""3"": 99, ""4"": 183, ""5"": 309, ""6"": 639, ""7"": 833, ""8"": 996, ""9"": 815, ""10"": 357, ""11"": 140, ""12"": 30, ""13"": 7}"
N20,8,3,True,1,7.449364214350591,0.09958731784855315,0.5420072661217076,4404,"{""3"": 105, ""4"": 187, ""5"": 343, ""6"": 563, ""7"": 936, ""8"": 918, ""9"": 903, ""10"": 334, ""11"": 96, ""12"": 15, ""13"": 4}"
N20,8,4,True,1,7.452445652173913,0.10378069480958414,0.4936594202898551,4416,"{""3"": 106, ""4"": 167, ""5"": 313, ""6"": 579, ""7"": 1013, ""8"": 1057, ""9"": 646, ""10"": 401, ""11"": 98, ""12"": 32, ""13"": 4}"
N20,8,5,True,1,7.4484559491371485,0.09960775954955003,0.5034059945504087,4404,"{""3"": 75, ""4"": 222, ""5"": 331, ""6"": 574, ""7"": 928, ""8"": 1030, ""9"": 763, ""10"": 335, ""11"": 117, ""12"": 26, ""13"": 3}"
N20,8,6,True,1,7.426690876078076,0.09839840286425651,0.5029505220154336,4406,"{""3"": 90, ""4"": 191, ""5"": 301, ""6"": 686, ""7"": 893, ""8"": 990, ""9"": 814, ""10"": 305, ""11"": 115, ""12"": 18, ""13"": 3}"
N20,8,7,True,1,7.398364751305928,0.09527127316333599,0.4590052237111061,4403,"{""3"": 90, ""4"": 300, ""5"": 280, ""6"": 600, ""7"": 801, ""8"": 1128, ""9"": 736, ""10"": 331, ""11"": 114, ""12"": 18, ""14"": 5}"
N20,8,8,True,1,7.474268873271367,0.10572869961661195,0.46452051688959417,4411,"{""3"": 87, ""4"": 179, ""5"": 313, ""6"": 672, ""7"": 802, ""8"": 1099, ""9"": 755, ""10"": 390, ""11"": 83, ""12"": 22, ""13"": 9}"
N20,8,9,True,1,7.422232284355898,0.09521754974377447,0.5084899252886574,4417,"{""3"": 153, ""4"": 194, ""5"": 311, ""6"": 588, ""7"": 827, ""8"": 1058, ""9"": 834, ""10"": 302, ""11"": 117, ""12"": 29, ""13"": 4}"
N20,8,10,True,1,7.4588342027670675,0.10237196919227298,0.49262871399410296,4409,"{""3"": 96, ""4"": 216, ""5"": 284, ""6"": 597, ""7"": 902, ""8"": 1045, ""9"": 788, ""10"": 355, ""11"": 99, ""12"": 24, ""13"": 3}"
N100,1,1,True,1,4.994413407821229,0.48016815656484324,0.0,895,"{""4"": 555, ""6"": 272, ""8"": 45, ""10"": 14, ""12"": 4, ""14"": 5}"
N100,1,2,True,1,4.814732142857143,0.4945157118250585,0.0,896,"{""4"": 585, ""6"": 263, ""8"": 44, ""10"": 2, ""12"": 2}"
N100,1,3,True,1,4.8508968609865475,0.49691003910430553,0.0033632286995515697,892,"{""4"": 568, ""6"": 281, ""8"": 35, ""10"": 4, ""11"": 1, ""12"": 1, ""13"": 2}"
N100,1,4,True,1,4.925139664804469,0.5012962965358696,0.008938547486033519,895,"{""4"": 540, ""6"": 321, ""8"": 21, ""9"": 2, ""10"": 3, ""11"": 2, ""12"": 2, ""15"": 4}"
N100,1,5,True,1,4.9153674832962135,0.47731734761340006,0.0,898,"{""4"": 553, ""6"": 290, ""8"": 44, ""10"": 11}"
N100,1,6,True,1,4.925139664804469,0.47785229725099904,0.0,895,"{""4"": 533, ""6"": 313, ""8"": 47, ""10"": 1, ""12"": 1}"
N100,1,7,True,1,5.071508379888268,0.49968801180847344,0.0011173184357541898,895,"{""4"": 505, ""6"": 342, ""8"": 16, ""10"": 23, ""12"": 8, ""13"": 1}"
N100,1,8,True,1,4.959821428571429,0.4758765062688905,0.004464285714285714,896,"{""4"": 527, ""6"": 320, ""8"": 39, ""9"": 1, ""10"": 5, ""11"": 3, ""12"": 1}"
N100,1,9,True,1,4.835189309576838,0.49141324443356915,0.0,898,"{""4"": 580, ""6"": 270, ""8"": 40, ""10"": 7, ""12"": 1}"
N100,1,10,True,1,4.8996655518394645,0.48662240855600114,0.0011148272017837235,897,"{""4"": 558, ""6"": 289, ""8"": 40, ""10"": 6, ""12"": 3, ""13"": 1}"
N100,2,1,True,1,5.0768374164810695,0.19396401547910158,0.5779510022271714,898,"{""3"": 203, ""4"": 195, ""5"": 197, ""6"": 117, ""7"": 78, ""8"": 58, ""9"": 39, ""10"": 4, ""11"": 2, ""12"": 5}"
N100,2,2,True,1,5.154362416107382,0.1813977557833482,0.5659955257270693,894,"{""3"": 172, ""4"": 198, ""5"": 192, ""6"": 139, ""7"": 115, ""8"": 33, ""9"": 22, ""10"": 16, ""11"": 5, ""12"": 2}"
N100,2,3,True,1,5.069196428571429,0.1820800759523601,0.5513392857142857,896,"{""3"": 199, ""4"": 193, ""5"": 167, ""6"": 155, ""7"": 105, ""8"": 41, ""9"": 22, ""10"": 10, ""11"": 1, ""12"": 3}"
N100,2,4,True,1,5.046979865771812,0.18965035577993705,0.5346756152125279,894,"{""3"": 159, ""4"": 225, ""5"": 198, ""6"": 147, ""7"": 98, ""8"": 38, ""9"": 20, ""10"": 6, ""11"": 3}"
N100,2,5,True,1,5.176339285714286,0.1729913518449196,0.5290178571428571,896,"{""3"": 160, ""4"": 222, ""5"": 181, ""6"": 137, ""7"": 94, ""8"": 58, ""9"": 29, ""10"": 5, ""11"": 10}"
N100,2,6,True,1,5.059151785714286,0.19062130469909,0.5502232142857143,896,"{""3"": 166, ""4"": 228, ""5"": 188, ""6"": 138, ""7"": 107, ""8"": 31, ""9"": 27, ""10"": 6, ""11"": 5}"
N100,2,7,True,1,5.080178173719377,0.18429832239426308,0.5679287305122495,898,"{""3"": 181, ""4"": 198, ""5"": 210, ""6"": 124, ""7"": 93, ""8"": 61, ""9"": 21, ""10"": 5, ""11"": 5}"
N100,2,8,True,1,5.076923076923077,0.19844495733065665,0.568561872909699,897,"{""3"": 182, ""4"": 195, ""5"": 208, ""6"": 140, ""7"": 99, ""8"": 36, ""9"": 17, ""10"": 11, ""11"": 4, ""12"": 5}"
N100,2,9,True,1,5.216759776536313,0.14713292065110223,0.5173184357541899,895,"{""3"": 161, ""4"": 185, ""5"": 167, ""6"": 187, ""7"": 108, ""8"": 55, ""9"": 27, ""10"": 5}"
N100,2,10,True,1,5.127374301675978,0.16490861721372746,0.5396648044692738,895,"{""3"": 188, ""4"": 195, ""5"": 161, ""6"": 160, ""7"": 97, ""8"": 52, ""9"": 36, ""10"": 5, ""11"": 1}"
N100,3,1,True,1,5.36322869955157,0.14337595327296418,0.515695067264574,892,"{""3"": 96, ""4"": 197, ""5"": 226, ""6"": 171, ""7"": 115, ""8"": 57, ""9"": 18, ""10"": 5, ""11"": 5, ""12"": 2}"
N100,3,2,True,1,5.5261984392419174,0.10486725749891582,0.5540691192865106,897,"{""3"": 104, ""4"": 161, ""5"": 216, ""6"": 166, ""7"": 135, ""8"": 66, ""9"": 40, ""10"": 7, ""11"": 2}"
N100,3,3,True,1,5.543526785714286,0.10296274343784911,0.5145089285714286,896,"{""3"": 119, ""4"": 161, ""5"": 197, ""6"": 159, ""7"": 113, ""8"": 101, ""9"": 32, ""10"": 14}"
N100,3,4,True,1,5.4513966480446925,0.10813186823237168,0.5329608938547487,895,"{""3"": 143, ""4"": 166, ""5"": 158, ""6"": 168, ""7"": 144, ""8"": 77, ""9"": 29, ""10"": 7, ""11"": 3}"
N100,3,5,True,1,5.45413870246085,0.1179053653449576,0.5190156599552572,894,"{""3"": 128, ""4"": 159, ""5"": 184, ""6"": 203, ""7"": 106, ""8"": 59, ""9"": 46, ""10"": 9}"
N100,3,6,True,1,5.508908685968819,0.10917997041915495,0.6202672605790646,898,"{""3"": 158, ""4"": 137, ""5"": 181, ""6"": 135, ""7"": 166, ""8"": 59, ""9"": 48, ""10"": 10, ""11"": 4}"
N100,3,7,True,1,5.581939799331104,0.09444898775299886,0.5496098104793757,897,"{""3"": 114, ""4"": 162, ""5"": 191, ""6"": 142, ""7"": 156, ""8"": 88, ""9"": 29, ""10"": 12, ""11"": 3}"
N100,3,8,True,1,5.4391061452513965,0.1156451311045119,0.5675977653631284,895,"{""3"": 128, ""4"": 168, ""5"": 189, ""6"": 156, ""7"": 157, ""8"": 56, ""9"": 30, ""10"": 7, ""11"": 4}"
N100,3,9,True,1,5.429208472686733,0.12158185758326914,0.5039018952062431,897,"{""3"": 124, ""4"": 175, ""5"": 185, ""6"": 190, ""7"": 109, ""8"": 72, ""9"": 30, ""10"": 8, ""11"": 4}"
N100,3,10,True,1,5.446308724832215,0.12330762853287616,0.5022371364653244,894,"{""3"": 123, ""4"": 185, ""5"": 167, ""6"": 191, ""7"": 123, ""8"": 52, ""9"": 32, ""10"": 17, ""11"": 4}"
N100,4,1,True,1,5.618303571428571,0.09412452752477872,0.5178571428571429,896,"{""3"": 129, ""4"": 147, ""5"": 159, ""6"": 184, ""7"": 136, ""8"": 88, ""9"": 33, ""10"": 13, ""11"": 7}"
N100,4,2,True,1,5.804031354983203,0.07225761631951211,0.47368421052631576,893,"{""3"": 71, ""4"": 144, ""5"": 172, ""6"": 228, ""7"": 134, ""8"": 88, ""9"": 45, ""10"": 6, ""11"": 1, ""12"": 4}"
N100,4,3,True,1,5.6029082774049215,0.08504717828321388,0.5022371364653244,894,"{""3"": 120, ""4"": 162, ""5"": 140, ""6"": 181, ""7"": 161, ""8"": 94, ""9"": 26, ""10"": 8, ""11"": 2}"
N100,4,4,True,1,5.743875278396437,0.08117251101879136,0.5879732739420935,898,"{""3"": 97, ""4"": 150, ""5"": 209, ""6"": 125, ""7"": 160, ""8"": 78, ""9"": 62, ""10"": 17}"
N100,4,5,True,1,5.729096989966555,0.07516526200822146,0.496098104793757,897,"{""3"": 113, ""4"": 124, ""5"": 142, ""6"": 234, ""7"": 149, ""8"": 83, ""9"": 39, ""10"": 11, ""11"": 2}"
N100,4,6,True,1,5.689309576837417,0.0827841633450134,0.5178173719376392,898,"{""3"": 108, ""4"": 140, ""5"": 192, ""6"": 161, ""7"": 136, ""8"": 119, ""9"": 29, ""10"": 11, ""12"": 2}"
N100,4,7,True,1,5.535714285714286,0.0988106591173051,0.5647321428571429,896,"{""3"": 134, ""4"": 164, ""5"": 157, ""6"": 150, ""7"": 175, ""8"": 69, ""9"": 35, ""10"": 7, ""11"": 5}"
N100,4,8,True,1,5.710614525139665,0.08334383075512744,0.5776536312849162,895,"{""3"": 105, ""4"": 126, ""5"": 205, ""6"": 151, ""7"": 172, ""8"": 91, ""9"": 28, ""10"": 10, ""11"": 7}"
N100,4,9,True,1,5.745535714285714,0.07178771588521551,0.5267857142857143,896,"{""3"": 89, ""4"": 150, ""5"": 171, ""6"": 178, ""7"": 178, ""8"": 80, ""9"": 32, ""10"": 15, ""11"": 2, ""12"": 1}"
N100,4,10,True,1,5.672969966629588,0.07747607505125423,0.5494994438264739,899,"{""3"": 120, ""4"": 114, ""5"": 181, ""6"": 189, ""7"": 164, ""8"": 92, ""9"": 29, ""10"": 10}"
N100,5,1,True,1,6.277591973244147,0.02138632925299204,0.4760312151616499,897,"{""3"": 58, ""4"": 91, ""5"": 102, ""6"": 235, ""7"": 205, ""8"": 134, ""9"": 58, ""10"": 10, ""11"": 4}"
N100,5,2,True,1,6.245261984392419,0.0232037117994505,0.5574136008918618,897,"{""3"": 59, ""4"": 66, ""5"": 166, ""6"": 179, ""7"": 221, ""8"": 148, ""9"": 54, ""10"": 4}"
N100,5,3,True,1,6.216276477146042,0.028904731650992728,0.5618729096989966,897,"{""3"": 62, ""4"": 78, ""5"": 179, ""6"": 167, ""7"": 207, ""8"": 129, ""9"": 53, ""10"": 19, ""11"": 3}"
N100,5,4,True,1,6.240761478163494,0.02326057934850101,0.46920492721164614,893,"{""3"": 41, ""4"": 109, ""5"": 148, ""6"": 208, ""7"": 165, ""8"": 142, ""9"": 65, ""10"": 15}"
N100,5,5,True,1,6.275167785234899,0.01899980111054082,0.4809843400447427,894,"{""3"": 42, ""4"": 100, ""5"": 110, ""6"": 237, ""7"": 218, ""8"": 114, ""9"": 58, ""10"": 13, ""11"": 2}"
N100,5,6,True,1,6.20917225950783,0.026776231266533772,0.49105145413870244,894,"{""3"": 61, ""4"": 114, ""5"": 140, ""6"": 151, ""7"": 195, ""8"": 173, ""9"": 43, ""10"": 17}"
N100,5,7,True,1,6.271205357142857,0.02137830271096899,0.4609375,896,"{""3"": 45, ""4"": 92, ""5"": 100, ""6"": 247, ""7"": 227, ""8"": 134, ""9"": 39, ""10"": 10, ""11"": 2}"
N100,5,8,True,1,6.287625418060201,0.023649768713908198,0.47714604236343366,897,"{""3"": 49, ""4"": 76, ""5"": 147, ""6"": 218, ""7"": 187, ""8"": 162, ""9"": 42, ""10"": 13, ""11"": 3}"
N100,5,9,True,1,6.231026785714286,0.023535660082650983,0.47879464285714285,896,"{""3"": 56, ""4"": 96, ""5"": 127, ""6"": 210, ""7"": 196, ""8"": 152, ""9"": 46, ""10"": 9, ""11"": 4}"
N100,5,10,True,1,6.236017897091722,0.019277714764936435,0.5022371364653244,894,"{""3"": 33, ""4"": 122, ""5"": 125, ""6"": 180, ""7"": 249, ""8"": 135, ""9"": 41, ""10"": 8, ""11"": 1}"
N100,6,1,True,1,6.6062639821029085,0.004780069051632303,0.5369127516778524,894,"{""3"": 36, ""4"": 64, ""5"": 112, ""6"": 168, ""7"": 253, ""8"": 168, ""9"": 75, ""10"": 14, ""11"": 4}"
N100,6,2,True,1,6.400447427293065,0.014605731296026207,0.5055928411633109,894,"{""3"": 27, ""4"": 62, ""5"": 152, ""6"": 224, ""7"": 213, ""8"": 151, ""9"": 60, ""10"": 5}"
N100,6,3,True,1,6.534675615212528,0.009091289994372122,0.4720357941834452,894,"{""3"": 18, ""4"": 67, ""5"": 128, ""6"": 219, ""7"": 219, ""8"": 172, ""9"": 55, ""10"": 14, ""11"": 2}"
N100,6,4,True,1,6.293986636971047,0.026241669431796254,0.41648106904231624,898,"{""3"": 47, ""4"": 110, ""5"": 121, ""6"": 220, ""7"": 154, ""8"": 170, ""9"": 52, ""10"": 24}"
N100,6,5,True,1,6.437360178970917,0.020742223195486763,0.5089485458612976,894,"{""3"": 39, ""4"": 77, ""5"": 142, ""6"": 149, ""7"": 232, ""8"": 207, ""9"": 38, ""10"": 6, ""11"": 4}"
N100,6,6,True,1,6.381270903010034,0.019148073811760667,0.5507246376811594,897,"{""3"": 62, ""4"": 110, ""5"": 117, ""6"": 127, ""7"": 219, ""8"": 153, ""9"": 96, ""10"": 13}"
N100,6,7,True,1,6.5768374164810695,0.009514944516056608,0.5233853006681515,898,"{""3"": 48, ""4"": 63, ""5"": 118, ""6"": 169, ""7"": 223, ""8"": 177, ""9"": 76, ""10"": 19, ""11"": 5}"
N100,6,8,True,1,6.483835005574136,0.005450100902089654,0.5328874024526199,897,"{""3"": 33, ""4"": 75, ""5"": 124, ""6"": 170, ""7"": 261, ""8"": 165, ""9"": 60, ""10"": 9}"
N100,6,9,True,1,6.466517857142857,0.020022288139275327,0.42857142857142855,896,"{""3"": 51, ""4"": 73, ""5"": 100, ""6"": 224, ""7"": 175, ""8"": 200, ""9"": 54, ""10"": 15, ""11"": 4}"
N100,6,10,True,1,6.529017857142857,0.012722263013039541,0.5066964285714286,896,"{""3"": 35, ""4"": 101, ""5"": 114, ""6"": 144, ""7"": 223, ""8"": 188, ""9"": 75, ""10"": 9, ""11"": 7}"
N100,8,1,True,1,6.869127516778524,0.008995749712872998,0.49776286353467564,894,"{""3"": 18, ""4"": 40, ""5"": 71, ""6"": 183, ""7"": 280, ""8"": 217, ""9"": 74, ""10"": 9, ""11"": 2}"
N100,8,2,True,1,6.6625560538116595,0.008814855791515554,0.5369955156950673,892,"{""3"": 36, ""4"": 54, ""5"": 130, ""6"": 146, ""7"": 240, ""8"": 190, ""9"": 70, ""10"": 23, ""11"": 3}"
N100,8,3,True,1,6.859217877094972,0.01203381756718572,0.45027932960893857,895,"{""3"": 27, ""4"": 43, ""5"": 88, ""6"": 181, ""7"": 204, ""8"": 253, ""9"": 83, ""10"": 15, ""11"": 1}"
N100,8,4,True,1,6.767077267637178,0.013150154175102902,0.5184770436730123,893,"{""3"": 24, ""4"": 61, ""5"": 104, ""6"": 120, ""7"": 270, ""8"": 241, ""9"": 63, ""10"": 8, ""11"": 2}"
N100,8,5,True,1,6.78173719376392,0.006870519124693801,0.48329621380846327,898,"{""3"": 36, ""4"": 49, ""5"": 80, ""6"": 170, ""7"": 245, ""8"": 228, ""9"": 73, ""10"": 17}"
N100,8,6,True,1,6.633818589025756,0.006792109127998319,0.5218365061590146,893,"{""3"": 42, ""4"": 60, ""5"": 104, ""6"": 147, ""7"": 254, ""8"": 208, ""9"": 66, ""10"": 12}"
N100,8,7,True,1,6.725250278086763,0.011140725782677427,0.44048943270300334,899,"{""3"": 30, ""4"": 51, ""5"": 100, ""6"": 190, ""7"": 205, ""8"": 246, ""9"": 61, ""10"": 16}"
N100,8,8,True,1,6.783482142857143,0.006072614363116673,0.5758928571428571,896,"{""3"": 30, ""4"": 44, ""5"": 94, ""6"": 141, ""7"": 309, ""8"": 182, ""9"": 83, ""10"": 13}"
N100,8,9,True,1,6.781634938409854,0.007396099811005204,0.5397536394176932,893,"{""3"": 15, ""4"": 74, ""5"": 84, ""6"": 144, ""7"": 296, ""8"": 183, ""9"": 81, ""10"": 10, ""11"": 6}"
N100,8,10,True,1,6.750559284116331,0.01175457898355159,0.5201342281879194,894,"{""3"": 48, ""4"": 47, ""5"": 100, ""6"": 140, ""7"": 235, ""8"": 222, ""9"": 80, ""10"": 20, ""11"": 2}"
