method,sites,partners,target,attempts,successes,median_s,p90_s,distinct
C_exact,216,6,A,100.0,100.0,0.009927549996064045,0.014345889995456673,100.0
C_exact,216,6,B,100.0,100.0,0.29175769998983014,0.3082793199864682,100.0
C_exact,216,6,T,100.0,100.0,0.01076820000889711,0.012638450012309477,100.0
C_exact,216,18,A,100.0,100.0,0.012625849980395287,0.01441620999830775,100.0
C_exact,216,18,B,100.0,100.0,0.011960249990806915,0.013853489977191205,100.0
C_exact,216,18,T,100.0,100.0,0.011443649986176752,0.013351520014111884,100.0
C_exact,216,26,A,100.0,100.0,0.011870850008563139,0.014324419994954951,100.0
C_exact,216,26,B,100.0,100.0,0.012553849985124543,0.014374219992896542,100.0
C_exact,216,26,T,100.0,100.0,0.011988250000285916,0.014110159990377725,100.0
C_exact,512,6,A,100.0,100.0,0.015975050002452917,0.01921784000878688,100.0
C_exact,512,6,B,100.0,100.0,0.6058355499990284,0.6272489299852169,100.0
C_exact,512,6,T,100.0,100.0,0.03133255000284407,0.05114272001956126,100.0
C_exact,512,18,A,100.0,100.0,0.013971350010251626,0.01700898999988567,100.0
C_exact,512,18,B,100.0,100.0,0.01474945001245942,0.01697983000776731,100.0
C_exact,512,18,T,100.0,100.0,0.014457300014328212,0.01633012000238523,100.0
C_exact,512,26,A,100.0,100.0,0.014616800006479025,0.018170750010176564,100.0
C_exact,512,26,B,100.0,100.0,0.014887050012475811,0.01756788001221139,100.0
C_exact,512,26,T,100.0,100.0,0.014505949991871603,0.01721434000064619,100.0
C_exact,1000,6,A,100.0,100.0,0.025043399989954196,0.03490310999623036,100.0
C_exact,1000,6,B,100.0,100.0,1.0582741999969585,1.1445716500020353,100.0
C_exact,1000,6,T,100.0,100.0,0.08834729999944102,0.1834869099926438,100.0
C_exact,1000,18,A,100.0,100.0,0.01878170001145918,0.02429806999571156,100.0
C_exact,1000,18,B,100.0,100.0,0.019837350002489984,0.02279822001000867,100.0
C_exact,1000,18,T,100.0,100.0,0.018676650011911988,0.021118139993632212,100.0
C_exact,1000,26,A,100.0,100.0,0.020745349989738315,0.028658500019810164,100.0
C_exact,1000,26,B,100.0,100.0,0.02208245001384057,0.028216939978301533,100.0
C_exact,1000,26,T,100.0,100.0,0.019856800005072728,0.023381219981820325,100.0
C_exact,1728,6,A,100.0,100.0,0.043382949981605634,0.05793128001096194,100.0
C_exact,1728,6,B,100.0,100.0,1.8186784499994246,2.323902040006942,100.0
C_exact,1728,6,T,100.0,100.0,0.31172240000159945,0.9053257699997647,100.0
C_exact,1728,18,A,100.0,100.0,0.028028799992171116,0.03305662000493612,100.0
C_exact,1728,18,B,100.0,100.0,0.03125374999945052,0.036952459998428826,100.0
C_exact,1728,18,T,100.0,100.0,0.0288111999980174,0.03237085000728257,100.0
C_exact,1728,26,A,100.0,100.0,0.02995490000466816,0.03436613999074325,100.0
C_exact,1728,26,B,100.0,100.0,0.03282669998588972,0.044033099993248476,100.0
C_exact,1728,26,T,100.0,100.0,0.03165245000855066,0.03525636999984272,100.0
python_exact,216,6,A,100.0,100.0,0.023461099990527146,0.041365029991720814,100.0
python_exact,216,6,B,100.0,100.0,12.379506700002821,13.105435730001773,100.0
python_exact,216,6,T,100.0,100.0,0.08471519999147858,0.3387061999965296,100.0
python_exact,216,18,A,100.0,100.0,0.012445599990314804,0.015993560000788425,100.0
python_exact,216,18,B,100.0,100.0,0.014448899994022213,0.02105511999106966,100.0
python_exact,216,18,T,100.0,100.0,0.013156199987861328,0.01762674002093263,100.0
python_exact,216,26,A,100.0,100.0,0.013170550009817816,0.019460080005228524,100.0
python_exact,216,26,B,100.0,100.0,0.016269799991277978,0.026762590013095177,100.0
python_exact,216,26,T,100.0,100.0,0.014899499990860932,0.021142019986291418,100.0
python_exact,512,6,A,100.0,100.0,0.1274420999980066,0.200469350014464,100.0
python_exact,512,6,B,100.0,100.0,24.75611285000923,26.909728309995263,100.0
python_exact,512,6,T,100.0,100.0,0.5765341000078479,1.1413950599962852,100.0
python_exact,512,18,A,100.0,100.0,0.04119469999568537,0.06444162000843791,100.0
python_exact,512,18,B,100.0,100.0,0.04642990000138525,0.07901640000927729,100.0
python_exact,512,18,T,100.0,100.0,0.04143635001673829,0.06719139999477194,100.0
python_exact,512,26,A,100.0,100.0,0.05433304999314714,0.08098013998824173,100.0
python_exact,512,26,B,100.0,100.0,0.06106785000883974,0.0997896199813113,100.0
python_exact,512,26,T,100.0,100.0,0.05348770000273362,0.08537954001221806,100.0
python_exact,1000,6,A,100.0,100.0,0.37389625000650994,0.5350827600079356,100.0
python_exact,1000,6,B,100.0,100.0,41.239884000009624,44.29084692999604,100.0
python_exact,1000,6,T,100.0,100.0,2.8513143000018317,8.294099759997335,100.0
python_exact,1000,18,A,100.0,100.0,0.12568694999208674,0.15466575000027663,100.0
python_exact,1000,18,B,100.0,100.0,0.15557125001214445,0.24940435998141774,100.0
python_exact,1000,18,T,100.0,100.0,0.13021365000167862,0.16632056999951603,100.0
python_exact,1000,26,A,100.0,100.0,0.15645720000611618,0.1950490499846637,100.0
python_exact,1000,26,B,100.0,100.0,0.1806055000051856,0.2719256500073243,100.0
python_exact,1000,26,T,100.0,100.0,0.16332339998916723,0.2096365900040837,100.0
python_exact,1728,6,A,100.0,100.0,0.8655234000034397,1.3679446499969348,100.0
python_exact,1728,6,B,100.0,97.0,68.83832389998133,100.82122839999502,97.0
python_exact,1728,6,T,100.0,100.0,10.956518150007469,28.523376100001055,100.0
python_exact,1728,18,A,100.0,100.0,0.34692399999767076,0.3999000599957071,100.0
python_exact,1728,18,B,100.0,100.0,0.4947727499966277,0.7350981800118462,100.0
python_exact,1728,18,T,100.0,100.0,0.3837209999910556,0.4809516699839151,100.0
python_exact,1728,26,A,100.0,100.0,0.46789764999994077,0.5245548800070537,100.0
python_exact,1728,26,B,100.0,100.0,0.580897499981802,0.9636572399875154,100.0
python_exact,1728,26,T,100.0,100.0,0.492621750003309,0.6024002100137297,100.0
