method,target,deposited_trial,n_dangling,n_f6,success,returned,wall_s,hash,attempt,fallback,calls
C_exact,10_0_26_75_43_53_9,6,0,9,True,True,0.0177065999887418,c8a2aa856bb94020da15aa57647ab9af,0,False,
python_exact,10_0_26_75_43_53_9,6,0,9,True,True,0.019250799989094958,41d231b492820474921a09498500757c,0,False,1.0
C_exact,10_13_50_46_13_69_15,354781,13,15,True,True,0.022431999997934327,186ea4508e3beeb67e0963edae280f43,0,False,
python_exact,10_13_50_46_13_69_15,354781,13,15,True,True,0.08186340000247583,9c752997465ef901c21e6460f7ce0e65,0,False,1.0
C_exact,10_14_31_40_49_48_24,0,14,24,True,True,0.017703000019537285,ebb6504881d7fad643f318a829f67507,0,False,
python_exact,10_14_31_40_49_48_24,0,14,24,True,True,0.04810660000657663,b88a5e67832e96b24b5504f80bd2e144,0,False,1.0
C_exact,10_14_38_49_33_37_35,1,14,35,True,True,0.0297980000032112,caa9bb668d14ac8e896a3cf35e3e2807,0,False,
python_exact,10_14_38_49_33_37_35,1,14,35,True,True,0.17212520001339726,b54bf661ca9d68b595eac8e021667777,0,False,1.0
C_exact,10_15_23_72_21_73_2,11527,15,2,True,True,0.014126399997621775,4a25c313fb18c980346dca6f34ddcd31,0,False,
python_exact,10_15_23_72_21_73_2,11527,15,2,True,True,0.024435400002403185,7cc77675e28882c44ce761f32473b992,0,False,1.0
C_exact,10_15_33_29_78_22_29,2,15,29,True,True,0.04170980001799762,1140d9919da79445a6390723295e3e9d,1,False,
python_exact,10_15_33_29_78_22_29,2,15,29,True,True,1.8880231999792159,2b9293a0eb97468a43823e9a55c68af7,1,False,1.0
C_exact,10_16_39_60_18_32_41,250,16,41,True,True,0.05948520000674762,7ade6fc57e2da546fb0f07770d0289af,1,False,
python_exact,10_16_39_60_18_32_41,250,16,41,True,True,0.10239630000432953,fafd817bc9b4c0fa107f366da9ea7562,0,False,1.0
C_exact,10_16_39_63_27_21_40,0,16,40,True,True,0.018087100004777312,5a42b082f50860fd0895546082f98589,0,False,
python_exact,10_16_39_63_27_21_40,0,16,40,True,True,0.16752839999389835,5304ab2be7ccb6e2f816f7364e08cf72,0,False,1.0
C_exact,10_17_39_36_48_31_35,2,17,35,True,True,0.039950699982000515,84f2209a4a4410017e1b57ed51cb9bef,1,False,
python_exact,10_17_39_36_48_31_35,2,17,35,True,True,1.6409608000249136,23dd9e91b884e02e355adfe2475643fa,1,False,1.0
C_exact,10_18_20_64_29_56_19,0,18,19,True,True,0.014725099987117574,bc83e73ef0f1308a933ce1e0bd7c2dce,0,False,
python_exact,10_18_20_64_29_56_19,0,18,19,True,True,0.06568739999784157,52e3ef857e9aa03e40d04dc11ce70bd8,0,False,1.0
C_exact,10_18_31_51_18_63_25,303,18,25,True,True,0.021015999984228984,1827457419763faeabe1a3a0cb925e31,0,False,
python_exact,10_18_31_51_18_63_25,303,18,25,True,True,0.06762609997531399,e40c4bda0b7d92a78371f41c04a7bc5c,0,False,1.0
C_exact,10_1_12_87_77_24_5,9,1,5,True,True,0.01394500001333654,e14c7a074bec8ac458209208e1221fff,0,False,
python_exact,10_1_12_87_77_24_5,9,1,5,True,True,0.033274499990511686,77fc3c151840f95a5fe0813cff1f79fd,0,False,1.0
C_exact,10_1_17_90_68_19_11,7,1,11,True,True,0.0149671999970451,4f8b7a93676c5ab9c953a7707e067eee,0,False,
python_exact,10_1_17_90_68_19_11,7,1,11,True,True,0.0104836999962572,c7b74636aa686b60882f298c696da610,0,False,1.0
C_exact,10_20_30_45_45_47_19,0,20,19,True,True,0.017952000023797154,b2b9a2970b8a658153bf2e9950fbad42,0,False,
python_exact,10_20_30_45_45_47_19,0,20,19,True,True,0.11791499998071231,93657b407c3e08b49f3a3f7c5b3461c9,0,False,1.0
C_exact,10_20_37_40_27_48_34,19,20,34,True,True,0.02648800000315532,31b65ebff8ebf4799ef7bdcfa6d2a340,0,False,
python_exact,10_20_37_40_27_48_34,19,20,34,True,True,0.20489699998870492,a87214ec9d0efcfc114b7f519a4a533a,0,False,1.0
C_exact,10_20_42_30_46_44_24,61,20,24,True,True,0.02176500001223758,8c6d70a6094912541ceaca0766d528a2,0,False,
python_exact,10_20_42_30_46_44_24,61,20,24,True,True,0.05361299999640323,01079c36ebe98e9fd7f481a1ffbd7b77,0,False,1.0
C_exact,10_23_20_33_76_38_16,0,23,16,True,True,0.018214500014437363,b16e4d6bc7c4e7fa50fa6ad771b7bcf7,0,False,
python_exact,10_23_20_33_76_38_16,0,23,16,True,True,0.0583794999984093,af41b10d41220ad628fa90af2ad369c1,0,False,1.0
C_exact,10_24_14_63_41_47_17,1,24,17,True,True,0.015723199991043657,cd546711b510c8b50020a01481922514,0,False,
python_exact,10_24_14_63_41_47_17,1,24,17,True,True,0.06552750000264496,fa802af7baafb265bb92689f66976729,0,False,1.0
C_exact,10_24_32_54_19_16_61,1045,24,61,True,True,0.23764700000174344,603df99f099564de8f1e4c5cd6ec504e,6,True,
python_exact,10_24_32_54_19_16_61,1045,24,61,True,True,10.645724300004076,1b0b601ed00272d2c2b2bef8dff5d14a,6,True,1.0
C_exact,10_24_32_58_21_16_55,118,24,55,True,True,0.289951699989615,0eac248375d57651138ddbcb69cd4397,6,True,
python_exact,10_24_32_58_21_16_55,118,24,55,True,True,9.05741440001293,d01dce078cc57218215d62ea01bec027,6,True,1.0
C_exact,10_24_41_26_35_34_46,15,24,46,True,True,0.3583679999865126,1c3e6d651d3de24192d436cb490dc534,6,True,
python_exact,10_24_41_26_35_34_46,15,24,46,True,True,11.590682300011395,93cd6626369375e82f7ec00c6cb4a388,6,True,1.0
C_exact,10_24_42_21_52_43_24,979,24,24,True,True,0.023711000016191974,9d6be5fc749ee98c11e312cc2dd9c419,0,False,
python_exact,10_24_42_21_52_43_24,979,24,24,True,True,0.10717219999060035,4331c52220622f0de6da276bd7cabb77,0,False,1.0
C_exact,10_25_38_19_45_38_41,16062,25,41,True,True,0.09297789999982342,24bf10cb0842636b7b8e50182a7d5f2e,1,False,
python_exact,10_25_38_19_45_38_41,16062,25,41,True,True,6.351288400008343,dadb0e40b8b33cc8154f04b9b9682d1c,3,False,1.0
C_exact,10_26_23_22_57_62_16,144,26,16,True,True,0.020718999992823228,af90568031c29db4c6485dc4318063b5,0,False,
python_exact,10_26_23_22_57_62_16,144,26,16,True,True,0.04674469999736175,76ff4b2754eeeb84fbec78225a3fde4d,0,False,1.0
C_exact,10_26_27_27_49_49_28,22,26,28,True,True,0.03201340002124198,a7e177b1647d15b5605293ea3c7a638f,0,False,
python_exact,10_26_27_27_49_49_28,22,26,28,True,True,0.23721940000541508,75b26244a4cb634fdb2267da10b55ec6,0,False,1.0
C_exact,10_26_35_29_43_29_44,2,26,44,True,True,0.10488869997789152,74b80b4f8685e8b9fa01e28858d125a1,2,False,
python_exact,10_26_35_29_43_29_44,2,26,44,True,True,7.8088051000086125,e6c633ac3dd2997de2fe8900d5831225,5,False,1.0
C_exact,10_27_20_36_44_65_14,10,27,14,True,True,0.014523199992254376,dd0254c80df8041994432101ca6e5a1e,0,False,
python_exact,10_27_20_36_44_65_14,10,27,14,True,True,5.521340200008126,9f5c0ef97b03a92dad4760eb95d92ec3,1,False,1.0
C_exact,10_27_22_48_36_47_26,25,27,26,True,True,0.021718200005125254,e74bd8aa5611ab9e2bf6e77fa27c2ea5,0,False,
python_exact,10_27_22_48_36_47_26,25,27,26,True,True,0.12128200000734068,9a2a1a20e9950e24d765889bda0aa834,0,False,1.0
C_exact,10_27_26_46_39_39_29,21,27,29,True,True,0.018686600000364706,4ff06998cc158ce411001dae44506669,0,False,
python_exact,10_27_26_46_39_39_29,21,27,29,True,True,2.5907134000153746,7cb7208c3db896afd452deb850798e09,1,False,1.0
C_exact,10_27_39_26_50_31_33,31,27,33,True,True,0.049640199984423816,3e1a87091ebaec09418a31c191963de9,0,False,
python_exact,10_27_39_26_50_31_33,31,27,33,True,True,0.1067312000086531,69944c69cc62eac649b65a9b67282e5a,0,False,1.0
C_exact,10_28_25_40_47_14_52,30,28,52,True,True,0.15845089999493212,3cca10d8a9f0c2fe83bbef40e7989ac9,6,True,
python_exact,10_28_25_40_47_14_52,30,28,52,True,True,7.465695799997775,b417f03c9773599e2e156c392401f525,6,True,1.0
C_exact,10_28_31_31_44_45_27,13,28,27,True,True,0.03283659997396171,40592c853c83e02d6f40a131eb4dc66d,0,False,
python_exact,10_28_31_31_44_45_27,13,28,27,True,True,0.10205190000124276,44d7ce12c1fcc772130a5790c453d947,0,False,1.0
C_exact,10_2_16_74_87_20_7,11,2,7,True,True,0.017404999991413206,ce1b6f9e8bd9d5ab12c8c3d1e8ef6d30,0,False,
python_exact,10_2_16_74_87_20_7,11,2,7,True,True,0.027803099976154044,e2e56950a069a387408325e72bd33dab,0,False,1.0
C_exact,10_2_16_81_79_23_5,5,2,5,True,True,0.012638799991691485,1b2b155f49b2014c7a6e11e2d95e2c9a,0,False,
python_exact,10_2_16_81_79_23_5,5,2,5,True,True,0.031951599987223744,b9401528e194aef29e2fe0f396b6ae96,0,False,1.0
C_exact,10_2_19_74_81_24_6,4,2,6,True,True,0.015541300002951175,b62182ba1154f048ed9206730b289ab5,0,False,
python_exact,10_2_19_74_81_24_6,4,2,6,True,True,0.025366199988638982,46bace83846786ac44d449789b8527da,0,False,1.0
C_exact,10_2_20_68_88_22_6,24,2,6,True,True,0.01600889998371713,dcdc1356eb691d6351ab61401bf6847b,0,False,
python_exact,10_2_20_68_88_22_6,24,2,6,True,True,0.031419800012372434,6e1aa1e2bf08bfdbacf807634ad8f55e,0,False,1.0
C_exact,10_31_28_34_48_31_34,5,31,34,True,True,0.04058110000914894,9a743bb10ed5564489617fe776cfa06e,0,False,
python_exact,10_31_28_34_48_31_34,5,31,34,True,True,0.46477009999216534,ca7cdc5a4b2939fa0ed36ccd52f2a5b2,0,False,1.0
C_exact,10_31_43_20_42_29_41,3240,31,41,True,True,0.48306130000855774,ce21c0375e90851a44bc35add9fae03f,7,True,
python_exact,10_31_43_20_42_29_41,3240,31,41,True,True,16.378285500017228,6df2c70adc093508bf5cf2e3126902cb,6,True,1.0
C_exact,10_32_27_33_11_71_32,116598,32,32,True,True,0.06625679999706335,326a470e2a7cfbb703d05e0fc6f0c9ec,1,False,
python_exact,10_32_27_33_11_71_32,116598,32,32,True,True,0.6220091999857686,a89a821a0b7cbaec1b10b450faf9bf94,0,False,1.0
C_exact,10_33_26_22_21_83_21,615,33,21,True,True,0.2099754000082612,4f4bbf3c48d3594aea441ab559999c52,2,False,
python_exact,10_33_26_22_21_83_21,615,33,21,True,True,11.138819799991325,b0b2d8bf64498ca3e402ebd8456d0dae,3,False,1.0
C_exact,10_34_21_39_46_37_29,96,34,29,True,True,0.029373500001383945,2864a78a315b1ae5f668dad132663e38,1,False,
python_exact,10_34_21_39_46_37_29,96,34,29,True,True,0.41189240000676364,c60f1ab585319276ceb794cfb39856e0,0,False,1.0
C_exact,10_35_24_26_58_17_46,331,35,46,True,True,0.3154715999844484,05a6a48ee7733a15a8f40d2e57fa52d5,6,True,
python_exact,10_35_24_26_58_17_46,331,35,46,True,True,11.612768199993297,3333739f5b7b7c25cc1fc8c54b3a88a3,6,True,1.0
C_exact,10_36_9_36_65_12_48,4400,36,48,True,True,0.1745459999947343,03d6e3e36e3de5bb6da6bb1fb83b4b33,6,True,
python_exact,10_36_9_36_65_12_48,4400,36,48,True,True,7.629879499989329,a174fb60d1e20e1cdbf3c7a68f1950c6,6,True,1.0
C_exact,10_37_18_19_53_58_21,655,37,21,True,True,0.03084690001560375,4c9bfcbb14d081699649acb33b0649a9,0,False,
python_exact,10_37_18_19_53_58_21,655,37,21,True,True,0.21933439999702387,5159bfe6cd44288d6f6630341f6dc38d,0,False,1.0
C_exact,10_38_10_30_56_46_26,279,38,26,True,True,0.01915130001725629,218be8346ecd9b5b4b4ae9b02b1928a2,0,False,
python_exact,10_38_10_30_56_46_26,279,38,26,True,True,0.2570232999860309,6159ce408a2e7cbebef3706a139b5fa8,0,False,1.0
C_exact,10_38_12_41_41_33_41,127,38,41,True,True,0.32796359999338165,71f01b3d95be7f0b64ee69c097412733,4,False,
python_exact,10_38_12_41_41_33_41,127,38,41,True,True,1.8323271999834105,75798abe52edae60949ece31b3e48446,0,False,1.0
C_exact,10_38_24_26_40_48_30,686,38,30,True,True,0.2311817999870982,75f8e8b013ffd4624185cc89aa25169a,3,False,
python_exact,10_38_24_26_40_48_30,686,38,30,True,True,18.43424370000139,00e52b60e729c45ee0ed6507854f096c,6,True,1.0
C_exact,10_38_7_51_19_63_28,5462,38,28,True,True,0.27132169998367317,d03152cb3ff7e1a7708f6f1644e5dbf9,4,False,
python_exact,10_38_7_51_19_63_28,5462,38,28,True,True,4.954442599992035,52dccc92766f0f20858cbd64bc1956db,1,False,1.0
C_exact,10_39_28_18_27_53_41,32139,39,41,True,True,0.4093379999976605,cef4476f230b600ec5cee1e20bc891ba,6,True,
python_exact,10_39_28_18_27_53_41,32139,39,41,True,True,13.400362500018673,8ebbec8436273a030ac2801a749555f5,6,True,1.0
C_exact,10_3_12_74_87_21_9,1,3,9,True,True,0.015379399992525578,c5e5849a580698162169403385fc7885,0,False,
python_exact,10_3_12_74_87_21_9,1,3,9,True,True,0.02064629999222234,b57c132a9e5a23a719e34e8290099115,0,False,1.0
C_exact,10_3_12_76_85_23_7,3,3,7,True,True,0.015979999996488914,58eef8e49f609a4cae6f5c76689fae69,0,False,
python_exact,10_3_12_76_85_23_7,3,3,7,True,True,0.02163460000883788,44c933687c0ef6a22ba77d95bdf046b0,0,False,1.0
C_exact,10_3_14_84_73_27_5,5,3,5,True,True,0.01681500000995584,07ee6857b5eaa071758de6b09d5ff66c,0,False,
python_exact,10_3_14_84_73_27_5,5,3,5,True,True,0.019596700003603473,96213f267f953e1be10eb94bf4d5c3e4,0,False,1.0
C_exact,10_3_15_72_85_27_4,4,3,4,True,True,0.013596799981314689,c680e85b8246441e8eb920bd26e52834,0,False,
python_exact,10_3_15_72_85_27_4,4,3,4,True,True,0.03076280001550913,d53efcfdeaa892f9dd0bc58a0315328c,0,False,1.0
C_exact,10_3_15_85_73_22_8,9,3,8,True,True,0.014957300008973107,35ce58e53130d93c0bf380b6493a1bca,0,False,
python_exact,10_3_15_85_73_22_8,9,3,8,True,True,0.03065160001278855,b7dbcf2b5add9ffbce1c469573d2f3f5,0,False,1.0
C_exact,10_3_21_63_87_24_8,6,3,8,True,True,0.01823440002044663,10e4ad65e9fdde97d931e47bbdaf9e3f,0,False,
python_exact,10_3_21_63_87_24_8,6,3,8,True,True,0.021868900017580017,84dfd7f14984380f66b5d82eb47bdc57,0,False,1.0
C_exact,10_40_19_21_35_57_34,1498,40,34,True,True,0.43453820000286214,d475967b8ee6b883c8785d485dc2f40f,6,True,
python_exact,10_40_19_21_35_57_34,1498,40,34,True,True,10.74150639999425,d9b5073fd297f66e68441e30376ea2cc,4,False,1.0
C_exact,10_40_31_28_24_40_43,534,40,43,True,True,0.4243575000145938,11cbb6e0afa873730e7ceac2de0229e0,6,True,
python_exact,10_40_31_28_24_40_43,534,40,43,True,True,13.118734399991808,e094f58e1a3c04ea9e87ed167cd29882,6,True,1.0
C_exact,10_42_3_39_55_41_26,340,42,26,True,True,0.215762799984077,0c9af3fc7ddc564d1afbea313ed3e4c7,1,False,
python_exact,10_42_3_39_55_41_26,340,42,26,True,True,3.854260499996599,a53ea3db0810995a1ff2bef420901480,2,False,1.0
C_exact,10_44_16_35_44_13_54,575056,44,54,True,True,0.38993470001150854,ce99987e7db4474c211a355b562dc919,6,True,
python_exact,10_44_16_35_44_13_54,575056,44,54,True,True,13.455140100006247,924438ffcc16ebd511d2fb73da23721a,6,True,1.0
C_exact,10_48_16_27_23_55_37,2738,48,37,True,True,0.39985970000270754,60dd44eacc28bd69573536f12a88072c,6,True,
python_exact,10_48_16_27_23_55_37,2738,48,37,True,True,12.874672200006898,f087ecd28874f10dceed5ff65891b4eb,6,True,1.0
C_exact,10_4_16_77_77_25_7,0,4,7,True,True,0.013924899976700544,96a370ee3f1e1723a3312661891971eb,0,False,
python_exact,10_4_16_77_77_25_7,0,4,7,True,True,0.03071809999528341,c2a173cfb3c6142ad74d62a8566b97c2,0,False,1.0
C_exact,10_4_9_80_82_24_7,0,4,7,True,True,0.01320270000724122,9bc520a58a9e54897d9babc2f3f7802a,0,False,
python_exact,10_4_9_80_82_24_7,0,4,7,True,True,0.024888899992220104,389d8bf5f8b262fa697b18658459e825,0,False,1.0
C_exact,10_5_10_79_78_28_6,2,5,6,True,True,0.01320990000385791,1d028a05f0b6a1a20094893be55979bb,0,False,
python_exact,10_5_10_79_78_28_6,2,5,6,True,True,0.02244030000292696,fceb7bc73a7a5ea6903b943c68c689d9,0,False,1.0
C_exact,10_5_11_75_88_20_7,0,5,7,True,True,0.013630600005853921,2d2fc91da3cf36465c13ec42cfeec2f5,0,False,
python_exact,10_5_11_75_88_20_7,0,5,7,True,True,0.021057100006146356,e3f932e76a43f3b30020a871b244a53a,0,False,1.0
C_exact,10_5_17_69_84_24_7,2,5,7,True,True,0.013645400002133101,5c98e22440cc9fd9b16b1680ab49c4be,0,False,
python_exact,10_5_17_69_84_24_7,2,5,7,True,True,0.02105680000386201,5eda78c0620a777c7a29eac8186f6420,0,False,1.0
C_exact,10_5_27_58_46_63_7,0,5,7,True,True,0.01500569999916479,a751892e07bf660f35586dc97a8306b7,0,False,
python_exact,10_5_27_58_46_63_7,0,5,7,True,True,0.017194699990795925,cd9dda6b83422c0b3ed9bbf11315d43a,0,False,1.0
C_exact,10_6_17_76_75_24_8,0,6,8,True,True,0.015198900015093386,d61f85b314085588f12ab68ced6d7b3d,0,False,
python_exact,10_6_17_76_75_24_8,0,6,8,True,True,0.023032600001897663,8c8c151cc521ea918a0b26accdcb6e1e,0,False,1.0
C_exact,10_6_22_64_54_46_14,3,6,14,True,True,0.014146800007438287,520da258d3322e8aa806cc689b256ed6,0,False,
python_exact,10_6_22_64_54_46_14,3,6,14,True,True,0.02753990000928752,c15cd604deb1b09cb853db85ff781e02,0,False,1.0
C_exact,11_0_10_80_89_22_4,5,0,4,True,True,0.016028500016545877,f6ff7cb3931ef2ad5de4aa757fc656ec,0,False,
python_exact,11_0_10_80_89_22_4,5,0,4,True,True,0.03810970002086833,8df7673e1f5e40d47132f7ac8bd37680,0,False,1.0
C_exact,11_0_13_82_80_24_6,25,0,6,True,True,0.013442800001939759,f97278d786fafb854dfff6a8332a3639,0,False,
python_exact,11_0_13_82_80_24_6,25,0,6,True,True,0.029097899998305365,e13dadbe9d3649348dce441b421174b5,0,False,1.0
C_exact,11_0_49_25_87_41_3,14,0,3,True,True,0.013605699990876019,df1ee021cf5bbc5dc6265c2b08779dd6,0,False,
python_exact,11_0_49_25_87_41_3,14,0,3,True,True,0.037746000016340986,607dac5cb44a57aca0a5fd4effa73587,0,False,1.0
C_exact,11_0_62_36_28_74_5,14,0,5,True,True,0.014943999995011836,16f2a820f58735c39d1f64300b14a9b4,0,False,
python_exact,11_0_62_36_28_74_5,14,0,5,True,True,0.058568399981595576,e42ceb3b668c337d1947c4c9a518b8d7,0,False,1.0
C_exact,11_10_55_31_45_31_33,2,10,33,True,True,0.019586300011724234,fd75d8609d7defb56b578d73552390cb,0,False,
python_exact,11_10_55_31_45_31_33,2,10,33,True,True,0.09498170000733808,40908d2c3e11ac1cb7babd2d81057bc6,0,False,1.0
C_exact,11_11_43_46_20_51_34,74,11,34,True,True,0.027290700003504753,1bde85a755b9d53d550911ac6ab696ad,0,False,
python_exact,11_11_43_46_20_51_34,74,11,34,True,True,0.6274321000091732,614c22a8e5605e6448093b021aeeec03,0,False,1.0
C_exact,11_12_20_69_45_25_34,0,12,34,True,True,0.016596600005868822,fc6f498dc791f3fd3b6f29a570ae51d5,0,False,
python_exact,11_12_20_69_45_25_34,0,12,34,True,True,0.057239399990066886,c8e8d359f219aef71a51798fa844010b,0,False,1.0
C_exact,11_13_14_69_60_28_21,2,13,21,True,True,0.0163200999959372,4d0cef6e7a649997e32e55303119b5e6,0,False,
python_exact,11_13_14_69_60_28_21,2,13,21,True,True,0.024898999981814995,5f3a2ca5191682db36ca1b0d5cc59850,0,False,1.0
C_exact,11_14_28_62_22_42_37,46,14,37,True,True,0.023312000004807487,24b8fb3e7a7e4a3a431c42040a8844e0,0,False,
python_exact,11_14_28_62_22_42_37,46,14,37,True,True,0.17307990000699647,64cb1facb94277c0b287c0eca39080a7,0,False,1.0
C_exact,11_15_28_64_27_39_32,2,15,32,True,True,0.02565669998875819,46fce7a16a08bbe5c696e61f28fdb8b5,0,False,
python_exact,11_15_28_64_27_39_32,2,15,32,True,True,0.14836299998569302,6f99d27cd2c0829cf244a1a11694aa90,0,False,1.0
C_exact,11_15_43_40_46_25_36,2,15,36,True,True,0.07526690000668168,81890637565bfe73404a2e8fc8e20e5b,2,False,
python_exact,11_15_43_40_46_25_36,2,15,36,True,True,0.1904371000127867,aeceeae7f6ed11150674407b7c47a550,0,False,1.0
C_exact,11_15_48_35_26_48_33,3,15,33,True,True,0.02640649999375455,f2dc6b7e08c0802c9208b142e7aa3f9b,0,False,
python_exact,11_15_48_35_26_48_33,3,15,33,True,True,0.6254444999794941,d08e27cc16269798d84af14af5393919,0,False,1.0
C_exact,11_15_50_30_35_43_32,32,15,32,True,True,0.04245869998703711,9eb75eda47e542e9eab7c6d8f30ad834,1,False,
python_exact,11_15_50_30_35_43_32,32,15,32,True,True,0.6196786999935284,0c4ede635d3325f10cfa1f0e1c900f7f,0,False,1.0
C_exact,11_16_42_27_49_49_22,0,16,22,True,True,0.014852699998300523,1e904a28f88aad7f31462d35438c4adc,0,False,
python_exact,11_16_42_27_49_49_22,0,16,22,True,True,0.06101489998400211,93169fadc7436bff79617e91bb479a57,0,False,1.0
C_exact,11_16_52_21_41_47_28,1320,16,28,True,True,0.021409900014987215,1d55dcd8fc553e0b8d3304d0ad787caf,0,False,
python_exact,11_16_52_21_41_47_28,1320,16,28,True,True,4.535597400012193,72716ad287799602f5e563ea7f7e3263,1,False,1.0
C_exact,11_17_45_35_36_34_38,1,17,38,True,True,0.017793000006349757,decc10dc3543dc428539b4c91a8362d4,0,False,
python_exact,11_17_45_35_36_34_38,1,17,38,True,True,0.17519089998677373,f3bb62a458b7789b97885a31a9b7277c,0,False,1.0
C_exact,11_18_36_28_36_64_23,16,18,23,True,True,0.01531979997525923,ae3c684d7ec25500120751246ac768a4,0,False,
python_exact,11_18_36_28_36_64_23,16,18,23,True,True,0.40311210000072606,d7678b9ef7a15358138446c8d3609566,0,False,1.0
C_exact,11_19_44_24_41_29_48,44,19,48,True,True,0.2910834999929648,a5d2e6115071890df5eab366a5212732,6,True,
python_exact,11_19_44_24_41_29_48,44,19,48,True,True,0.2695540999993682,0842ca5631df3b6fcd5b1c947ffefbb2,0,False,1.0
C_exact,11_19_52_33_30_28_43,5,19,43,True,True,0.38183379999827594,6259b39e1bd22183e4b0ab05a9eee016,6,True,
python_exact,11_19_52_33_30_28_43,5,19,43,True,True,0.7919954000099096,e867844bbb29bfd759c22b2a5764916c,0,False,1.0
C_exact,11_1_14_80_83_21_6,5,1,6,True,True,0.01442490000044927,d71b0488b5e63b966c3e872063514df9,0,False,
python_exact,11_1_14_80_83_21_6,5,1,6,True,True,0.026887799991527572,ce89de707fffd3d2031964a4bdce4898,0,False,1.0
C_exact,11_1_16_67_92_22_7,0,1,7,True,True,0.015957700001308694,a1fa6f47b77dcffc6c8f92813775ab41,0,False,
python_exact,11_1_16_67_92_22_7,0,1,7,True,True,0.043816200020955876,220843cef7e01cea3587a9b4681bfdaa,0,False,1.0
C_exact,11_20_28_65_21_25_46,1323,20,46,True,True,0.17425730000832118,51500c6b5036f9a5368bcb92896431d4,3,False,
python_exact,11_20_28_65_21_25_46,1323,20,46,True,True,4.946660899993731,01c3d04f711aafff077a8c2f756a127f,3,False,1.0
C_exact,11_20_33_40_47_34_31,2,20,31,True,True,0.019923999992897734,a0a2d88d90de7dfd40433dcae7198969,0,False,
python_exact,11_20_33_40_47_34_31,2,20,31,True,True,0.13387000001966953,7659a4f29e6d6c6bb5d0023330195b98,0,False,1.0
C_exact,11_20_35_45_18_51_36,225,20,36,True,True,0.06197700000484474,1670d7e0444120b04ba64bc5a8b4a016,0,False,
python_exact,11_20_35_45_18_51_36,225,20,36,True,True,6.9010388999886345,ea017aab4208d81432924c0529940e1f,2,False,1.0
C_exact,11_20_43_25_43_41_33,187,20,33,True,True,0.028149499994469807,99520e1e93d69cb77dee5a40548a4cfa,0,False,
python_exact,11_20_43_25_43_41_33,187,20,33,True,True,0.30075439999927767,4113c78792810be51ef40b3626edc4ad,0,False,1.0
C_exact,11_21_32_21_78_30_23,12,21,23,True,True,0.019849700009217486,a1577a9af64d3d2e2eca90e13a86bf43,0,False,
python_exact,11_21_32_21_78_30_23,12,21,23,True,True,5.636554600001546,387de95251bce632371a5c8b5325ab30,1,False,1.0
C_exact,11_21_34_21_78_30_21,6,21,21,True,True,0.01898069999879226,e4c230d18e64ebe2b165849ad6e808dc,0,False,
python_exact,11_21_34_21_78_30_21,6,21,21,True,True,0.04902619999484159,b39a1cffb36130701750c740d0f92dad,0,False,1.0
C_exact,11_22_44_37_25_43_34,0,22,34,True,True,0.07665410000481643,5c5125c8fa933835b4803cedb80811a5,1,False,
python_exact,11_22_44_37_25_43_34,0,22,34,True,True,4.725013000017498,37216c8aa3b875e4a283491246dbb4c3,2,False,1.0
C_exact,11_24_46_22_39_30_44,134,24,44,True,True,0.34652469999855384,913b4dde4c38d5300baebdb711996991,4,False,
python_exact,11_24_46_22_39_30_44,134,24,44,True,True,3.2404780000215396,0afd625fff7a9460da57c41275daad3c,1,False,1.0
C_exact,11_24_7_61_51_25_37,6,24,37,True,True,0.06438850000267848,5b52d0e41a5ec20e87b3b6eae7197a61,2,False,
python_exact,11_24_7_61_51_25_37,6,24,37,True,True,0.07277999998768792,8d7f78eb8b04723b3135fcacbe0ddba1,0,False,1.0
C_exact,11_25_24_36_57_25_38,17,25,38,True,True,0.08924100000876933,536e89e1b7b6d49e65392eb82653343f,2,False,
python_exact,11_25_24_36_57_25_38,17,25,38,True,True,1.6779781999939587,4e57ddf87d9e1813450500b7a748b093,2,False,1.0
C_exact,11_25_34_42_25_57_22,2,25,22,True,True,0.020294699992518872,a786c6248ed7df245ad6ed0525b5e1c6,0,False,
python_exact,11_25_34_42_25_57_22,2,25,22,True,True,0.1094405000039842,b872540846135aa981cb4cac6f849802,0,False,1.0
C_exact,11_26_22_41_31_63_22,44,26,22,True,True,0.020440799999050796,ec171c20a032983464b391854852ca08,0,False,
python_exact,11_26_22_41_31_63_22,44,26,22,True,True,5.747770899994066,05d6633849d187dc726ea3d8d9639b08,1,False,1.0
C_exact,11_26_30_33_32_57_27,22,26,27,True,True,0.018563999998150393,03504ac3225b98cba36e15929a44c104,0,False,
python_exact,11_26_30_33_32_57_27,22,26,27,True,True,0.8511308999732137,7c145f490cf928c657ea3a4f15492478,0,False,1.0
C_exact,11_26_31_23_58_21_46,10,26,46,True,True,0.07144509998033755,e8fe7339f5c5afeea6a57d6ef907d0a6,2,False,
python_exact,11_26_31_23_58_21_46,10,26,46,True,True,7.645173500000965,56315abbd41ebbb2e88970c92a2422b4,6,True,1.0
C_exact,11_26_35_15_56_61_12,81995,26,12,True,True,0.01633459998993203,cd44d0b4ec403aa085d577671b2bf698,0,False,
python_exact,11_26_35_15_56_61_12,81995,26,12,True,True,0.07601379998959601,9a1aef304dd12d38753460da784d0c3b,0,False,1.0
C_exact,11_26_35_22_21_78_23,238,26,23,True,True,0.03497730000526644,7d95594e76221f7688d0644ae34d8e1c,0,False,
python_exact,11_26_35_22_21_78_23,238,26,23,True,True,9.639181600010488,f2b327c4b3bb40552c51ce4576e81927,3,False,1.0
C_exact,11_27_22_28_27_97_4,125,27,4,True,True,0.0212963999947533,afbdc5ea6916b5e965c9b0ea8f91909d,0,False,
python_exact,11_27_22_28_27_97_4,125,27,4,True,True,0.43516320001799613,df34f53b4c82075cde10c03b2ab563be,1,False,1.0
C_exact,11_27_25_51_22_44_36,44,27,36,True,True,0.18865299999015406,853959fa676af162ee69d08b7b7f78c6,3,False,
python_exact,11_27_25_51_22_44_36,44,27,36,True,True,3.733031399984611,127a30ab7f20e47bcd9779d18b39b5ca,1,False,1.0
C_exact,11_28_25_43_29_37_43,54,28,43,True,True,0.039860200020484626,16956f4c012b4f339ec663d057ac2f11,1,False,
python_exact,11_28_25_43_29_37_43,54,28,43,True,True,8.238531800016062,7437b38651a381a3d03fed6aad365db8,4,False,1.0
C_exact,11_2_16_75_83_23_6,5,2,6,True,True,0.016716499987524003,cfebca5db5df728d3498a6056f69cc52,0,False,
python_exact,11_2_16_75_83_23_6,5,2,6,True,True,0.0318060000136029,d170993bdf4e3de63fe97d96642f5416,0,False,1.0
C_exact,11_2_9_77_89_21_7,0,2,7,True,True,0.015400100004626438,cef164a376481257492574daef442cfb,0,False,
python_exact,11_2_9_77_89_21_7,0,2,7,True,True,0.030874199990648776,0276c793c277499fc3531498bab3acb1,0,False,1.0
C_exact,11_30_32_26_49_28_40,51,30,40,True,True,0.13376509997760877,c0176d0eb87420ee3e5ca5ab41254589,1,False,
python_exact,11_30_32_26_49_28_40,51,30,40,True,True,2.5129805999749806,20ec87624936c857426c676668e31c03,1,False,1.0
C_exact,11_30_41_17_32_41_44,439636,30,44,True,True,0.41433619998861104,344fddd14c9b7b3b622b22e0ae03c631,6,True,
python_exact,11_30_41_17_32_41_44,439636,30,44,True,True,14.13666540000122,cc1b979fac6f7bd57769d223e98d1374,6,True,1.0
C_exact,11_31_30_41_26_18_59,414,31,59,True,True,0.35790020000422373,f908a1ccf417be2380a47c31407f1480,6,True,
python_exact,11_31_30_41_26_18_59,414,31,59,True,True,13.259696900000563,c58809a6b9c0d6256c9a22d2d2794cb7,6,True,1.0
C_exact,11_31_30_46_19_13_66,11764,31,66,True,True,0.3078676000004634,fb31c4a14875462cb376bf95863b31c8,6,True,
python_exact,11_31_30_46_19_13_66,11764,31,66,True,True,12.258763699996052,4f028c5609465f78b3547832a15a465f,6,True,1.0
C_exact,11_31_40_19_36_22_57,24162,31,57,True,True,0.35854489999474026,03ce18995b6d466aa01900c77e591d89,6,True,
python_exact,11_31_40_19_36_22_57,24162,31,57,True,True,11.94907579998835,1c02257ace05106d28ccdf088c75323b,6,True,1.0
C_exact,11_33_21_49_27_22_53,69,33,53,True,True,0.3546489999862388,3facb3c08b3e63dd7f0e7333c3c4cd6e,6,True,
python_exact,11_33_21_49_27_22_53,69,33,53,True,True,12.320026700006565,965de45b39533a3e6126bd6a067c5012,6,True,1.0
C_exact,11_33_36_24_31_31_50,2173,33,50,True,True,0.38458519999403507,69ab24e21ac8bff42e1d1b5e16fd6542,6,True,
python_exact,11_33_36_24_31_31_50,2173,33,50,True,True,13.139533300010953,7d83e6f62ff1c720b552739699a96de5,6,True,1.0
C_exact,11_34_10_53_42_19_47,34,34,47,True,True,0.25082270000712015,6aa1cc1a82fc21140d3f4de5da32dd56,6,True,
python_exact,11_34_10_53_42_19_47,34,34,47,True,True,8.126865900005214,4a3db4c664d54385353829475f9779c4,6,True,1.0
C_exact,11_35_31_27_37_30_45,122,35,45,True,True,0.35403519999817945,6ce120d051993ac27980b00780c43f24,6,True,
python_exact,11_35_31_27_37_30_45,122,35,45,True,True,14.34264049999183,32772e1f7e69d13467414565d4c3b8a1,6,True,1.0
C_exact,11_36_15_44_39_32_39,177,36,39,True,True,0.2502612999815028,e8cabecee3bc69054cb3cf73a026c8fa,3,False,
python_exact,11_36_15_44_39_32_39,177,36,39,True,True,2.007643199991435,1548a08d707da2220b4a36f4ca9f4671,1,False,1.0
C_exact,11_37_28_32_31_33_44,180,37,44,True,True,0.42930540000088513,4cb46990e3d187173d67a3288ccf94ce,6,True,
python_exact,11_37_28_32_31_33_44,180,37,44,True,True,14.033104199974332,ef50b9a4e798da91174eb7e06e231eca,6,True,1.0
C_exact,11_38_20_27_31_43_46,405,38,46,True,True,0.3976748999848496,640a7b42535fa8c8bfd34cb0ea2ab8c0,6,True,
python_exact,11_38_20_27_31_43_46,405,38,46,True,True,12.878811800008407,2ec59fd204b79d5c87edabf6b2119837,6,True,1.0
C_exact,11_38_21_33_21_43_49,6516,38,49,True,True,0.37556060001952574,47da725e58f2ec631c3f7bea70cc7afe,6,True,
python_exact,11_38_21_33_21_43_49,6516,38,49,True,True,12.196488800022053,3e7ed01c18130831c6cdfb772acdc47f,6,True,1.0
C_exact,11_39_27_30_31_25_53,5108,39,53,True,True,0.3763063999940641,7733b599a5011e66c0477c69bc14be1f,6,True,
python_exact,11_39_27_30_31_25_53,5108,39,53,True,True,12.1346461000212,0ab5fd675e62e91e25f90cba35d69b3e,6,True,1.0
C_exact,11_3_10_77_85_22_8,1,3,8,True,True,0.014050500001758337,9a11731e0778c3559ac0347d4ddf49f0,0,False,
python_exact,11_3_10_77_85_22_8,1,3,8,True,True,0.030063799989875406,5f0bbdd1acf74a714dca7e9f71cd75ee,0,False,1.0
C_exact,11_3_17_73_82_24_6,0,3,6,True,True,0.013417700014542788,42dc7c5208d916cb3e2d3eae79440239,0,False,
python_exact,11_3_17_73_82_24_6,0,3,6,True,True,0.03142310000839643,7ee3578de8c2bddde4c968dd02188101,0,False,1.0
C_exact,11_40_27_27_28_47_36,273,40,36,True,True,0.40755129998433404,48c20ed66f3628a44f98b1b9a0678812,6,True,
python_exact,11_40_27_27_28_47_36,273,40,36,True,True,14.784858800005168,70680bc30213f7316729ae492af3b573,6,True,1.0
C_exact,11_41_15_31_12_82_24,7691,41,24,True,True,0.30833639999036677,a99b482b71120a0a7fab2d867981587e,6,True,
python_exact,11_41_15_31_12_82_24,7691,41,24,True,True,13.272756899998058,a576a67a9315be00b89d3f95bba55bb1,6,True,1.0
C_exact,11_43_21_18_54_33_36,1239,43,36,True,True,0.47630920002120547,5586450348fb2ca62f005eb94b763217,6,True,
python_exact,11_43_21_18_54_33_36,1239,43,36,True,True,15.551648099994054,426e993648a9a095d637593198ae373e,6,True,1.0
C_exact,11_44_3_42_55_14_47,2681,44,47,True,True,0.44819270001607947,cae0555171fd07a901d3f96e14d94a89,6,True,
python_exact,11_44_3_42_55_14_47,2681,44,47,True,True,13.271584999980405,eb87ba8aafe8999be2f4488e5c4ac3b5,6,True,1.0
C_exact,11_46_7_47_21_43_41,116227,46,41,True,True,0.42584009998245165,b046ab9b2cda12fd3b1494639bc343ff,6,True,
python_exact,11_46_7_47_21_43_41,116227,46,41,True,True,13.619789300020784,f353ac3a46d301021c38d0edeb551323,6,True,1.0
C_exact,11_4_15_69_83_29_5,0,4,5,True,True,0.015388800005894154,04a16d37fdba849bb8a70c9ec68c3dfd,0,False,
python_exact,11_4_15_69_83_29_5,0,4,5,True,True,0.059478099981788546,12376e7a6a8c071634f6209deccd5460,0,False,1.0
C_exact,11_5_11_79_79_26_5,1,5,5,True,True,0.016768100002082065,d2432168afd962aad6e896ceaa89b1b5,0,False,
python_exact,11_5_11_79_79_26_5,1,5,5,True,True,0.031011800019768998,6ec0b3b7c3d0a6cc3439ddf6fa034d96,0,False,1.0
C_exact,11_5_20_66_82_25_7,1,5,7,True,True,0.017124700010754168,f658e38fcad3195065b85376fe013f7e,0,False,
python_exact,11_5_20_66_82_25_7,1,5,7,True,True,0.034336999990046024,d1a7643d50418e328733bb21936f8de1,0,False,1.0
C_exact,11_5_38_46_48_63_5,10,5,5,True,True,0.02108010000665672,f12203dabc7973c30afdb9b88296695d,0,False,
python_exact,11_5_38_46_48_63_5,10,5,5,True,True,0.04758810001658276,ec1eec6e92ce825d7860e265ebe8f634,0,False,1.0
C_exact,11_5_45_45_58_38_14,0,5,14,True,True,0.01902370000607334,fd3ca860ac55d57cae8645e0736743a7,0,False,
python_exact,11_5_45_45_58_38_14,0,5,14,True,True,0.03972219998831861,02511065c893a88c3a5240344f27d01d,0,False,1.0
C_exact,11_6_60_40_22_48_29,14,6,29,True,True,0.02306279999902472,3a72204b9b4dee8341035b6291d04445,0,False,
python_exact,11_6_60_40_22_48_29,14,6,29,True,True,0.15049850000650622,5d658d139ed471cb7629da842774b70c,0,False,1.0
C_exact,12_10_13_70_66_26_19,0,10,19,True,True,0.015680800017435104,60321fa10ad0012138e5198a1345abfb,0,False,
python_exact,12_10_13_70_66_26_19,0,10,19,True,True,0.029263499978696927,7483f915d3c6c9eff14159d20a2d9160,0,False,1.0
C_exact,12_11_34_30_58_55_16,5,11,16,True,True,0.013486300013028085,e8dd788cd613f477ad33ba611783d847,0,False,
python_exact,12_11_34_30_58_55_16,5,11,16,True,True,0.03161790000740439,3b1c20505a03b467c5141792396b4fdc,0,False,1.0
C_exact,12_12_31_60_32_26_43,0,12,43,True,True,0.018187600013334304,eeeb004106ae2b035530d24c4bc04638,0,False,
python_exact,12_12_31_60_32_26_43,0,12,43,True,True,0.17557870000018738,cddaf29208964108446d2c47a078a5d6,0,False,1.0
C_exact,12_14_24_10_105_46_5,10,14,5,True,True,0.013191999983973801,1f590fe365d0de2ce8a8982245c02138,0,False,
python_exact,12_14_24_10_105_46_5,10,14,5,True,True,0.0220281999791041,b2e432a95e2f7b535ef4008f659b88dc,0,False,1.0
C_exact,12_14_37_37_48_37_31,4,14,31,True,True,0.062201299995649606,ce8d3c80a4677c32f06d25b3695d7298,1,False,
python_exact,12_14_37_37_48_37_31,4,14,31,True,True,0.06628289999207482,b422c5e6477af6a00f37bce2bc4792f2,0,False,1.0
C_exact,12_14_44_34_36_40_36,2,14,36,True,True,0.0252551999874413,7379f0110f40ea5459593744d23c5ab4,0,False,
python_exact,12_14_44_34_36_40_36,2,14,36,True,True,0.040023199981078506,2f2524c4bd122b9719b0b07f7d0b52d9,0,False,1.0
C_exact,12_14_51_29_38_29_43,18,14,43,True,True,0.021471699990797788,0d0ab2926141ec4d2aef325bb86da0d9,0,False,
python_exact,12_14_51_29_38_29_43,18,14,43,True,True,5.763244300003862,902609d7f8fd92480c360b75164a1352,3,False,1.0
C_exact,12_15_27_56_32_57_17,0,15,17,True,True,0.019322800013469532,6d82a6d700cc7b35d18e4a64e5581018,0,False,
python_exact,12_15_27_56_32_57_17,0,15,17,True,True,0.038042300002416596,61d80cb54a3be7572173bfe13052cc9b,0,False,1.0
C_exact,12_17_17_66_52_27_25,0,17,25,True,True,0.01574949998757802,c652cc8dd41490edbd82b6c031105db2,0,False,
python_exact,12_17_17_66_52_27_25,0,17,25,True,True,0.0680978000164032,51c321c87a7afde9d6f5c855527087bf,0,False,1.0
C_exact,12_17_31_52_27_29_48,6,17,48,True,True,0.04310759998043068,70b1664246f1225000e4822dc898bdf2,1,False,
python_exact,12_17_31_52_27_29_48,6,17,48,True,True,3.165704500017455,538e2c8cfba42950cf41c585cb4a0d07,2,False,1.0
C_exact,12_17_48_40_27_23_49,0,17,49,True,True,0.21364980001817457,3a1e31703162317cfadddd1343bf82bf,6,True,
python_exact,12_17_48_40_27_23_49,0,17,49,True,True,11.626124000002164,2e67fbcb49aeaaffeb5bee33a39baae3,6,True,1.0
C_exact,12_19_36_33_58_26_32,12,19,32,True,True,0.016405500005930662,9862692687e0acf29dc47f25bc9c5d8b,0,False,
python_exact,12_19_36_33_58_26_32,12,19,32,True,True,0.15255680002155714,d9c849dfcde25cda9c417baf73f60449,0,False,1.0
C_exact,12_1_18_69_89_20_7,2,1,7,True,True,0.016930999991018325,16ea2ee947aacbb88509ee5dabfb749f,0,False,
python_exact,12_1_18_69_89_20_7,2,1,7,True,True,0.020334600005298853,b2f1e30a2746547c5e7914e6e7ae3b91,0,False,1.0
C_exact,12_20_29_37_56_33_29,0,20,29,True,True,0.0183528000197839,311d3f94772f94393b52cb90586e8fce,0,False,
python_exact,12_20_29_37_56_33_29,0,20,29,True,True,0.05366690002847463,0b00573c195054b954e5dbe50f3adeff,0,False,1.0
C_exact,12_21_27_29_60_48_19,10,21,19,True,True,0.017873600008897483,887f8249be7baff222026e51328d50d9,0,False,
python_exact,12_21_27_29_60_48_19,10,21,19,True,True,0.052428800001507625,8afcb13ffa986d5bee425024113c68ad,0,False,1.0
C_exact,12_21_42_26_45_33_37,28,21,37,True,True,0.0867255000048317,9a2766a6cc3e4c12d69f6f56fd94f45f,2,False,
python_exact,12_21_42_26_45_33_37,28,21,37,True,True,0.13422259999788366,630a3280aeed098c93bfacf6417ef8e0,0,False,1.0
C_exact,12_24_27_55_28_33_37,5,24,37,True,True,0.1050522000005003,6a455582aaa4d6eb0c565d05df999282,2,False,
python_exact,12_24_27_55_28_33_37,5,24,37,True,True,1.4432923999847844,7542719bef5d1ea3320eae937bdfcebc,1,False,1.0
C_exact,12_25_23_43_32_38_43,12,25,43,True,True,0.12917369999922812,24cf5a523902c027fd0dad5d83ee0b38,2,False,
python_exact,12_25_23_43_32_38_43,12,25,43,True,True,2.8215567000152078,00603a8e623aa241a471275a270f7a44,1,False,1.0
C_exact,12_25_42_41_22_22_52,41,25,52,True,True,0.385245900019072,8332d784976baaa2c11e744c1e939c99,6,True,
python_exact,12_25_42_41_22_22_52,41,25,52,True,True,12.722555900021689,0765cdf675a52758422a838416272bce,6,True,1.0
C_exact,12_26_49_23_24_29_53,2020,26,53,True,True,0.33959379998850636,67825dbaab19b7239e1a7081c0e1b398,6,True,
python_exact,12_26_49_23_24_29_53,2020,26,53,True,True,12.572765199991409,efc3c12816ca3143781dc37c4e514676,6,True,1.0
C_exact,12_27_16_63_35_8_55,2120,27,55,True,True,0.15929499999037944,3ea3b37957d51103a06a4dfa0388ad42,6,True,
python_exact,12_27_16_63_35_8_55,2120,27,55,True,True,7.075788099988131,b8cdf1bcb385ac3182b576add4dc03c0,6,True,1.0
C_exact,12_28_12_29_80_43_12,12,28,12,True,True,0.013069799984805286,a8395275fbcf9dbe120a840c41331703,0,False,
python_exact,12_28_12_29_80_43_12,12,28,12,True,True,0.049090800021076575,e23cd6e3b99b907fc9d31334f8480af3,0,False,1.0
C_exact,12_28_39_38_22_30_47,80,28,47,True,True,0.3980193000170402,a5c955816a88ff733e4201c5334a64a7,6,True,
python_exact,12_28_39_38_22_30_47,80,28,47,True,True,13.58783420000691,76ce1802286cb796c9e1d3092d2f0e9f,6,True,1.0
C_exact,12_29_23_39_37_46_30,12,29,30,True,True,0.028469400014728308,c2bd88e36a647b43224fa4a9e461d58e,0,False,
python_exact,12_29_23_39_37_46_30,12,29,30,True,True,0.33791040000505745,1a48542d03fad8c7f43f5810ec4126c6,0,False,1.0
C_exact,12_29_30_40_29_45_31,38,29,31,True,True,0.05775119998725131,fdcfd489a2adc9e8ba537b11513ec1ab,0,False,
python_exact,12_29_30_40_29_45_31,38,29,31,True,True,1.1737783999997191,865420130538351bfc6d534bf08d3ada,0,False,1.0
C_exact,12_30_33_41_18_43_39,312,30,39,True,True,0.02442110000993125,b9593cc33fe75421b19757e6f7d35a25,0,False,
python_exact,12_30_33_41_18_43_39,312,30,39,True,True,11.732589999999618,63c7a3a06bfe4a33fb8c022a501c32bf,4,False,1.0
C_exact,12_31_21_34_40_49_29,43,31,29,True,True,0.03341579998959787,222de351d4ec33c3734c65849ff531a0,0,False,
python_exact,12_31_21_34_40_49_29,43,31,29,True,True,1.4252036999969278,bc64b96b362b4ad2ae76813045555551,0,False,1.0
C_exact,12_31_35_36_12_57_33,32824,31,33,True,True,0.3284687999985181,d0b6ec2cabc992a675fa0cc9c391e929,6,True,
python_exact,12_31_35_36_12_57_33,32824,31,33,True,True,13.768130999989808,c5a944cea19abf693fc15cf89c7fe1c8,7,True,1.0
C_exact,12_32_28_41_17_57_29,1386,32,29,True,True,0.3607434000005014,47c2f6a506871be2def894a6c3c518d7,4,False,
python_exact,12_32_28_41_17_57_29,1386,32,29,True,True,1.5687068999977782,b0a3bb9f25003d02ee1fe9ec6bbfe4c4,1,False,1.0
C_exact,12_32_37_21_37_37_40,8413,32,40,True,True,0.4692252000095323,43ebee26c07d7712d7129d0b2b769e91,6,True,
python_exact,12_32_37_21_37_37_40,8413,32,40,True,True,14.11657360001118,7418fbf3def39896b9dce99259a9f881,6,True,1.0
C_exact,12_33_13_43_47_20_48,153,33,48,True,True,0.21774120000191033,58a29d833f6139ac2302e3b7eced9c6b,6,True,
python_exact,12_33_13_43_47_20_48,153,33,48,True,True,8.410366600000998,44dd02bef870f3ecb660513a2deecce2,6,True,1.0
C_exact,12_33_1_50_62_41_17,12,33,17,True,True,0.015647799998987466,bd6b7e729067177289c1639d0536ae7e,0,False,
python_exact,12_33_1_50_62_41_17,12,33,17,True,True,0.08610099999350496,7346be6f437b95890b2be6db358b116e,0,False,1.0
C_exact,12_33_32_39_21_32_47,474,33,47,True,True,0.4187646000063978,df0f978c679cae4ee80a6f0f2c33b402,6,True,
python_exact,12_33_32_39_21_32_47,474,33,47,True,True,12.330673999997089,5820bf74899aa4b7dab8a6b3565f97ab,6,True,1.0
C_exact,12_35_31_26_18_51_43,4507,35,43,True,True,0.3356641999853309,a52cd5bf18fbe3bf0b8748524eacaad2,6,True,
python_exact,12_35_31_26_18_51_43,4507,35,43,True,True,12.931505200016545,ab464883e856809eddd86a6070010c4a,6,True,1.0
C_exact,12_36_21_30_41_32_44,86,36,44,True,True,0.4366996000171639,d009ae5430e503f68957e84be2ffc3cf,6,True,
python_exact,12_36_21_30_41_32_44,86,36,44,True,True,13.72625199999311,e025a883c73b2d112b3d3d07c36bdfbb,6,True,1.0
C_exact,12_36_25_33_26_31_53,4733,36,53,True,True,0.35717790000489913,0da1c6fd7f1777ce5c0a2e3ab54d1b87,6,True,
python_exact,12_36_25_33_26_31_53,4733,36,53,True,True,12.559161999990465,f869f5251620e2d20d17d388b4aff3df,6,True,1.0
C_exact,12_36_31_28_27_40_42,120,36,42,True,True,0.36655430000973865,7951c69154f925f9b6bcb4348cf0d50d,6,True,
python_exact,12_36_31_28_27_40_42,120,36,42,True,True,13.982984500005841,87f9990bed99c7b76284bbd2c78eece5,6,True,1.0
C_exact,12_40_10_50_27_32_45,3102,40,45,True,True,0.3548811999789905,2b3cdc719682d934bb339c7928e48cd7,6,True,
python_exact,12_40_10_50_27_32_45,3102,40,45,True,True,13.046068399999058,885d50034a298429792e0a7646d0d2af,6,True,1.0
C_exact,12_40_24_23_27_35_55,113235,40,55,True,True,0.346579400007613,e20b2b378e8ec12832cbe2768ebe715f,6,True,
python_exact,12_40_24_23_27_35_55,113235,40,55,True,True,11.859672800026601,ba6fea613fc43bf6d430daf62e6d7af8,6,True,1.0
C_exact,12_42_23_26_8_86_19,179076,42,19,True,True,0.3410087999945972,eb6785ba1299aaccb851c0eab8686f53,6,True,
python_exact,12_42_23_26_8_86_19,179076,42,19,True,True,12.37636019999627,e5a86be8f3afd35bd4ed17528ac34e6b,6,True,1.0
C_exact,12_44_15_29_15_69_32,43744,44,32,True,True,0.3258503000251949,8ba7000205b347b694a8a716a8d7c33f,6,True,
python_exact,12_44_15_29_15_69_32,43744,44,32,True,True,11.650420699996175,6a8af2c0c5270916cea3e5118e7618a4,6,True,1.0
C_exact,12_45_10_39_22_46_42,46621,45,42,True,True,0.37134889999288134,e51f34358775c5ae082376f1a0d592b8,6,True,
python_exact,12_45_10_39_22_46_42,46621,45,42,True,True,12.786370600020746,f9622304436f44836c5ae7c4337702e0,6,True,1.0
C_exact,12_4_10_70_87_22_11,3,4,11,True,True,0.014062900008866563,da6e79638e54d80a00235e3b0aadb8f0,0,False,
python_exact,12_4_10_70_87_22_11,3,4,11,True,True,0.04252799999085255,6d750e3fb4241fc0a0a6d85526aba66a,0,False,1.0
C_exact,12_4_18_68_82_24_8,1,4,8,True,True,0.014772200025618076,9be9c7708adc31d953115c06f47d0e34,0,False,
python_exact,12_4_18_68_82_24_8,1,4,8,True,True,0.020149199990555644,a4f87143b95d0e043cafa09d78c40840,0,False,1.0
C_exact,12_4_36_51_41_55_17,0,4,17,True,True,0.01483669999288395,956386f1a8c5037ee9894752cd1b512a,0,False,
python_exact,12_4_36_51_41_55_17,0,4,17,True,True,0.03385930001968518,f54e0e87f4e67069787f5872703e9a1a,0,False,1.0
C_exact,12_4_46_49_49_39_17,0,4,17,True,True,0.015475499996682629,6cf28001cd92486c85ae6c9084c198a7,0,False,
python_exact,12_4_46_49_49_39_17,0,4,17,True,True,0.04123729999992065,c7d3793df7c76041216916d0d9130568,0,False,1.0
C_exact,12_5_15_75_78_22_9,5,5,9,True,True,0.014573899999959394,fc434b4ade90e226b0096f316e1f939c,0,False,
python_exact,12_5_15_75_78_22_9,5,5,9,True,True,0.014319300011266023,0e70996db139b77886e83ae393b4f1b1,0,False,1.0
C_exact,13_0_62_29_47_39_26,1,0,26,True,True,0.015391799999633804,670699e3fc3d494cf54bd64d27c57d72,0,False,
python_exact,13_0_62_29_47_39_26,1,0,26,True,True,0.026752200006740168,34fd9215d4bfe1d1dc32a49270002b61,0,False,1.0
C_exact,13_10_30_36_71_42_14,2,10,14,True,True,0.014071999990846962,97274df7312a582e1ecdf2f1476b6bb3,0,False,
python_exact,13_10_30_36_71_42_14,2,10,14,True,True,0.032739699992816895,bb108132d9d7093328d685ee52bee7dc,0,False,1.0
C_exact,13_10_54_30_17_66_26,2351,10,26,True,True,0.0553226999763865,50aec9977051bffc6f2464668e1ce5fa,0,False,
python_exact,13_10_54_30_17_66_26,2351,10,26,True,True,0.7782677999930456,5b1f6f66daf6d742a196ac0ab47f5f7e,0,False,1.0
C_exact,13_12_53_23_54_25_36,29,12,36,True,True,0.07387249998282641,7cac4d4452740d2ac88ba9d6faa97be9,2,False,
python_exact,13_12_53_23_54_25_36,29,12,36,True,True,0.10657720000017434,1d3aa6afcd23ce29a4facd18f447a57a,0,False,1.0
C_exact,13_13_23_43_67_48_9,1,13,9,True,True,0.014568899990990758,ed4573d39727a766f0049ca566519fcf,0,False,
python_exact,13_13_23_43_67_48_9,1,13,9,True,True,0.03774530001101084,b59fcba31c878e180b38c23e7207b20f,0,False,1.0
C_exact,13_17_23_52_44_31_36,3,17,36,True,True,0.015572200005408376,0b89dc2a69a9db656e6c036b8b0a67ad,0,False,
python_exact,13_17_23_52_44_31_36,3,17,36,True,True,0.0670828000002075,fb937a1be51baa57244bed4c060bea33,0,False,1.0
C_exact,13_18_2_86_37_14_46,35,18,46,True,True,0.2523630000068806,621e035e55abc33c32f972d1e1bb02c8,6,True,
python_exact,13_18_2_86_37_14_46,35,18,46,True,True,0.16287049997481517,fca3b3a1cd2ff997c9c2b0930575675e,0,False,1.0
C_exact,13_19_41_19_63_36_25,14,19,25,True,True,0.01871730000129901,2b151ff7516aa977f404212f95b51c05,0,False,
python_exact,13_19_41_19_63_36_25,14,19,25,True,True,0.1556126000068616,22c750db23cf8f0f35d2819e6f0c56e8,0,False,1.0
C_exact,13_1_7_76_84_25_10,1,1,10,True,True,0.01761800001258962,1251b37b378d46ae5d9ea9ea815440bf,0,False,
python_exact,13_1_7_76_84_25_10,1,1,10,True,True,0.021742999990237877,3883ee43d6356b354536d52949156460,0,False,1.0
C_exact,13_20_22_31_49_65_16,1,20,16,True,True,0.01586369998403825,abcc3e5ccfc945d987a27f7b643ae020,0,False,
python_exact,13_20_22_31_49_65_16,1,20,16,True,True,0.0320748999947682,5370f92ff143c18d1a74c2a8731172e7,0,False,1.0
C_exact,13_21_13_47_61_32_29,3,21,29,True,True,0.04862349998438731,bd37c11f7a709880c49594e1c7b0ec92,1,False,
python_exact,13_21_13_47_61_32_29,3,21,29,True,True,0.04293580001103692,92216b9335ac06520888df00728c1133,0,False,1.0
C_exact,13_22_31_22_44_58_26,124,22,26,True,True,0.03707079999730922,fedb3138af1b5a916ed1d136c13fd13d,0,False,
python_exact,13_22_31_22_44_58_26,124,22,26,True,True,0.10748639999656007,6757d08286d6182e486a0d44d79d1400,0,False,1.0
C_exact,13_23_33_30_42_21_54,1,23,54,True,True,0.18625960001372732,a1f342a7022d09b6c5b71707164c82be,6,True,
python_exact,13_23_33_30_42_21_54,1,23,54,True,True,10.851815799978795,50ef461f63cbddbb94e580c193e7a45d,6,True,1.0
C_exact,13_24_29_51_22_45_32,165,24,32,True,True,0.020795199990971014,32f503471c567971b8eb723580137be3,0,False,
python_exact,13_24_29_51_22_45_32,165,24,32,True,True,0.3722851000202354,f3bc40a8e5c956f90df33e03e42f6bc3,0,False,1.0
C_exact,13_25_20_35_37_78_8,23,25,8,True,True,0.019131400011247024,61198ff635132af287e26e230d7f81c0,0,False,
python_exact,13_25_20_35_37_78_8,23,25,8,True,True,0.08169190000626259,4c3588d9cf38a461308e63fa011bc535,0,False,1.0
C_exact,13_25_23_38_61_23_33,1,25,33,True,True,0.015527899988228455,651776c6a8f35a588df5fce1c305da78,0,False,
python_exact,13_25_23_38_61_23_33,1,25,33,True,True,0.09600229997886345,37ab7e207bfb1037a6ee60efb000d661,0,False,1.0
C_exact,13_26_41_28_23_48_37,216,26,37,True,True,0.41909860001760535,a66ad7d58e94b6eebd49a84a2b104174,6,True,
python_exact,13_26_41_28_23_48_37,216,26,37,True,True,14.44007439998677,f0e15e152bee3495d22ff837ad89e249,6,True,1.0
C_exact,13_27_43_20_37_35_41,5027,27,41,True,True,0.4052205999905709,24ef75d9fa2a6e4b620f8d185921a7c3,6,True,
python_exact,13_27_43_20_37_35_41,5027,27,41,True,True,14.464328299975023,c8b93f5363cbde696ed50c61781d6928,6,True,1.0
C_exact,13_29_39_24_37_31_43,117,29,43,True,True,0.43910820002201945,ad7ebe7347cdc87ae645aea1708c47f9,6,True,
python_exact,13_29_39_24_37_31_43,117,29,43,True,True,14.69228529999964,74fea8d7aeeb4662dd82b42685e849ba,6,True,1.0
C_exact,13_2_6_78_81_28_8,2,2,8,True,True,0.015202999988105148,dac106427833f2fa24080e3be4d5ddd1,0,False,
python_exact,13_2_6_78_81_28_8,2,2,8,True,True,0.024660199997015297,2ab57760057f4678494cd9a88be91d1a,0,False,1.0
C_exact,13_30_19_37_40_37_40,21,30,40,True,True,0.02283000000170432,149c6c2c34d4348a02edf1699e86b99e,0,False,
python_exact,13_30_19_37_40_37_40,21,30,40,True,True,10.430630699993344,ba5955d9e7d15d37638472e22f09c228,4,False,1.0
C_exact,13_31_25_14_73_9_51,25906,31,51,True,True,0.25209590001031756,663273c5e62399694c518eb2394caa57,6,True,
python_exact,13_31_25_14_73_9_51,25906,31,51,True,True,8.852169999998296,42db92b5a556db22713a86872de6387c,6,True,1.0
C_exact,13_31_31_22_40_41_38,606,31,38,True,True,0.4279679000028409,47ec63a2608bfd443220746faf2ffca8,6,True,
python_exact,13_31_31_22_40_41_38,606,31,38,True,True,0.8383089000126347,eecf91765fd91f069e5f05cc0fe31fab,0,False,1.0
C_exact,13_33_24_38_22_47_39,78,33,39,True,True,0.15507050001178868,bf3883cb49fc3b209d78f8674dfd0d22,2,False,
python_exact,13_33_24_38_22_47_39,78,33,39,True,True,10.140356100018835,d8db779bd17b9db89aea8a5699d7e79e,4,False,1.0
C_exact,13_33_27_45_18_32_48,2580,33,48,True,True,0.3827832999813836,118fd2da9bef1a972a6c4215d7810157,6,True,
python_exact,13_33_27_45_18_32_48,2580,33,48,True,True,13.169173800008139,977e52d153d0858c2ddf296afc1d9f0d,6,True,1.0
C_exact,13_33_9_49_24_56_32,9,33,32,True,True,0.18334999997750856,be95efa294ae9206c64f591208d8bd49,2,False,
python_exact,13_33_9_49_24_56_32,9,33,32,True,True,3.6191692000138573,6ec68fe425de1cfeceb8e45b2ec83d43,1,False,1.0
C_exact,13_34_13_38_38_46_34,4,34,34,True,True,0.047887499997159466,e169de9cc29bba77223a5c9492b41673,0,False,
python_exact,13_34_13_38_38_46_34,4,34,34,True,True,2.5505611000116915,d23afe825feec10ede57330763bfbe16,1,False,1.0
C_exact,13_34_17_36_36_36_44,204,34,44,True,True,0.370891299971845,1f4aa75cbc7016028b54bafc9cf0fd56,6,True,
python_exact,13_34_17_36_36_36_44,204,34,44,True,True,10.426823299989337,906640e1087a90a055d4ece2ab47cff9,4,False,1.0
C_exact,13_36_17_26_48_44_32,242,36,32,True,True,0.019018399994820356,badfba7bf55c464b45da6f79920ad6c9,0,False,
python_exact,13_36_17_26_48_44_32,242,36,32,True,True,0.12291970002115704,94b009a34ed7a509485582312afbe953,0,False,1.0
C_exact,13_36_23_33_32_21_58,17562,36,58,True,True,0.30501760001061484,63463b758ab53676685b5d24c6e3ed6c,6,True,
python_exact,13_36_23_33_32_21_58,17562,36,58,True,True,14.020807499997318,b4777736c0ab040add8ecddad636d93b,6,True,1.0
C_exact,13_36_24_31_34_39_39,86,36,39,True,True,0.24791830001049675,2b6e2677f6d462273c363af9e63678c1,3,False,
python_exact,13_36_24_31_34_39_39,86,36,39,True,True,13.445068500004709,7614a03f170e56bde1f7f31e28d34186,6,True,1.0
C_exact,13_3_13_78_79_21_9,0,3,9,True,True,0.01611669998965226,0edfec20589fbdc926f6931810017b7a,0,False,
python_exact,13_3_13_78_79_21_9,0,3,9,True,True,0.009935500012943521,a6dc260b7f3c7babf34331ca362191d1,0,False,1.0
C_exact,13_3_18_61_91_22_8,5,3,8,True,True,0.015379700023913756,42320055a81c2bdf84be561782b12ea9,0,False,
python_exact,13_3_18_61_91_22_8,5,3,8,True,True,0.018391699995845556,9025e7d51b133139678c6f3f1f12330c,0,False,1.0
C_exact,13_41_18_15_38_48_43,178630,41,43,True,True,0.36882830000831746,c6f3851b71b39949b930a24078039426,6,True,
python_exact,13_41_18_15_38_48_43,178630,41,43,True,True,12.698374900006456,5cc50dc9112d536aa375a2ea3fd6ecbc,6,True,1.0
C_exact,13_4_13_70_84_26_6,0,4,6,True,True,0.017337400000542402,7e825541c8f1ed295256a45a9da6d993,0,False,
python_exact,13_4_13_70_84_26_6,0,4,6,True,True,0.017830600001616403,5a7a2dad1129b0972c85c762954ff4b1,0,False,1.0
C_exact,13_4_14_65_91_25_4,18,4,4,True,True,0.016059799992945045,a41fa04c7c93eea92321342dd0ced216,0,False,
python_exact,13_4_14_65_91_25_4,18,4,4,True,True,0.027240000024903566,13de0096d507493be1387139cd1576ec,0,False,1.0
C_exact,13_4_17_73_71_31_7,3,4,7,True,True,0.01320700001087971,1f8266c23c3271a441ce19c35005829f,0,False,
python_exact,13_4_17_73_71_31_7,3,4,7,True,True,0.01265750001766719,e96edf31c111589d853328bee7df478b,0,False,1.0
C_exact,13_4_30_60_52_26_31,0,4,31,True,True,0.018323500000406057,6005100498949af572d879cd4a487523,0,False,
python_exact,13_4_30_60_52_26_31,0,4,31,True,True,0.04366460000164807,589d6a252b2336e7e3dc47584cffe73f,0,False,1.0
C_exact,13_6_12_78_72_26_9,0,6,9,True,True,0.01521759998286143,88727e8c16ec2e622e80ebf68b131f2f,0,False,
python_exact,13_6_12_78_72_26_9,0,6,9,True,True,0.017209599987836555,9be319a47d3cea6b991c535beeef60b1,0,False,1.0
C_exact,13_6_52_41_29_29_46,0,6,46,True,True,0.05493680000654422,bf1b0fadcc064c136677c1fe75238c21,1,False,
python_exact,13_6_52_41_29_29_46,0,6,46,True,True,0.37701559998095036,06607b3050268ad28a8473e85163531a,0,False,1.0
C_exact,13_8_36_60_35_24_40,1,8,40,True,True,0.03545440000016242,8485b3f62a6fe85e7095cf16eb24eae6,1,False,
python_exact,13_8_36_60_35_24_40,1,8,40,True,True,3.883463100006338,c2be9d766ba9d5314d994f0ec04d6dbc,3,False,1.0
C_exact,14_0_14_69_86_23_10,1,0,10,True,True,0.013487899996107444,adde882b0d967d1a6164a8cb2e8c1509,0,False,
python_exact,14_0_14_69_86_23_10,1,0,10,True,True,0.023872799996752292,bd38f2d502952fbbec70a6d94ceb0425,0,False,1.0
C_exact,14_10_31_54_46_26_35,0,10,35,True,True,0.017371199995977804,4d24ccec5cbc04d0d928f368e4e04d95,0,False,
python_exact,14_10_31_54_46_26_35,0,10,35,True,True,1.928566500020679,3a2a1332491a6fbe8f7acd29b0d67677,1,False,1.0
C_exact,14_10_32_59_25_31_45,0,10,45,True,True,0.05766700001549907,9923da133d3957d6901e9e7f997982a2,1,False,
python_exact,14_10_32_59_25_31_45,0,10,45,True,True,0.13183179998304695,fc453235d8ef3bf30f76a97efc5702b5,0,False,1.0
C_exact,14_13_29_20_87_25_28,0,13,28,True,True,0.012928000011015683,b257f753a87d2d6e9cd72c062cd05775,0,False,
python_exact,14_13_29_20_87_25_28,0,13,28,True,True,0.05132540001068264,f0dac73b7f01e573128bedcbb1655c4d,0,False,1.0
C_exact,14_14_22_40_73_32_21,1,14,21,True,True,0.015537100000074133,233fdb2ee544e888234cf04a4229286d,0,False,
python_exact,14_14_22_40_73_32_21,1,14,21,True,True,0.0672801999899093,e43046c6bf99f2065a0c447fe7cefa8b,0,False,1.0
C_exact,14_15_47_38_31_25_46,2,15,46,True,True,0.07253979999222793,57169cc6bd0fc4aac09cd96db8c555a6,1,False,
python_exact,14_15_47_38_31_25_46,2,15,46,True,True,3.5285217000055127,9908f36414e95874879f59bb83c48efe,2,False,1.0
C_exact,14_16_25_60_20_50_31,712,16,31,True,True,0.046748399996431544,22585d13be87c86aaafcc6c714f3f240,1,False,
python_exact,14_16_25_60_20_50_31,712,16,31,True,True,0.10239559999899939,2398ae9f7528416bd27b9f367b99d322,0,False,1.0
C_exact,14_16_32_54_26_32_42,0,16,42,True,True,0.02318109999760054,6f469928ae3eee414a573531d7dc1075,0,False,
python_exact,14_16_32_54_26_32_42,0,16,42,True,True,6.07204910001019,062c32b5569af804ce33cc41b2ad4abb,4,False,1.0
C_exact,14_17_20_61_33_30_41,2,17,41,True,True,0.08725440001580864,21241c3e4883485a6a226ed2f5ae5f36,3,False,
python_exact,14_17_20_61_33_30_41,2,17,41,True,True,0.36166350002167746,28c80d701e2611afec2535c8190cdde0,0,False,1.0
C_exact,14_17_23_70_31_23_38,0,17,38,True,True,0.018340100010391325,1c5a6f939310d8fa39e939dfe9bdee97,0,False,
python_exact,14_17_23_70_31_23_38,0,17,38,True,True,1.3845249999722,d758012e8e9e0afddce2ce9cbaa6748d,1,False,1.0
C_exact,14_18_23_57_34_29_41,1,18,41,True,True,0.08863019998534583,297ed2ac209a82ce88e87f731eb6629d,3,False,
python_exact,14_18_23_57_34_29_41,1,18,41,True,True,0.17141550002270378,bd707829d46d8da3b7843958799b1ad3,0,False,1.0
C_exact,14_18_33_43_14_63_31,101044,18,31,True,True,0.023928500013425946,ef2aa848c399572bc4267478021e533a,0,False,
python_exact,14_18_33_43_14_63_31,101044,18,31,True,True,0.3146757000067737,cc0d17fb43399888806ac57136a573aa,0,False,1.0
C_exact,14_19_23_45_46_34_35,3,19,35,True,True,0.02191609999863431,3a40c4728a772cd3541574dd47e82663,0,False,
python_exact,14_19_23_45_46_34_35,3,19,35,True,True,0.10812859999714419,60f2d9307b9f58c842b2370edb2a3e3c,0,False,1.0
C_exact,14_1_18_78_48_39_18,1,1,18,True,True,0.01785190001828596,469b444b752228ac422cd24639e85377,0,False,
python_exact,14_1_18_78_48_39_18,1,1,18,True,True,0.031470100017031655,dbd863494ee0894cd08cd35abe31961d,0,False,1.0
C_exact,14_20_23_45_42_33_39,0,20,39,True,True,0.021454199973959476,1381ae4c218e8cb26e719800376e5ce2,0,False,
python_exact,14_20_23_45_42_33_39,0,20,39,True,True,0.36010270001133904,7f5caeb72eac92c785c1d919b2906c38,0,False,1.0
C_exact,14_20_44_29_18_51_40,334,20,40,True,True,0.08274399998481385,e471c787bf487203b755fab1935e5707,1,False,
python_exact,14_20_44_29_18_51_40,334,20,40,True,True,0.8938245000026654,e0a97919c522c641d1909be52b891641,0,False,1.0
C_exact,14_21_17_64_35_25_40,6,21,40,True,True,0.017251200013561174,a60ed77f21e5f9aa036ce1176808e2d3,0,False,
python_exact,14_21_17_64_35_25_40,6,21,40,True,True,1.3908644999901298,b0774ef3a7c74d47f0233fc228b1f424,1,False,1.0
C_exact,14_21_25_31_54_40_31,14,21,31,True,True,0.01873909999267198,dad446204a42b89ade6f02ec8e2834cd,0,False,
python_exact,14_21_25_31_54_40_31,14,21,31,True,True,0.03845910000381991,c331f493ef73272d32c171742d7cde14,0,False,1.0
C_exact,14_23_19_47_55_34_24,2,23,24,True,True,0.015241899993270636,e38cdf6dc8a1c44843456a48b496abcc,0,False,
python_exact,14_23_19_47_55_34_24,2,23,24,True,True,0.07593219997943379,104637fd8db4e9eb00258e511102f6d7,0,False,1.0
C_exact,14_23_23_20_75_41_20,16,23,20,True,True,0.019253899983596057,655917715633feb7a98e6ccfe5f5b537,0,False,
python_exact,14_23_23_20_75_41_20,16,23,20,True,True,0.11854429999948479,df4df220a129acb4bac2c30b0cd70025,0,False,1.0
C_exact,14_25_11_63_30_30_43,23,25,43,True,True,0.026564799976767972,ed43d79bd395ee41a9fce72049e06f70,0,False,
python_exact,14_25_11_63_30_30_43,23,25,43,True,True,1.428390599990962,332eae11af049bae3dae8124d9b2d430,1,False,1.0
C_exact,14_25_17_33_67_12_48,469,25,48,True,True,0.041518400015775114,b80828b97c318eded9c4831e880ec47c,1,False,
python_exact,14_25_17_33_67_12_48,469,25,48,True,True,7.098621100012679,6d42ac48d7a0d7547f519e61458250d5,6,True,1.0
C_exact,14_25_20_29_59_28_41,7,25,41,True,True,0.03894680002122186,3810efab4d8b1aff87650b154e17f2af,1,False,
python_exact,14_25_20_29_59_28_41,7,25,41,True,True,3.048431699979119,8bbfb2556cc564daa4e525c95374eece,2,False,1.0
C_exact,14_25_39_29_35_38_36,7,25,36,True,True,0.07024840000667609,5f264182585501db644f6c4b078af53d,0,False,
python_exact,14_25_39_29_35_38_36,7,25,36,True,True,3.4416934000037145,481a79e514794dbed94d1d5adbb8bc86,1,False,1.0
C_exact,14_26_43_19_49_11_54,469,26,54,True,True,0.3294136000040453,70d8280e6950617b90e0dc59a5af8010,6,True,
python_exact,14_26_43_19_49_11_54,469,26,54,True,True,10.78674849998788,86e69c8e905a950b8d486f895198be57,6,True,1.0
C_exact,14_27_14_47_50_28_36,26,27,36,True,True,0.045308000000659376,dad0ea2c01112c86c2a97ddbb5f11a6a,1,False,
python_exact,14_27_14_47_50_28_36,26,27,36,True,True,0.1093352000170853,0df66859433394f5cf0d006a7145d8f6,0,False,1.0
C_exact,14_27_1_4_143_23_4,10095,27,4,True,True,0.012970999989192933,0dac3e8ff22a3a3971628f3933192b56,0,False,
python_exact,14_27_1_4_143_23_4,10095,27,4,True,True,0.02084900002228096,5980f3891d40968ad566db029b0f870b,0,False,1.0
C_exact,14_28_19_30_68_32_25,14,28,25,True,True,0.053615699987858534,4bc0c76761bb74d9dcdc26d81862da9d,1,False,
python_exact,14_28_19_30_68_32_25,14,28,25,True,True,1.836429599992698,c7f243f7541760fb30552e97d6cb0508,1,False,1.0
C_exact,14_28_21_32_42_40_39,2,28,39,True,True,0.028985700017074123,0b045e3ac227f5e177a89c8585dab738,0,False,
python_exact,14_28_21_32_42_40_39,2,28,39,True,True,5.453980999998748,9a6ecc4bc2a4e9664dac6c3649f862da,3,False,1.0
C_exact,14_28_22_46_20_58_28,100,28,28,True,True,0.05481200001668185,8b9200ff906901be419de67014d5e8a1,1,False,
python_exact,14_28_22_46_20_58_28,100,28,28,True,True,1.6771655000047758,11cb047131d05f6c1ca0245fab413d77,1,False,1.0
C_exact,14_28_25_44_29_24_52,3,28,52,True,True,0.31646259999251924,35ca1ffa70fdc70cc052b5c7ad72bb4c,6,True,
python_exact,14_28_25_44_29_24_52,3,28,52,True,True,11.769960000005085,f90d8d8c02d94ca632d72dd5eceacd0f,6,True,1.0
C_exact,14_29_22_35_32_38_46,2,29,46,True,True,0.3794212999928277,7513be2b891156ea41162c19bf736422,6,True,
python_exact,14_29_22_35_32_38_46,2,29,46,True,True,8.075351100007538,5228004ca5b9699bc99169bd13714e52,4,False,1.0
C_exact,14_29_31_25_38_30_49,257,29,49,True,True,0.36350130001665093,24c39bf3860587d5a645bbdab0e148df,6,True,
python_exact,14_29_31_25_38_30_49,257,29,49,True,True,12.233240300003672,e3323f7e6f6cd63033b1cc26e8d9868f,6,True,1.0
C_exact,14_29_33_26_25_43_46,12,29,46,True,True,0.36852379998890683,9c63904001b3710b55695a376120336f,6,True,
python_exact,14_29_33_26_25_43_46,12,29,46,True,True,11.83215219998965,8385f45cd8d0ffd76c53b24bd562f073,6,True,1.0
C_exact,14_29_34_26_24_39_50,39,29,50,True,True,0.3761696000001393,012e46c67994faf5443f682653940ea5,6,True,
python_exact,14_29_34_26_24_39_50,39,29,50,True,True,12.544485499995062,fe58adcbf86a548625ff0f4761cb4363,6,True,1.0
C_exact,14_29_35_19_25_74_20,850,29,20,True,True,0.0417992000002414,c31be917e9a885db829d3574b2cbca6a,0,False,
python_exact,14_29_35_19_25_74_20,850,29,20,True,True,1.550074200000381,427e6966304621603081503b9954434d,0,False,1.0
C_exact,14_2_14_75_77_27_7,2,2,7,True,True,0.013628500018967316,8df39637c844f8445205cfd25755d9d3,0,False,
python_exact,14_2_14_75_77_27_7,2,2,7,True,True,0.008613599988166243,a7cb8e07769bd1384ba528d7b3d1a7ae,0,False,1.0
C_exact,14_2_16_67_88_21_8,3,2,8,True,True,0.014170700014801696,08da42c66d5aa97c86f6d946b774baa4,0,False,
python_exact,14_2_16_67_88_21_8,3,2,8,True,True,0.01032959998701699,65cc9c88ad2ecb177b04e42a57750339,0,False,1.0
C_exact,14_30_25_31_30_35_51,2,30,51,True,True,0.35809120000340044,bcc222732d65bf3339ea29ba2749db8f,6,True,
python_exact,14_30_25_31_30_35_51,2,30,51,True,True,12.69649859998026,210f73bd7f5fcfc0d00d732a7d67d757,6,True,1.0
C_exact,14_31_28_25_39_36_43,174,31,43,True,True,0.40267370000947267,27fa71c37c06ced552516a4fe63ae906,6,True,
python_exact,14_31_28_25_39_36_43,174,31,43,True,True,14.097424099978525,2ab842779d4e09a8d0d8ddcfd1998c4d,6,True,1.0
C_exact,14_31_33_29_20_34_55,2062,31,55,True,True,0.3281689000141341,11be42b8aeb0fc1f715d0aaaf3e4d7cd,6,True,
python_exact,14_31_33_29_20_34_55,2062,31,55,True,True,11.991568800003733,a3e765ae55dc7517025ac1ff0310b045,6,True,1.0
C_exact,14_31_34_25_41_14_57,2373,31,57,True,True,0.36524819998885505,2b66a91eb0bd4d221f29de78f6899de1,6,True,
python_exact,14_31_34_25_41_14_57,2373,31,57,True,True,11.710754700005054,2dc57b2df0ac75a090ad95822f77a2f4,6,True,1.0
C_exact,14_31_37_29_36_12_57,1016,31,57,True,True,0.30936669997754507,ebaa4d0ff66383c45638090fd1936505,6,True,
python_exact,14_31_37_29_36_12_57,1016,31,57,True,True,12.21462819998851,ce6cbbd0f195fc1a10a75b0100ffc907,6,True,1.0
C_exact,14_32_18_37_42_47_26,5,32,26,True,True,0.04912860001786612,4b55d2c0b1f05e4ad92441a7c6c75951,0,False,
python_exact,14_32_18_37_42_47_26,5,32,26,True,True,0.3186973000119906,88e7b025dce3fd044d626e8fbb9b7b4c,1,False,1.0
C_exact,14_32_28_27_25_59_31,89,32,31,True,True,0.4206425999873318,79970d2cc222e6999cb33c308ea0808d,6,True,
python_exact,14_32_28_27_25_59_31,89,32,31,True,True,14.171482500009006,39928643dadc5bc613b907dbc7828091,6,True,1.0
C_exact,14_32_31_18_41_40_40,68502,32,40,True,True,0.43866719998186454,fb76c1934308bdd5da07d1fe86cdaacb,6,True,
python_exact,14_32_31_18_41_40_40,68502,32,40,True,True,14.322446500009391,6f5631a57dfd0b5bd0ba6b968bcc6e05,6,True,1.0
C_exact,14_33_11_35_55_22_46,20,33,46,True,True,0.2858540000161156,eb0b5f93d3daafacaa7533fbc1b9d4a6,6,True,
python_exact,14_33_11_35_55_22_46,20,33,46,True,True,8.578370200004429,e45ac11be7d21c88e14ac07a37fc2763,6,True,1.0
C_exact,14_33_20_47_27_18_57,149,33,57,True,True,0.3009477000159677,f10ad37bb07501af132713dc2cf01efb,6,True,
python_exact,14_33_20_47_27_18_57,149,33,57,True,True,11.054566300008446,8ccae04bd6c47d206751f5838ab368f0,6,True,1.0
C_exact,14_33_21_34_50_23_41,40,33,41,True,True,0.2669132000009995,22eb9cf22fe9fb87d4559a126f331767,6,True,
python_exact,14_33_21_34_50_23_41,40,33,41,True,True,4.059669199981727,f5f25763b7f4c681352594bedbcc223b,2,False,1.0
C_exact,14_33_38_23_21_42_45,2511,33,45,True,True,0.3677474999858532,75edab04cc34e6689b4c4dd9bf52065a,6,True,
python_exact,14_33_38_23_21_42_45,2511,33,45,True,True,12.046980899991468,b5dd1154ed53502ac2aff625745c8890,6,True,1.0
C_exact,14_33_38_27_23_28_53,2946,33,53,True,True,0.34085470001446083,1b64b33c1f534e102ebd84e4e80b791a,6,True,
python_exact,14_33_38_27_23_28_53,2946,33,53,True,True,10.758888999989722,8567ab393d4a059c34e91db380af5afc,6,True,1.0
C_exact,14_34_0_48_42_44_34,2,34,34,True,True,0.1563509000116028,ef87a814c9f051bf1f6a2e20c66e64e2,1,False,
python_exact,14_34_0_48_42_44_34,2,34,34,True,True,3.7193207000091206,f1a191a673cfccd71402405d504f558f,1,False,1.0
C_exact,14_34_29_37_20_35_47,113,34,47,True,True,0.3748892000003252,89276056c7c0cda2ad255a412e1913d2,6,True,
python_exact,14_34_29_37_20_35_47,113,34,47,True,True,13.148558499990031,bd2a7995fc0646ed45afef0f6acad051,6,True,1.0
C_exact,14_34_30_23_31_55_29,605,34,29,True,True,0.41448039998067543,17fb822b8a9490ab5a149617ca701d96,5,False,
python_exact,14_34_30_23_31_55_29,605,34,29,True,True,7.114440799981821,bfd037a127b16186202a71980aef26e0,2,False,1.0
C_exact,14_34_36_19_25_51_37,53481,34,37,True,True,0.4051065999956336,af2b61cb03542aa4e66d9cd17a783512,6,True,
python_exact,14_34_36_19_25_51_37,53481,34,37,True,True,13.563870500016492,eba6f1cb2c6eeebab87faeffa6668ff8,6,True,1.0
C_exact,14_34_6_58_40_26_38,20,34,38,True,True,0.16733680001925677,9cfb559219d1c6862645246359135763,5,False,
python_exact,14_34_6_58_40_26_38,20,34,38,True,True,2.903391700005159,5f1ec7e4709bc4c411d41642114d6109,1,False,1.0
C_exact,14_35_17_2_90_25_33,24699,35,33,True,True,0.18083260001731105,c759bd74bb91809df03dd5cd8be96317,1,False,
python_exact,14_35_17_2_90_25_33,24699,35,33,True,True,1.6708380999916699,cda5a44c8edf42f14ae9ba65bc66a5c2,0,False,1.0
C_exact,14_35_9_6_65_77_10,1167,35,10,True,True,0.016716199985239655,5197b4c5ec926726676892c7274649f3,0,False,
python_exact,14_35_9_6_65_77_10,1167,35,10,True,True,0.38447430002270266,43f574e39b53bad161a06004e23ad505,0,False,1.0
C_exact,14_36_22_23_13_79_29,4128,36,29,True,True,0.37073150000651367,f6abc7fc5d080fa7a4f223bce4c24c9f,6,True,
python_exact,14_36_22_23_13_79_29,4128,36,29,True,True,11.319184599997243,d6d80965fc94395b908d1a938b6c4391,6,True,1.0
C_exact,14_39_21_37_23_32_50,11341,39,50,True,True,0.35959389997879043,82bf9cacf22aaab6b22b829d17d610d1,6,True,
python_exact,14_39_21_37_23_32_50,11341,39,50,True,True,11.965039000002434,cb477db06d8fc450bfe6e32c3185b9da,6,True,1.0
C_exact,14_3_11_74_83_27_4,8,3,4,True,True,0.015720199997304007,d35e3fcfc832268e3ccb85afa951cf1e,0,False,
python_exact,14_3_11_74_83_27_4,8,3,4,True,True,0.017261700006201863,ed51c57fafb18d25f805b714a724a2f6,0,False,1.0
C_exact,14_42_13_30_31_52_34,161,42,34,True,True,0.3778128999983892,4b4508bbf23fe4824a225b23b22afafb,6,True,
python_exact,14_42_13_30_31_52_34,161,42,34,True,True,14.748508300021058,01c98219848fbb56f5ff5b7d187967dc,6,True,1.0
C_exact,14_43_15_28_34_33_49,65664,43,49,True,True,0.35090829999535345,00b05959f0186e215ee4f4a6649277cc,6,True,
python_exact,14_43_15_28_34_33_49,65664,43,49,True,True,11.79444309999235,d89520f7de35aa6ddea7d5ee255bc409,6,True,1.0
C_exact,14_44_2_40_31_52_33,15894,44,33,True,True,0.43995949998497963,cdba37b0c6569625ba6503dce3bc4ec1,6,True,
python_exact,14_44_2_40_31_52_33,15894,44,33,True,True,14.407378600008087,84c65523c6556ad2bcf80ad6091c211c,6,True,1.0
C_exact,14_6_54_29_28_55_30,6,6,30,True,True,0.016374400001950562,312110a95880af834ac8be1fff528ffd,0,False,
python_exact,14_6_54_29_28_55_30,6,6,30,True,True,0.3014238000032492,72b417115c2d1e325b60be3bd64c9195,0,False,1.0
C_exact,14_7_32_59_26_60_18,3,7,18,True,True,0.013908100023400038,d5e68edbf70652c1aaeeb12941828a30,0,False,
python_exact,14_7_32_59_26_60_18,3,7,18,True,True,0.049581200000829995,b327f8d3b5450bfadf5f5b5e15f374d3,0,False,1.0
C_exact,14_7_52_31_38_30_44,4,7,44,True,True,0.09461590001592413,f7d6c024a9947d0274b088f2eabce240,3,False,
python_exact,14_7_52_31_38_30_44,4,7,44,True,True,8.358946299995296,44e30c35f27318a9cbaeee6e4e408760,6,True,1.0
C_exact,14_7_8_69_89_24_5,6,7,5,True,True,0.014674800011562183,fbf7791a1af28d84e04388f71728c35f,0,False,
python_exact,14_7_8_69_89_24_5,6,7,5,True,True,0.014274699991801754,4bb4c724c772e39fbe15eeaa185c6272,0,False,1.0
C_exact,15_0_14_77_77_23_10,1,0,10,True,True,0.014277299982495606,fcacb0c6942152241b30cad2e193af97,0,False,
python_exact,15_0_14_77_77_23_10,1,0,10,True,True,0.03096679999725893,52b3a7e63a0953d01f1c86a57aa9ad97,0,False,1.0
C_exact,15_10_42_35_43_31_40,1,10,40,True,True,0.02390729999751784,ba553b6bbb2ebeec00d2412602d6f1c4,0,False,
python_exact,15_10_42_35_43_31_40,1,10,40,True,True,0.25679879999370314,bf17de737aacfc6e6f8c72425139181c,0,False,1.0
C_exact,15_12_33_55_17_75_9,471,12,9,True,True,0.01733449997846037,10c1026ca2797f53179ac90633c968b3,0,False,
python_exact,15_12_33_55_17_75_9,471,12,9,True,True,0.08430899999802932,ba4f08a3538685af6b47aef985b41c6d,0,False,1.0
C_exact,15_13_23_52_33_51_29,1,13,29,True,True,0.018826099985744804,341bf287bbd92706ff81880a1d7a7265,0,False,
python_exact,15_13_23_52_33_51_29,1,13,29,True,True,0.06721110001672059,5b9364f2a9391960293b70a4f894fd41,0,False,1.0
C_exact,15_13_24_59_32_50_23,1,13,23,True,True,0.021688400011043996,a2fcb0b9d81b1c3fd5a0ea8e776ee514,0,False,
python_exact,15_13_24_59_32_50_23,1,13,23,True,True,0.10122559999581426,9a8105818f1d8caca7a32a7cb8b5e588,0,False,1.0
C_exact,15_13_37_32_39_53_27,0,13,27,True,True,0.01863419997971505,48eb456a5f5f622ac8c023df382066a2,0,False,
python_exact,15_13_37_32_39_53_27,0,13,27,True,True,2.041779100021813,7fe33392fed9b0bb563af965bcad2c2b,1,False,1.0
C_exact,15_15_44_39_12_74_17,82163,15,17,True,True,0.023698600009083748,cc35569051817cd9437fc82129a8e940,0,False,
python_exact,15_15_44_39_12_74_17,82163,15,17,True,True,1.429939399997238,346d22c84eec9be8e77189f1ea4bdbd2,1,False,1.0
C_exact,15_16_27_50_27_52_29,0,16,29,True,True,0.02407749998383224,b45a7b6de786982d35308fbb3c295514,1,False,
python_exact,15_16_27_50_27_52_29,0,16,29,True,True,0.12798359998851083,16884cd8b016fd477b2e150c35bbfd95,0,False,1.0
C_exact,15_17_35_35_40_46_28,6,17,28,True,True,0.028758800006471574,f8cd82a956cc2c5b0cc9cc4a709e90a6,0,False,
python_exact,15_17_35_35_40_46_28,6,17,28,True,True,4.308356199995615,2c1fdd6fa98002fa1385c0297c7a4ae4,1,False,1.0
C_exact,15_18_23_31_74_39_16,0,18,16,True,True,0.017354400013573468,0c19bd3f8cdd3dbc8d3af43310177808,0,False,
python_exact,15_18_23_31_74_39_16,0,18,16,True,True,0.026865399995585904,1d73a8df4c1327f851fad4e249b25504,0,False,1.0
C_exact,15_18_27_45_50_35_26,6,18,26,True,True,0.01575819999561645,6366d8d01a967a35d7c9eb54f15f1ee1,0,False,
python_exact,15_18_27_45_50_35_26,6,18,26,True,True,0.0685001999954693,3320a95fd054a90c0d10841210a215c2,0,False,1.0
C_exact,15_18_7_86_23_22_45,3780,18,45,True,True,0.020215900003677234,7ab2a7b9c5197356c2b191e44d816778,0,False,
python_exact,15_18_7_86_23_22_45,3780,18,45,True,True,0.07585870000184514,37eb4d8d04c93847ae47abc0bbf8747e,0,False,1.0
C_exact,15_19_34_33_30_56_29,7,19,29,True,True,0.029697999998461455,e0424dd6989cbaf38f0a3b69a8757fde,0,False,
python_exact,15_19_34_33_30_56_29,7,19,29,True,True,0.5461286999925505,065681a6d4486276ad1a2bea488582b2,0,False,1.0
C_exact,15_22_26_46_47_12_48,61,22,48,True,True,0.10257190000265837,8cc7675cb1f52c4faeaf51c75b770db2,4,False,
python_exact,15_22_26_46_47_12_48,61,22,48,True,True,6.899352300009923,a7efc78e998096337cbb9390cdd08e6b,6,True,1.0
C_exact,15_22_44_31_27_23_54,1,22,54,True,True,0.3200784000218846,de471923c972346b698a28ce7632d3a8,6,True,
python_exact,15_22_44_31_27_23_54,1,22,54,True,True,12.036745699995663,92b15127ea71ce54623c5788eef14edc,6,True,1.0
C_exact,15_23_35_31_40_40_32,2,23,32,True,True,0.02324029998271726,e1e4c7ccaaf467077406fe01cb6c6b62,0,False,
python_exact,15_23_35_31_40_40_32,2,23,32,True,True,0.21062219998566434,1078dc3d33fd28ba85806df3a04f3859,0,False,1.0
C_exact,15_25_21_44_30_39_42,0,25,42,True,True,0.06306520002544858,3191a3dcb64ba9f36e1bd40dadb91534,1,False,
python_exact,15_25_21_44_30_39_42,0,25,42,True,True,1.7004394000105094,37c246016187ff8d8c8836dd3919da78,1,False,1.0
C_exact,15_26_2_80_21_16_56,25433,26,56,True,True,0.19393539999146014,a50a480ba28c620c4d2f75cae0bbfc05,6,True,
python_exact,15_26_2_80_21_16_56,25433,26,56,True,True,9.174340799974743,e8c73e71dbfd82cdf225e7ad431f63f7,6,True,1.0
C_exact,15_27_11_55_42_26_40,23,27,40,True,True,0.05571689998032525,f30e890c7811bcb7ee5f9fe209e3adc7,1,False,
python_exact,15_27_11_55_42_26_40,23,27,40,True,True,0.32876830000896007,ace0809fc8be1d78bc869bc0b7be639b,0,False,1.0
C_exact,15_28_27_29_30_71_16,109,28,16,True,True,0.03124280000338331,549c2f78b5165bb178803c521991f9ce,0,False,
python_exact,15_28_27_29_30_71_16,109,28,16,True,True,0.3822167000034824,1eea2c1f831077fcdf8afe164c899b16,0,False,1.0
C_exact,15_28_42_25_29_25_52,333,28,52,True,True,0.35553970001637936,610c13c9b9169b576a4975341239badc,6,True,
python_exact,15_28_42_25_29_25_52,333,28,52,True,True,11.526065499987453,8953f536cd0dd3041b4f523a0b1bdee2,6,True,1.0
C_exact,15_29_38_37_21_18_58,231,29,58,True,True,0.33823199998005293,de3013d3cb981fab5122f71114a4d214,6,True,
python_exact,15_29_38_37_21_18_58,231,29,58,True,True,11.942110600008164,275982d5e3791f0242da2179162fce7e,6,True,1.0
C_exact,15_29_45_16_37_23_51,282995,29,51,True,True,0.3354729000129737,e60a90b38c2236214e393fcda8072823,6,True,
python_exact,15_29_45_16_37_23_51,282995,29,51,True,True,11.691294499993091,56f41fd306d43396d90ab454bcc9c798,6,True,1.0
C_exact,15_2_33_45_64_53_4,0,2,4,True,True,0.012900700006866828,0aa8a4a5606191b1207d955f1fc35a0d,0,False,
python_exact,15_2_33_45_64_53_4,0,2,4,True,True,0.028476899984525517,29a71f67a44de21559256c9a361e5c9b,0,False,1.0
C_exact,15_2_6_81_86_21_5,8,2,5,True,True,0.014327999990200624,50f08f384d72866942a9dea81b4db290,0,False,
python_exact,15_2_6_81_86_21_5,8,2,5,True,True,0.02135579998139292,10a33f207991b276ef57dc4dc0c30ab6,0,False,1.0
C_exact,15_30_10_43_42_47_29,37,30,29,True,True,0.015938800002913922,96cc92bbdbf0fc29f5c2e947f91620a0,0,False,
python_exact,15_30_10_43_42_47_29,37,30,29,True,True,1.7013747999735642,cf2c89055ed363297bfa47695984a829,1,False,1.0
C_exact,15_32_25_23_47_45_29,8,32,29,True,True,0.2964633999799844,611324ce6a9ae03d6bdea24ead8eacd5,3,False,
python_exact,15_32_25_23_47_45_29,8,32,29,True,True,2.6978805000253487,3809f2d51f7df4093c0854482616d537,2,False,1.0
C_exact,15_34_11_33_51_49_23,8,34,23,True,True,0.1675742000225,0fc799c3dd3a81eca94def31705846ae,1,False,
python_exact,15_34_11_33_51_49_23,8,34,23,True,True,0.7680562000023201,db43add244e993afacb3c9aef0b40e40,0,False,1.0
C_exact,15_34_24_15_56_25_47,28730,34,47,True,True,0.36052899999776855,dffc0094b90ced4ba783cc99a0d0e7b0,6,True,
python_exact,15_34_24_15_56_25_47,28730,34,47,True,True,11.102815799997188,0064da0f4de2e2bf615a1aa54ea62e38,6,True,1.0
C_exact,15_37_16_44_24_41_39,2784,37,39,True,True,0.3379369000031147,68bd25ea8dda870478246254d2f6edd0,6,True,
python_exact,15_37_16_44_24_41_39,2784,37,39,True,True,11.39361899998039,23b9763600408b9ee498242e97eb5c4c,6,True,1.0
C_exact,15_40_26_21_26_45_43,126789,40,43,True,True,0.3542402999883052,6ffa9e3f3d3d994cf58ab9b6e8eb6480,6,True,
python_exact,15_40_26_21_26_45_43,126789,40,43,True,True,10.073807700013276,61ebc105c82a780ed8cb26a7c57a3d32,6,True,1.0
C_exact,15_4_0_106_42_48_1,642,4,1,True,True,0.013819799991324544,2982df22c92c55f5cd8b90214350fe2e,0,False,
python_exact,15_4_0_106_42_48_1,642,4,1,True,True,0.02816240000538528,68e1b6d725fe5d7a8b9b33ec55488abc,0,False,1.0
C_exact,15_8_29_55_35_41_33,0,8,33,True,True,0.04788680002093315,d63d3b9d64e488cfbe14c0c8f81182d8,1,False,
python_exact,15_8_29_55_35_41_33,0,8,33,True,True,0.10933149998891167,e55ebb850ad47c7ae1c554b925f76da8,0,False,1.0
C_exact,15_8_45_29_47_29_43,9,8,43,True,True,0.05748960000346415,8f938e0b125e04d40f27d01ecc529dc5,2,False,
python_exact,15_8_45_29_47_29_43,9,8,43,True,True,2.575692899990827,4b0520494dfd5cf32d08f5e3f637526b,2,False,1.0
