folder_name,n_f0,n_f1,n_f2,n_f3,n_f4,n_f5,n_f6,lattice,dims,periodicity,max_functionality,max_trials,max_saves,search,trial_ordinal,graph_files
10_0_26_75_43_53_9,10,0,26,75,43,53,9,SC,6x6x6,111,6,1000000,1,strict (C generator),6,data/mechanics/10_0_26_75_43_53_9/
10_13_50_46_13_69_15,10,13,50,46,13,69,15,SC,6x6x6,111,6,1000000,1,strict (C generator),354781,data/mechanics/10_13_50_46_13_69_15/
10_14_31_40_49_48_24,10,14,31,40,49,48,24,SC,6x6x6,111,6,1000000,1,strict (C generator),0,data/mechanics/10_14_31_40_49_48_24/
10_14_38_49_33_37_35,10,14,38,49,33,37,35,SC,6x6x6,111,6,1000000,1,strict (C generator),1,data/mechanics/10_14_38_49_33_37_35/
10_15_23_72_21_73_2,10,15,23,72,21,73,2,SC,6x6x6,111,6,1000000,1,strict (C generator),11527,data/mechanics/10_15_23_72_21_73_2/
10_15_33_29_78_22_29,10,15,33,29,78,22,29,SC,6x6x6,111,6,1000000,1,strict (C generator),2,data/mechanics/10_15_33_29_78_22_29/
10_16_39_60_18_32_41,10,16,39,60,18,32,41,SC,6x6x6,111,6,1000000,1,strict (C generator),250,data/mechanics/10_16_39_60_18_32_41/
10_16_39_63_27_21_40,10,16,39,63,27,21,40,SC,6x6x6,111,6,1000000,1,strict (C generator),0,data/mechanics/10_16_39_63_27_21_40/
10_17_39_36_48_31_35,10,17,39,36,48,31,35,SC,6x6x6,111,6,1000000,1,strict (C generator),2,data/mechanics/10_17_39_36_48_31_35/
10_18_20_64_29_56_19,10,18,20,64,29,56,19,SC,6x6x6,111,6,1000000,1,strict (C generator),0,data/mechanics/10_18_20_64_29_56_19/
10_18_31_51_18_63_25,10,18,31,51,18,63,25,SC,6x6x6,111,6,1000000,1,strict (C generator),303,data/mechanics/10_18_31_51_18_63_25/
10_1_12_87_77_24_5,10,1,12,87,77,24,5,SC,6x6x6,111,6,1000000,1,strict (C generator),9,data/mechanics/10_1_12_87_77_24_5/
10_1_17_90_68_19_11,10,1,17,90,68,19,11,SC,6x6x6,111,6,1000000,1,strict (C generator),7,data/mechanics/10_1_17_90_68_19_11/
10_20_30_45_45_47_19,10,20,30,45,45,47,19,SC,6x6x6,111,6,1000000,1,strict (C generator),0,data/mechanics/10_20_30_45_45_47_19/
10_20_37_40_27_48_34,10,20,37,40,27,48,34,SC,6x6x6,111,6,1000000,1,strict (C generator),19,data/mechanics/10_20_37_40_27_48_34/
10_20_42_30_46_44_24,10,20,42,30,46,44,24,SC,6x6x6,111,6,1000000,1,strict (C generator),61,data/mechanics/10_20_42_30_46_44_24/
10_23_20_33_76_38_16,10,23,20,33,76,38,16,SC,6x6x6,111,6,1000000,1,strict (C generator),0,data/mechanics/10_23_20_33_76_38_16/
10_24_14_63_41_47_17,10,24,14,63,41,47,17,SC,6x6x6,111,6,1000000,1,strict (C generator),1,data/mechanics/10_24_14_63_41_47_17/
10_24_32_54_19_16_61,10,24,32,54,19,16,61,SC,6x6x6,111,6,1000000,1,strict (C generator),1045,data/mechanics/10_24_32_54_19_16_61/
10_24_32_58_21_16_55,10,24,32,58,21,16,55,SC,6x6x6,111,6,1000000,1,strict (C generator),118,data/mechanics/10_24_32_58_21_16_55/
10_24_41_26_35_34_46,10,24,41,26,35,34,46,SC,6x6x6,111,6,1000000,1,strict (C generator),15,data/mechanics/10_24_41_26_35_34_46/
10_24_42_21_52_43_24,10,24,42,21,52,43,24,SC,6x6x6,111,6,1000000,1,strict (C generator),979,data/mechanics/10_24_42_21_52_43_24/
10_25_38_19_45_38_41,10,25,38,19,45,38,41,SC,6x6x6,111,6,1000000,1,strict (C generator),16062,data/mechanics/10_25_38_19_45_38_41/
10_26_23_22_57_62_16,10,26,23,22,57,62,16,SC,6x6x6,111,6,1000000,1,strict (C generator),144,data/mechanics/10_26_23_22_57_62_16/
10_26_27_27_49_49_28,10,26,27,27,49,49,28,SC,6x6x6,111,6,1000000,1,strict (C generator),22,data/mechanics/10_26_27_27_49_49_28/
10_26_35_29_43_29_44,10,26,35,29,43,29,44,SC,6x6x6,111,6,1000000,1,strict (C generator),2,data/mechanics/10_26_35_29_43_29_44/
10_27_20_36_44_65_14,10,27,20,36,44,65,14,SC,6x6x6,111,6,1000000,1,strict (C generator),10,data/mechanics/10_27_20_36_44_65_14/
10_27_22_48_36_47_26,10,27,22,48,36,47,26,SC,6x6x6,111,6,1000000,1,strict (C generator),25,data/mechanics/10_27_22_48_36_47_26/
10_27_26_46_39_39_29,10,27,26,46,39,39,29,SC,6x6x6,111,6,1000000,1,strict (C generator),21,data/mechanics/10_27_26_46_39_39_29/
10_27_39_26_50_31_33,10,27,39,26,50,31,33,SC,6x6x6,111,6,1000000,1,strict (C generator),31,data/mechanics/10_27_39_26_50_31_33/
10_28_25_40_47_14_52,10,28,25,40,47,14,52,SC,6x6x6,111,6,1000000,1,strict (C generator),30,data/mechanics/10_28_25_40_47_14_52/
10_28_31_31_44_45_27,10,28,31,31,44,45,27,SC,6x6x6,111,6,1000000,1,strict (C generator),13,data/mechanics/10_28_31_31_44_45_27/
10_2_16_74_87_20_7,10,2,16,74,87,20,7,SC,6x6x6,111,6,1000000,1,strict (C generator),11,data/mechanics/10_2_16_74_87_20_7/
10_2_16_81_79_23_5,10,2,16,81,79,23,5,SC,6x6x6,111,6,1000000,1,strict (C generator),5,data/mechanics/10_2_16_81_79_23_5/
10_2_19_74_81_24_6,10,2,19,74,81,24,6,SC,6x6x6,111,6,1000000,1,strict (C generator),4,data/mechanics/10_2_19_74_81_24_6/
10_2_20_68_88_22_6,10,2,20,68,88,22,6,SC,6x6x6,111,6,1000000,1,strict (C generator),24,data/mechanics/10_2_20_68_88_22_6/
10_31_28_34_48_31_34,10,31,28,34,48,31,34,SC,6x6x6,111,6,1000000,1,strict (C generator),5,data/mechanics/10_31_28_34_48_31_34/
10_31_43_20_42_29_41,10,31,43,20,42,29,41,SC,6x6x6,111,6,1000000,1,strict (C generator),3240,data/mechanics/10_31_43_20_42_29_41/
10_32_27_33_11_71_32,10,32,27,33,11,71,32,SC,6x6x6,111,6,1000000,1,strict (C generator),116598,data/mechanics/10_32_27_33_11_71_32/
10_33_26_22_21_83_21,10,33,26,22,21,83,21,SC,6x6x6,111,6,1000000,1,strict (C generator),615,data/mechanics/10_33_26_22_21_83_21/
10_34_21_39_46_37_29,10,34,21,39,46,37,29,SC,6x6x6,111,6,1000000,1,strict (C generator),96,data/mechanics/10_34_21_39_46_37_29/
10_35_24_26_58_17_46,10,35,24,26,58,17,46,SC,6x6x6,111,6,1000000,1,strict (C generator),331,data/mechanics/10_35_24_26_58_17_46/
10_36_9_36_65_12_48,10,36,9,36,65,12,48,SC,6x6x6,111,6,1000000,1,strict (C generator),4400,data/mechanics/10_36_9_36_65_12_48/
10_37_18_19_53_58_21,10,37,18,19,53,58,21,SC,6x6x6,111,6,1000000,1,strict (C generator),655,data/mechanics/10_37_18_19_53_58_21/
10_38_10_30_56_46_26,10,38,10,30,56,46,26,SC,6x6x6,111,6,1000000,1,strict (C generator),279,data/mechanics/10_38_10_30_56_46_26/
10_38_12_41_41_33_41,10,38,12,41,41,33,41,SC,6x6x6,111,6,1000000,1,strict (C generator),127,data/mechanics/10_38_12_41_41_33_41/
10_38_24_26_40_48_30,10,38,24,26,40,48,30,SC,6x6x6,111,6,1000000,1,strict (C generator),686,data/mechanics/10_38_24_26_40_48_30/
10_38_7_51_19_63_28,10,38,7,51,19,63,28,SC,6x6x6,111,6,1000000,1,strict (C generator),5462,data/mechanics/10_38_7_51_19_63_28/
10_39_28_18_27_53_41,10,39,28,18,27,53,41,SC,6x6x6,111,6,1000000,1,strict (C generator),32139,data/mechanics/10_39_28_18_27_53_41/
10_3_12_74_87_21_9,10,3,12,74,87,21,9,SC,6x6x6,111,6,1000000,1,strict (C generator),1,data/mechanics/10_3_12_74_87_21_9/
10_3_12_76_85_23_7,10,3,12,76,85,23,7,SC,6x6x6,111,6,1000000,1,strict (C generator),3,data/mechanics/10_3_12_76_85_23_7/
10_3_14_84_73_27_5,10,3,14,84,73,27,5,SC,6x6x6,111,6,1000000,1,strict (C generator),5,data/mechanics/10_3_14_84_73_27_5/
10_3_15_72_85_27_4,10,3,15,72,85,27,4,SC,6x6x6,111,6,1000000,1,strict (C generator),4,data/mechanics/10_3_15_72_85_27_4/
10_3_15_85_73_22_8,10,3,15,85,73,22,8,SC,6x6x6,111,6,1000000,1,strict (C generator),9,data/mechanics/10_3_15_85_73_22_8/
10_3_21_63_87_24_8,10,3,21,63,87,24,8,SC,6x6x6,111,6,1000000,1,strict (C generator),6,data/mechanics/10_3_21_63_87_24_8/
10_40_19_21_35_57_34,10,40,19,21,35,57,34,SC,6x6x6,111,6,1000000,1,strict (C generator),1498,data/mechanics/10_40_19_21_35_57_34/
10_40_31_28_24_40_43,10,40,31,28,24,40,43,SC,6x6x6,111,6,1000000,1,strict (C generator),534,data/mechanics/10_40_31_28_24_40_43/
10_42_3_39_55_41_26,10,42,3,39,55,41,26,SC,6x6x6,111,6,1000000,1,strict (C generator),340,data/mechanics/10_42_3_39_55_41_26/
10_44_16_35_44_13_54,10,44,16,35,44,13,54,SC,6x6x6,111,6,1000000,1,strict (C generator),575056,data/mechanics/10_44_16_35_44_13_54/
10_48_16_27_23_55_37,10,48,16,27,23,55,37,SC,6x6x6,111,6,1000000,1,strict (C generator),2738,data/mechanics/10_48_16_27_23_55_37/
10_4_16_77_77_25_7,10,4,16,77,77,25,7,SC,6x6x6,111,6,1000000,1,strict (C generator),0,data/mechanics/10_4_16_77_77_25_7/
10_4_9_80_82_24_7,10,4,9,80,82,24,7,SC,6x6x6,111,6,1000000,1,strict (C generator),0,data/mechanics/10_4_9_80_82_24_7/
10_5_10_79_78_28_6,10,5,10,79,78,28,6,SC,6x6x6,111,6,1000000,1,strict (C generator),2,data/mechanics/10_5_10_79_78_28_6/
10_5_11_75_88_20_7,10,5,11,75,88,20,7,SC,6x6x6,111,6,1000000,1,strict (C generator),0,data/mechanics/10_5_11_75_88_20_7/
10_5_17_69_84_24_7,10,5,17,69,84,24,7,SC,6x6x6,111,6,1000000,1,strict (C generator),2,data/mechanics/10_5_17_69_84_24_7/
10_5_27_58_46_63_7,10,5,27,58,46,63,7,SC,6x6x6,111,6,1000000,1,strict (C generator),0,data/mechanics/10_5_27_58_46_63_7/
10_6_17_76_75_24_8,10,6,17,76,75,24,8,SC,6x6x6,111,6,1000000,1,strict (C generator),0,data/mechanics/10_6_17_76_75_24_8/
10_6_22_64_54_46_14,10,6,22,64,54,46,14,SC,6x6x6,111,6,1000000,1,strict (C generator),3,data/mechanics/10_6_22_64_54_46_14/
11_0_10_80_89_22_4,11,0,10,80,89,22,4,SC,6x6x6,111,6,1000000,1,strict (C generator),5,data/mechanics/11_0_10_80_89_22_4/
11_0_13_82_80_24_6,11,0,13,82,80,24,6,SC,6x6x6,111,6,1000000,1,strict (C generator),25,data/mechanics/11_0_13_82_80_24_6/
11_0_49_25_87_41_3,11,0,49,25,87,41,3,SC,6x6x6,111,6,1000000,1,strict (C generator),14,data/mechanics/11_0_49_25_87_41_3/
11_0_62_36_28_74_5,11,0,62,36,28,74,5,SC,6x6x6,111,6,1000000,1,strict (C generator),14,data/mechanics/11_0_62_36_28_74_5/
11_10_55_31_45_31_33,11,10,55,31,45,31,33,SC,6x6x6,111,6,1000000,1,strict (C generator),2,data/mechanics/11_10_55_31_45_31_33/
11_11_43_46_20_51_34,11,11,43,46,20,51,34,SC,6x6x6,111,6,1000000,1,strict (C generator),74,data/mechanics/11_11_43_46_20_51_34/
11_12_20_69_45_25_34,11,12,20,69,45,25,34,SC,6x6x6,111,6,1000000,1,strict (C generator),0,data/mechanics/11_12_20_69_45_25_34/
11_13_14_69_60_28_21,11,13,14,69,60,28,21,SC,6x6x6,111,6,1000000,1,strict (C generator),2,data/mechanics/11_13_14_69_60_28_21/
11_14_28_62_22_42_37,11,14,28,62,22,42,37,SC,6x6x6,111,6,1000000,1,strict (C generator),46,data/mechanics/11_14_28_62_22_42_37/
11_15_28_64_27_39_32,11,15,28,64,27,39,32,SC,6x6x6,111,6,1000000,1,strict (C generator),2,data/mechanics/11_15_28_64_27_39_32/
11_15_43_40_46_25_36,11,15,43,40,46,25,36,SC,6x6x6,111,6,1000000,1,strict (C generator),2,data/mechanics/11_15_43_40_46_25_36/
11_15_48_35_26_48_33,11,15,48,35,26,48,33,SC,6x6x6,111,6,1000000,1,strict (C generator),3,data/mechanics/11_15_48_35_26_48_33/
11_15_50_30_35_43_32,11,15,50,30,35,43,32,SC,6x6x6,111,6,1000000,1,strict (C generator),32,data/mechanics/11_15_50_30_35_43_32/
11_16_42_27_49_49_22,11,16,42,27,49,49,22,SC,6x6x6,111,6,1000000,1,strict (C generator),0,data/mechanics/11_16_42_27_49_49_22/
11_16_52_21_41_47_28,11,16,52,21,41,47,28,SC,6x6x6,111,6,1000000,1,strict (C generator),1320,data/mechanics/11_16_52_21_41_47_28/
11_17_45_35_36_34_38,11,17,45,35,36,34,38,SC,6x6x6,111,6,1000000,1,strict (C generator),1,data/mechanics/11_17_45_35_36_34_38/
11_18_36_28_36_64_23,11,18,36,28,36,64,23,SC,6x6x6,111,6,1000000,1,strict (C generator),16,data/mechanics/11_18_36_28_36_64_23/
11_19_44_24_41_29_48,11,19,44,24,41,29,48,SC,6x6x6,111,6,1000000,1,strict (C generator),44,data/mechanics/11_19_44_24_41_29_48/
11_19_52_33_30_28_43,11,19,52,33,30,28,43,SC,6x6x6,111,6,1000000,1,strict (C generator),5,data/mechanics/11_19_52_33_30_28_43/
11_1_14_80_83_21_6,11,1,14,80,83,21,6,SC,6x6x6,111,6,1000000,1,strict (C generator),5,data/mechanics/11_1_14_80_83_21_6/
11_1_16_67_92_22_7,11,1,16,67,92,22,7,SC,6x6x6,111,6,1000000,1,strict (C generator),0,data/mechanics/11_1_16_67_92_22_7/
11_20_28_65_21_25_46,11,20,28,65,21,25,46,SC,6x6x6,111,6,1000000,1,strict (C generator),1323,data/mechanics/11_20_28_65_21_25_46/
11_20_33_40_47_34_31,11,20,33,40,47,34,31,SC,6x6x6,111,6,1000000,1,strict (C generator),2,data/mechanics/11_20_33_40_47_34_31/
11_20_35_45_18_51_36,11,20,35,45,18,51,36,SC,6x6x6,111,6,1000000,1,strict (C generator),225,data/mechanics/11_20_35_45_18_51_36/
11_20_43_25_43_41_33,11,20,43,25,43,41,33,SC,6x6x6,111,6,1000000,1,strict (C generator),187,data/mechanics/11_20_43_25_43_41_33/
11_21_32_21_78_30_23,11,21,32,21,78,30,23,SC,6x6x6,111,6,1000000,1,strict (C generator),12,data/mechanics/11_21_32_21_78_30_23/
11_21_34_21_78_30_21,11,21,34,21,78,30,21,SC,6x6x6,111,6,1000000,1,strict (C generator),6,data/mechanics/11_21_34_21_78_30_21/
11_22_44_37_25_43_34,11,22,44,37,25,43,34,SC,6x6x6,111,6,1000000,1,strict (C generator),0,data/mechanics/11_22_44_37_25_43_34/
11_24_46_22_39_30_44,11,24,46,22,39,30,44,SC,6x6x6,111,6,1000000,1,strict (C generator),134,data/mechanics/11_24_46_22_39_30_44/
11_24_7_61_51_25_37,11,24,7,61,51,25,37,SC,6x6x6,111,6,1000000,1,strict (C generator),6,data/mechanics/11_24_7_61_51_25_37/
11_25_24_36_57_25_38,11,25,24,36,57,25,38,SC,6x6x6,111,6,1000000,1,strict (C generator),17,data/mechanics/11_25_24_36_57_25_38/
11_25_34_42_25_57_22,11,25,34,42,25,57,22,SC,6x6x6,111,6,1000000,1,strict (C generator),2,data/mechanics/11_25_34_42_25_57_22/
11_26_22_41_31_63_22,11,26,22,41,31,63,22,SC,6x6x6,111,6,1000000,1,strict (C generator),44,data/mechanics/11_26_22_41_31_63_22/
11_26_30_33_32_57_27,11,26,30,33,32,57,27,SC,6x6x6,111,6,1000000,1,strict (C generator),22,data/mechanics/11_26_30_33_32_57_27/
11_26_31_23_58_21_46,11,26,31,23,58,21,46,SC,6x6x6,111,6,1000000,1,strict (C generator),10,data/mechanics/11_26_31_23_58_21_46/
11_26_35_15_56_61_12,11,26,35,15,56,61,12,SC,6x6x6,111,6,1000000,1,strict (C generator),81995,data/mechanics/11_26_35_15_56_61_12/
11_26_35_22_21_78_23,11,26,35,22,21,78,23,SC,6x6x6,111,6,1000000,1,strict (C generator),238,data/mechanics/11_26_35_22_21_78_23/
11_27_22_28_27_97_4,11,27,22,28,27,97,4,SC,6x6x6,111,6,1000000,1,strict (C generator),125,data/mechanics/11_27_22_28_27_97_4/
11_27_25_51_22_44_36,11,27,25,51,22,44,36,SC,6x6x6,111,6,1000000,1,strict (C generator),44,data/mechanics/11_27_25_51_22_44_36/
11_28_25_43_29_37_43,11,28,25,43,29,37,43,SC,6x6x6,111,6,1000000,1,strict (C generator),54,data/mechanics/11_28_25_43_29_37_43/
11_2_16_75_83_23_6,11,2,16,75,83,23,6,SC,6x6x6,111,6,1000000,1,strict (C generator),5,data/mechanics/11_2_16_75_83_23_6/
11_2_9_77_89_21_7,11,2,9,77,89,21,7,SC,6x6x6,111,6,1000000,1,strict (C generator),0,data/mechanics/11_2_9_77_89_21_7/
11_30_32_26_49_28_40,11,30,32,26,49,28,40,SC,6x6x6,111,6,1000000,1,strict (C generator),51,data/mechanics/11_30_32_26_49_28_40/
11_30_41_17_32_41_44,11,30,41,17,32,41,44,SC,6x6x6,111,6,1000000,1,strict (C generator),439636,data/mechanics/11_30_41_17_32_41_44/
11_31_30_41_26_18_59,11,31,30,41,26,18,59,SC,6x6x6,111,6,1000000,1,strict (C generator),414,data/mechanics/11_31_30_41_26_18_59/
11_31_30_46_19_13_66,11,31,30,46,19,13,66,SC,6x6x6,111,6,1000000,1,strict (C generator),11764,data/mechanics/11_31_30_46_19_13_66/
11_31_40_19_36_22_57,11,31,40,19,36,22,57,SC,6x6x6,111,6,1000000,1,strict (C generator),24162,data/mechanics/11_31_40_19_36_22_57/
11_33_21_49_27_22_53,11,33,21,49,27,22,53,SC,6x6x6,111,6,1000000,1,strict (C generator),69,data/mechanics/11_33_21_49_27_22_53/
11_33_36_24_31_31_50,11,33,36,24,31,31,50,SC,6x6x6,111,6,1000000,1,strict (C generator),2173,data/mechanics/11_33_36_24_31_31_50/
11_34_10_53_42_19_47,11,34,10,53,42,19,47,SC,6x6x6,111,6,1000000,1,strict (C generator),34,data/mechanics/11_34_10_53_42_19_47/
11_35_31_27_37_30_45,11,35,31,27,37,30,45,SC,6x6x6,111,6,1000000,1,strict (C generator),122,data/mechanics/11_35_31_27_37_30_45/
11_36_15_44_39_32_39,11,36,15,44,39,32,39,SC,6x6x6,111,6,1000000,1,strict (C generator),177,data/mechanics/11_36_15_44_39_32_39/
11_37_28_32_31_33_44,11,37,28,32,31,33,44,SC,6x6x6,111,6,1000000,1,strict (C generator),180,data/mechanics/11_37_28_32_31_33_44/
11_38_20_27_31_43_46,11,38,20,27,31,43,46,SC,6x6x6,111,6,1000000,1,strict (C generator),405,data/mechanics/11_38_20_27_31_43_46/
11_38_21_33_21_43_49,11,38,21,33,21,43,49,SC,6x6x6,111,6,1000000,1,strict (C generator),6516,data/mechanics/11_38_21_33_21_43_49/
11_39_27_30_31_25_53,11,39,27,30,31,25,53,SC,6x6x6,111,6,1000000,1,strict (C generator),5108,data/mechanics/11_39_27_30_31_25_53/
11_3_10_77_85_22_8,11,3,10,77,85,22,8,SC,6x6x6,111,6,1000000,1,strict (C generator),1,data/mechanics/11_3_10_77_85_22_8/
11_3_17_73_82_24_6,11,3,17,73,82,24,6,SC,6x6x6,111,6,1000000,1,strict (C generator),0,data/mechanics/11_3_17_73_82_24_6/
11_40_27_27_28_47_36,11,40,27,27,28,47,36,SC,6x6x6,111,6,1000000,1,strict (C generator),273,data/mechanics/11_40_27_27_28_47_36/
11_41_15_31_12_82_24,11,41,15,31,12,82,24,SC,6x6x6,111,6,1000000,1,strict (C generator),7691,data/mechanics/11_41_15_31_12_82_24/
11_43_21_18_54_33_36,11,43,21,18,54,33,36,SC,6x6x6,111,6,1000000,1,strict (C generator),1239,data/mechanics/11_43_21_18_54_33_36/
11_44_3_42_55_14_47,11,44,3,42,55,14,47,SC,6x6x6,111,6,1000000,1,strict (C generator),2681,data/mechanics/11_44_3_42_55_14_47/
11_46_7_47_21_43_41,11,46,7,47,21,43,41,SC,6x6x6,111,6,1000000,1,strict (C generator),116227,data/mechanics/11_46_7_47_21_43_41/
11_4_15_69_83_29_5,11,4,15,69,83,29,5,SC,6x6x6,111,6,1000000,1,strict (C generator),0,data/mechanics/11_4_15_69_83_29_5/
11_5_11_79_79_26_5,11,5,11,79,79,26,5,SC,6x6x6,111,6,1000000,1,strict (C generator),1,data/mechanics/11_5_11_79_79_26_5/
11_5_20_66_82_25_7,11,5,20,66,82,25,7,SC,6x6x6,111,6,1000000,1,strict (C generator),1,data/mechanics/11_5_20_66_82_25_7/
11_5_38_46_48_63_5,11,5,38,46,48,63,5,SC,6x6x6,111,6,1000000,1,strict (C generator),10,data/mechanics/11_5_38_46_48_63_5/
11_5_45_45_58_38_14,11,5,45,45,58,38,14,SC,6x6x6,111,6,1000000,1,strict (C generator),0,data/mechanics/11_5_45_45_58_38_14/
11_6_60_40_22_48_29,11,6,60,40,22,48,29,SC,6x6x6,111,6,1000000,1,strict (C generator),14,data/mechanics/11_6_60_40_22_48_29/
12_10_13_70_66_26_19,12,10,13,70,66,26,19,SC,6x6x6,111,6,1000000,1,strict (C generator),0,data/mechanics/12_10_13_70_66_26_19/
12_11_34_30_58_55_16,12,11,34,30,58,55,16,SC,6x6x6,111,6,1000000,1,strict (C generator),5,data/mechanics/12_11_34_30_58_55_16/
12_12_31_60_32_26_43,12,12,31,60,32,26,43,SC,6x6x6,111,6,1000000,1,strict (C generator),0,data/mechanics/12_12_31_60_32_26_43/
12_14_24_10_105_46_5,12,14,24,10,105,46,5,SC,6x6x6,111,6,1000000,1,strict (C generator),10,data/mechanics/12_14_24_10_105_46_5/
12_14_37_37_48_37_31,12,14,37,37,48,37,31,SC,6x6x6,111,6,1000000,1,strict (C generator),4,data/mechanics/12_14_37_37_48_37_31/
12_14_44_34_36_40_36,12,14,44,34,36,40,36,SC,6x6x6,111,6,1000000,1,strict (C generator),2,data/mechanics/12_14_44_34_36_40_36/
12_14_51_29_38_29_43,12,14,51,29,38,29,43,SC,6x6x6,111,6,1000000,1,strict (C generator),18,data/mechanics/12_14_51_29_38_29_43/
12_15_27_56_32_57_17,12,15,27,56,32,57,17,SC,6x6x6,111,6,1000000,1,strict (C generator),0,data/mechanics/12_15_27_56_32_57_17/
12_17_17_66_52_27_25,12,17,17,66,52,27,25,SC,6x6x6,111,6,1000000,1,strict (C generator),0,data/mechanics/12_17_17_66_52_27_25/
12_17_31_52_27_29_48,12,17,31,52,27,29,48,SC,6x6x6,111,6,1000000,1,strict (C generator),6,data/mechanics/12_17_31_52_27_29_48/
12_17_48_40_27_23_49,12,17,48,40,27,23,49,SC,6x6x6,111,6,1000000,1,strict (C generator),0,data/mechanics/12_17_48_40_27_23_49/
12_19_36_33_58_26_32,12,19,36,33,58,26,32,SC,6x6x6,111,6,1000000,1,strict (C generator),12,data/mechanics/12_19_36_33_58_26_32/
12_1_18_69_89_20_7,12,1,18,69,89,20,7,SC,6x6x6,111,6,1000000,1,strict (C generator),2,data/mechanics/12_1_18_69_89_20_7/
12_20_29_37_56_33_29,12,20,29,37,56,33,29,SC,6x6x6,111,6,1000000,1,strict (C generator),0,data/mechanics/12_20_29_37_56_33_29/
12_21_27_29_60_48_19,12,21,27,29,60,48,19,SC,6x6x6,111,6,1000000,1,strict (C generator),10,data/mechanics/12_21_27_29_60_48_19/
12_21_42_26_45_33_37,12,21,42,26,45,33,37,SC,6x6x6,111,6,1000000,1,strict (C generator),28,data/mechanics/12_21_42_26_45_33_37/
12_24_27_55_28_33_37,12,24,27,55,28,33,37,SC,6x6x6,111,6,1000000,1,strict (C generator),5,data/mechanics/12_24_27_55_28_33_37/
12_25_23_43_32_38_43,12,25,23,43,32,38,43,SC,6x6x6,111,6,1000000,1,strict (C generator),12,data/mechanics/12_25_23_43_32_38_43/
12_25_42_41_22_22_52,12,25,42,41,22,22,52,SC,6x6x6,111,6,1000000,1,strict (C generator),41,data/mechanics/12_25_42_41_22_22_52/
12_26_49_23_24_29_53,12,26,49,23,24,29,53,SC,6x6x6,111,6,1000000,1,strict (C generator),2020,data/mechanics/12_26_49_23_24_29_53/
12_27_16_63_35_8_55,12,27,16,63,35,8,55,SC,6x6x6,111,6,1000000,1,strict (C generator),2120,data/mechanics/12_27_16_63_35_8_55/
12_28_12_29_80_43_12,12,28,12,29,80,43,12,SC,6x6x6,111,6,1000000,1,strict (C generator),12,data/mechanics/12_28_12_29_80_43_12/
12_28_39_38_22_30_47,12,28,39,38,22,30,47,SC,6x6x6,111,6,1000000,1,strict (C generator),80,data/mechanics/12_28_39_38_22_30_47/
12_29_23_39_37_46_30,12,29,23,39,37,46,30,SC,6x6x6,111,6,1000000,1,strict (C generator),12,data/mechanics/12_29_23_39_37_46_30/
12_29_30_40_29_45_31,12,29,30,40,29,45,31,SC,6x6x6,111,6,1000000,1,strict (C generator),38,data/mechanics/12_29_30_40_29_45_31/
12_30_33_41_18_43_39,12,30,33,41,18,43,39,SC,6x6x6,111,6,1000000,1,strict (C generator),312,data/mechanics/12_30_33_41_18_43_39/
12_31_21_34_40_49_29,12,31,21,34,40,49,29,SC,6x6x6,111,6,1000000,1,strict (C generator),43,data/mechanics/12_31_21_34_40_49_29/
12_31_35_36_12_57_33,12,31,35,36,12,57,33,SC,6x6x6,111,6,1000000,1,strict (C generator),32824,data/mechanics/12_31_35_36_12_57_33/
12_32_28_41_17_57_29,12,32,28,41,17,57,29,SC,6x6x6,111,6,1000000,1,strict (C generator),1386,data/mechanics/12_32_28_41_17_57_29/
12_32_37_21_37_37_40,12,32,37,21,37,37,40,SC,6x6x6,111,6,1000000,1,strict (C generator),8413,data/mechanics/12_32_37_21_37_37_40/
12_33_13_43_47_20_48,12,33,13,43,47,20,48,SC,6x6x6,111,6,1000000,1,strict (C generator),153,data/mechanics/12_33_13_43_47_20_48/
12_33_1_50_62_41_17,12,33,1,50,62,41,17,SC,6x6x6,111,6,1000000,1,strict (C generator),12,data/mechanics/12_33_1_50_62_41_17/
12_33_32_39_21_32_47,12,33,32,39,21,32,47,SC,6x6x6,111,6,1000000,1,strict (C generator),474,data/mechanics/12_33_32_39_21_32_47/
12_35_31_26_18_51_43,12,35,31,26,18,51,43,SC,6x6x6,111,6,1000000,1,strict (C generator),4507,data/mechanics/12_35_31_26_18_51_43/
12_36_21_30_41_32_44,12,36,21,30,41,32,44,SC,6x6x6,111,6,1000000,1,strict (C generator),86,data/mechanics/12_36_21_30_41_32_44/
12_36_25_33_26_31_53,12,36,25,33,26,31,53,SC,6x6x6,111,6,1000000,1,strict (C generator),4733,data/mechanics/12_36_25_33_26_31_53/
12_36_31_28_27_40_42,12,36,31,28,27,40,42,SC,6x6x6,111,6,1000000,1,strict (C generator),120,data/mechanics/12_36_31_28_27_40_42/
12_40_10_50_27_32_45,12,40,10,50,27,32,45,SC,6x6x6,111,6,1000000,1,strict (C generator),3102,data/mechanics/12_40_10_50_27_32_45/
12_40_24_23_27_35_55,12,40,24,23,27,35,55,SC,6x6x6,111,6,1000000,1,strict (C generator),113235,data/mechanics/12_40_24_23_27_35_55/
12_42_23_26_8_86_19,12,42,23,26,8,86,19,SC,6x6x6,111,6,1000000,1,strict (C generator),179076,data/mechanics/12_42_23_26_8_86_19/
12_44_15_29_15_69_32,12,44,15,29,15,69,32,SC,6x6x6,111,6,1000000,1,strict (C generator),43744,data/mechanics/12_44_15_29_15_69_32/
12_45_10_39_22_46_42,12,45,10,39,22,46,42,SC,6x6x6,111,6,1000000,1,strict (C generator),46621,data/mechanics/12_45_10_39_22_46_42/
12_4_10_70_87_22_11,12,4,10,70,87,22,11,SC,6x6x6,111,6,1000000,1,strict (C generator),3,data/mechanics/12_4_10_70_87_22_11/
12_4_18_68_82_24_8,12,4,18,68,82,24,8,SC,6x6x6,111,6,1000000,1,strict (C generator),1,data/mechanics/12_4_18_68_82_24_8/
12_4_36_51_41_55_17,12,4,36,51,41,55,17,SC,6x6x6,111,6,1000000,1,strict (C generator),0,data/mechanics/12_4_36_51_41_55_17/
12_4_46_49_49_39_17,12,4,46,49,49,39,17,SC,6x6x6,111,6,1000000,1,strict (C generator),0,data/mechanics/12_4_46_49_49_39_17/
12_5_15_75_78_22_9,12,5,15,75,78,22,9,SC,6x6x6,111,6,1000000,1,strict (C generator),5,data/mechanics/12_5_15_75_78_22_9/
13_0_62_29_47_39_26,13,0,62,29,47,39,26,SC,6x6x6,111,6,1000000,1,strict (C generator),1,data/mechanics/13_0_62_29_47_39_26/
13_10_30_36_71_42_14,13,10,30,36,71,42,14,SC,6x6x6,111,6,1000000,1,strict (C generator),2,data/mechanics/13_10_30_36_71_42_14/
13_10_54_30_17_66_26,13,10,54,30,17,66,26,SC,6x6x6,111,6,1000000,1,strict (C generator),2351,data/mechanics/13_10_54_30_17_66_26/
13_12_53_23_54_25_36,13,12,53,23,54,25,36,SC,6x6x6,111,6,1000000,1,strict (C generator),29,data/mechanics/13_12_53_23_54_25_36/
13_13_23_43_67_48_9,13,13,23,43,67,48,9,SC,6x6x6,111,6,1000000,1,strict (C generator),1,data/mechanics/13_13_23_43_67_48_9/
13_17_23_52_44_31_36,13,17,23,52,44,31,36,SC,6x6x6,111,6,1000000,1,strict (C generator),3,data/mechanics/13_17_23_52_44_31_36/
13_18_2_86_37_14_46,13,18,2,86,37,14,46,SC,6x6x6,111,6,1000000,1,strict (C generator),35,data/mechanics/13_18_2_86_37_14_46/
13_19_41_19_63_36_25,13,19,41,19,63,36,25,SC,6x6x6,111,6,1000000,1,strict (C generator),14,data/mechanics/13_19_41_19_63_36_25/
13_1_7_76_84_25_10,13,1,7,76,84,25,10,SC,6x6x6,111,6,1000000,1,strict (C generator),1,data/mechanics/13_1_7_76_84_25_10/
13_20_22_31_49_65_16,13,20,22,31,49,65,16,SC,6x6x6,111,6,1000000,1,strict (C generator),1,data/mechanics/13_20_22_31_49_65_16/
13_21_13_47_61_32_29,13,21,13,47,61,32,29,SC,6x6x6,111,6,1000000,1,strict (C generator),3,data/mechanics/13_21_13_47_61_32_29/
13_22_31_22_44_58_26,13,22,31,22,44,58,26,SC,6x6x6,111,6,1000000,1,strict (C generator),124,data/mechanics/13_22_31_22_44_58_26/
13_23_33_30_42_21_54,13,23,33,30,42,21,54,SC,6x6x6,111,6,1000000,1,strict (C generator),1,data/mechanics/13_23_33_30_42_21_54/
13_24_29_51_22_45_32,13,24,29,51,22,45,32,SC,6x6x6,111,6,1000000,1,strict (C generator),165,data/mechanics/13_24_29_51_22_45_32/
13_25_20_35_37_78_8,13,25,20,35,37,78,8,SC,6x6x6,111,6,1000000,1,strict (C generator),23,data/mechanics/13_25_20_35_37_78_8/
13_25_23_38_61_23_33,13,25,23,38,61,23,33,SC,6x6x6,111,6,1000000,1,strict (C generator),1,data/mechanics/13_25_23_38_61_23_33/
13_26_41_28_23_48_37,13,26,41,28,23,48,37,SC,6x6x6,111,6,1000000,1,strict (C generator),216,data/mechanics/13_26_41_28_23_48_37/
13_27_43_20_37_35_41,13,27,43,20,37,35,41,SC,6x6x6,111,6,1000000,1,strict (C generator),5027,data/mechanics/13_27_43_20_37_35_41/
13_29_39_24_37_31_43,13,29,39,24,37,31,43,SC,6x6x6,111,6,1000000,1,strict (C generator),117,data/mechanics/13_29_39_24_37_31_43/
13_2_6_78_81_28_8,13,2,6,78,81,28,8,SC,6x6x6,111,6,1000000,1,strict (C generator),2,data/mechanics/13_2_6_78_81_28_8/
13_30_19_37_40_37_40,13,30,19,37,40,37,40,SC,6x6x6,111,6,1000000,1,strict (C generator),21,data/mechanics/13_30_19_37_40_37_40/
13_31_25_14_73_9_51,13,31,25,14,73,9,51,SC,6x6x6,111,6,1000000,1,strict (C generator),25906,data/mechanics/13_31_25_14_73_9_51/
13_31_31_22_40_41_38,13,31,31,22,40,41,38,SC,6x6x6,111,6,1000000,1,strict (C generator),606,data/mechanics/13_31_31_22_40_41_38/
13_33_24_38_22_47_39,13,33,24,38,22,47,39,SC,6x6x6,111,6,1000000,1,strict (C generator),78,data/mechanics/13_33_24_38_22_47_39/
13_33_27_45_18_32_48,13,33,27,45,18,32,48,SC,6x6x6,111,6,1000000,1,strict (C generator),2580,data/mechanics/13_33_27_45_18_32_48/
13_33_9_49_24_56_32,13,33,9,49,24,56,32,SC,6x6x6,111,6,1000000,1,strict (C generator),9,data/mechanics/13_33_9_49_24_56_32/
13_34_13_38_38_46_34,13,34,13,38,38,46,34,SC,6x6x6,111,6,1000000,1,strict (C generator),4,data/mechanics/13_34_13_38_38_46_34/
13_34_17_36_36_36_44,13,34,17,36,36,36,44,SC,6x6x6,111,6,1000000,1,strict (C generator),204,data/mechanics/13_34_17_36_36_36_44/
13_36_17_26_48_44_32,13,36,17,26,48,44,32,SC,6x6x6,111,6,1000000,1,strict (C generator),242,data/mechanics/13_36_17_26_48_44_32/
13_36_23_33_32_21_58,13,36,23,33,32,21,58,SC,6x6x6,111,6,1000000,1,strict (C generator),17562,data/mechanics/13_36_23_33_32_21_58/
13_36_24_31_34_39_39,13,36,24,31,34,39,39,SC,6x6x6,111,6,1000000,1,strict (C generator),86,data/mechanics/13_36_24_31_34_39_39/
13_3_13_78_79_21_9,13,3,13,78,79,21,9,SC,6x6x6,111,6,1000000,1,strict (C generator),0,data/mechanics/13_3_13_78_79_21_9/
13_3_18_61_91_22_8,13,3,18,61,91,22,8,SC,6x6x6,111,6,1000000,1,strict (C generator),5,data/mechanics/13_3_18_61_91_22_8/
13_41_18_15_38_48_43,13,41,18,15,38,48,43,SC,6x6x6,111,6,1000000,1,strict (C generator),178630,data/mechanics/13_41_18_15_38_48_43/
13_4_13_70_84_26_6,13,4,13,70,84,26,6,SC,6x6x6,111,6,1000000,1,strict (C generator),0,data/mechanics/13_4_13_70_84_26_6/
13_4_14_65_91_25_4,13,4,14,65,91,25,4,SC,6x6x6,111,6,1000000,1,strict (C generator),18,data/mechanics/13_4_14_65_91_25_4/
13_4_17_73_71_31_7,13,4,17,73,71,31,7,SC,6x6x6,111,6,1000000,1,strict (C generator),3,data/mechanics/13_4_17_73_71_31_7/
13_4_30_60_52_26_31,13,4,30,60,52,26,31,SC,6x6x6,111,6,1000000,1,strict (C generator),0,data/mechanics/13_4_30_60_52_26_31/
13_6_12_78_72_26_9,13,6,12,78,72,26,9,SC,6x6x6,111,6,1000000,1,strict (C generator),0,data/mechanics/13_6_12_78_72_26_9/
13_6_52_41_29_29_46,13,6,52,41,29,29,46,SC,6x6x6,111,6,1000000,1,strict (C generator),0,data/mechanics/13_6_52_41_29_29_46/
13_8_36_60_35_24_40,13,8,36,60,35,24,40,SC,6x6x6,111,6,1000000,1,strict (C generator),1,data/mechanics/13_8_36_60_35_24_40/
14_0_14_69_86_23_10,14,0,14,69,86,23,10,SC,6x6x6,111,6,1000000,1,strict (C generator),1,data/mechanics/14_0_14_69_86_23_10/
14_10_31_54_46_26_35,14,10,31,54,46,26,35,SC,6x6x6,111,6,1000000,1,strict (C generator),0,data/mechanics/14_10_31_54_46_26_35/
14_10_32_59_25_31_45,14,10,32,59,25,31,45,SC,6x6x6,111,6,1000000,1,strict (C generator),0,data/mechanics/14_10_32_59_25_31_45/
14_13_29_20_87_25_28,14,13,29,20,87,25,28,SC,6x6x6,111,6,1000000,1,strict (C generator),0,data/mechanics/14_13_29_20_87_25_28/
14_14_22_40_73_32_21,14,14,22,40,73,32,21,SC,6x6x6,111,6,1000000,1,strict (C generator),1,data/mechanics/14_14_22_40_73_32_21/
14_15_47_38_31_25_46,14,15,47,38,31,25,46,SC,6x6x6,111,6,1000000,1,strict (C generator),2,data/mechanics/14_15_47_38_31_25_46/
14_16_25_60_20_50_31,14,16,25,60,20,50,31,SC,6x6x6,111,6,1000000,1,strict (C generator),712,data/mechanics/14_16_25_60_20_50_31/
14_16_32_54_26_32_42,14,16,32,54,26,32,42,SC,6x6x6,111,6,1000000,1,strict (C generator),0,data/mechanics/14_16_32_54_26_32_42/
14_17_20_61_33_30_41,14,17,20,61,33,30,41,SC,6x6x6,111,6,1000000,1,strict (C generator),2,data/mechanics/14_17_20_61_33_30_41/
14_17_23_70_31_23_38,14,17,23,70,31,23,38,SC,6x6x6,111,6,1000000,1,strict (C generator),0,data/mechanics/14_17_23_70_31_23_38/
14_18_23_57_34_29_41,14,18,23,57,34,29,41,SC,6x6x6,111,6,1000000,1,strict (C generator),1,data/mechanics/14_18_23_57_34_29_41/
14_18_33_43_14_63_31,14,18,33,43,14,63,31,SC,6x6x6,111,6,1000000,1,strict (C generator),101044,data/mechanics/14_18_33_43_14_63_31/
14_19_23_45_46_34_35,14,19,23,45,46,34,35,SC,6x6x6,111,6,1000000,1,strict (C generator),3,data/mechanics/14_19_23_45_46_34_35/
14_1_18_78_48_39_18,14,1,18,78,48,39,18,SC,6x6x6,111,6,1000000,1,strict (C generator),1,data/mechanics/14_1_18_78_48_39_18/
14_20_23_45_42_33_39,14,20,23,45,42,33,39,SC,6x6x6,111,6,1000000,1,strict (C generator),0,data/mechanics/14_20_23_45_42_33_39/
14_20_44_29_18_51_40,14,20,44,29,18,51,40,SC,6x6x6,111,6,1000000,1,strict (C generator),334,data/mechanics/14_20_44_29_18_51_40/
14_21_17_64_35_25_40,14,21,17,64,35,25,40,SC,6x6x6,111,6,1000000,1,strict (C generator),6,data/mechanics/14_21_17_64_35_25_40/
14_21_25_31_54_40_31,14,21,25,31,54,40,31,SC,6x6x6,111,6,1000000,1,strict (C generator),14,data/mechanics/14_21_25_31_54_40_31/
14_23_19_47_55_34_24,14,23,19,47,55,34,24,SC,6x6x6,111,6,1000000,1,strict (C generator),2,data/mechanics/14_23_19_47_55_34_24/
14_23_23_20_75_41_20,14,23,23,20,75,41,20,SC,6x6x6,111,6,1000000,1,strict (C generator),16,data/mechanics/14_23_23_20_75_41_20/
14_25_11_63_30_30_43,14,25,11,63,30,30,43,SC,6x6x6,111,6,1000000,1,strict (C generator),23,data/mechanics/14_25_11_63_30_30_43/
14_25_17_33_67_12_48,14,25,17,33,67,12,48,SC,6x6x6,111,6,1000000,1,strict (C generator),469,data/mechanics/14_25_17_33_67_12_48/
14_25_20_29_59_28_41,14,25,20,29,59,28,41,SC,6x6x6,111,6,1000000,1,strict (C generator),7,data/mechanics/14_25_20_29_59_28_41/
14_25_39_29_35_38_36,14,25,39,29,35,38,36,SC,6x6x6,111,6,1000000,1,strict (C generator),7,data/mechanics/14_25_39_29_35_38_36/
14_26_43_19_49_11_54,14,26,43,19,49,11,54,SC,6x6x6,111,6,1000000,1,strict (C generator),469,data/mechanics/14_26_43_19_49_11_54/
14_27_14_47_50_28_36,14,27,14,47,50,28,36,SC,6x6x6,111,6,1000000,1,strict (C generator),26,data/mechanics/14_27_14_47_50_28_36/
14_27_1_4_143_23_4,14,27,1,4,143,23,4,SC,6x6x6,111,6,1000000,1,strict (C generator),10095,data/mechanics/14_27_1_4_143_23_4/
14_28_19_30_68_32_25,14,28,19,30,68,32,25,SC,6x6x6,111,6,1000000,1,strict (C generator),14,data/mechanics/14_28_19_30_68_32_25/
14_28_21_32_42_40_39,14,28,21,32,42,40,39,SC,6x6x6,111,6,1000000,1,strict (C generator),2,data/mechanics/14_28_21_32_42_40_39/
14_28_22_46_20_58_28,14,28,22,46,20,58,28,SC,6x6x6,111,6,1000000,1,strict (C generator),100,data/mechanics/14_28_22_46_20_58_28/
14_28_25_44_29_24_52,14,28,25,44,29,24,52,SC,6x6x6,111,6,1000000,1,strict (C generator),3,data/mechanics/14_28_25_44_29_24_52/
14_29_22_35_32_38_46,14,29,22,35,32,38,46,SC,6x6x6,111,6,1000000,1,strict (C generator),2,data/mechanics/14_29_22_35_32_38_46/
14_29_31_25_38_30_49,14,29,31,25,38,30,49,SC,6x6x6,111,6,1000000,1,strict (C generator),257,data/mechanics/14_29_31_25_38_30_49/
14_29_33_26_25_43_46,14,29,33,26,25,43,46,SC,6x6x6,111,6,1000000,1,strict (C generator),12,data/mechanics/14_29_33_26_25_43_46/
14_29_34_26_24_39_50,14,29,34,26,24,39,50,SC,6x6x6,111,6,1000000,1,strict (C generator),39,data/mechanics/14_29_34_26_24_39_50/
14_29_35_19_25_74_20,14,29,35,19,25,74,20,SC,6x6x6,111,6,1000000,1,strict (C generator),850,data/mechanics/14_29_35_19_25_74_20/
14_2_14_75_77_27_7,14,2,14,75,77,27,7,SC,6x6x6,111,6,1000000,1,strict (C generator),2,data/mechanics/14_2_14_75_77_27_7/
14_2_16_67_88_21_8,14,2,16,67,88,21,8,SC,6x6x6,111,6,1000000,1,strict (C generator),3,data/mechanics/14_2_16_67_88_21_8/
14_30_25_31_30_35_51,14,30,25,31,30,35,51,SC,6x6x6,111,6,1000000,1,strict (C generator),2,data/mechanics/14_30_25_31_30_35_51/
14_31_28_25_39_36_43,14,31,28,25,39,36,43,SC,6x6x6,111,6,1000000,1,strict (C generator),174,data/mechanics/14_31_28_25_39_36_43/
14_31_33_29_20_34_55,14,31,33,29,20,34,55,SC,6x6x6,111,6,1000000,1,strict (C generator),2062,data/mechanics/14_31_33_29_20_34_55/
14_31_34_25_41_14_57,14,31,34,25,41,14,57,SC,6x6x6,111,6,1000000,1,strict (C generator),2373,data/mechanics/14_31_34_25_41_14_57/
14_31_37_29_36_12_57,14,31,37,29,36,12,57,SC,6x6x6,111,6,1000000,1,strict (C generator),1016,data/mechanics/14_31_37_29_36_12_57/
14_32_18_37_42_47_26,14,32,18,37,42,47,26,SC,6x6x6,111,6,1000000,1,strict (C generator),5,data/mechanics/14_32_18_37_42_47_26/
14_32_28_27_25_59_31,14,32,28,27,25,59,31,SC,6x6x6,111,6,1000000,1,strict (C generator),89,data/mechanics/14_32_28_27_25_59_31/
14_32_31_18_41_40_40,14,32,31,18,41,40,40,SC,6x6x6,111,6,1000000,1,strict (C generator),68502,data/mechanics/14_32_31_18_41_40_40/
14_33_11_35_55_22_46,14,33,11,35,55,22,46,SC,6x6x6,111,6,1000000,1,strict (C generator),20,data/mechanics/14_33_11_35_55_22_46/
14_33_20_47_27_18_57,14,33,20,47,27,18,57,SC,6x6x6,111,6,1000000,1,strict (C generator),149,data/mechanics/14_33_20_47_27_18_57/
14_33_21_34_50_23_41,14,33,21,34,50,23,41,SC,6x6x6,111,6,1000000,1,strict (C generator),40,data/mechanics/14_33_21_34_50_23_41/
14_33_38_23_21_42_45,14,33,38,23,21,42,45,SC,6x6x6,111,6,1000000,1,strict (C generator),2511,data/mechanics/14_33_38_23_21_42_45/
14_33_38_27_23_28_53,14,33,38,27,23,28,53,SC,6x6x6,111,6,1000000,1,strict (C generator),2946,data/mechanics/14_33_38_27_23_28_53/
14_34_0_48_42_44_34,14,34,0,48,42,44,34,SC,6x6x6,111,6,1000000,1,strict (C generator),2,data/mechanics/14_34_0_48_42_44_34/
14_34_29_37_20_35_47,14,34,29,37,20,35,47,SC,6x6x6,111,6,1000000,1,strict (C generator),113,data/mechanics/14_34_29_37_20_35_47/
14_34_30_23_31_55_29,14,34,30,23,31,55,29,SC,6x6x6,111,6,1000000,1,strict (C generator),605,data/mechanics/14_34_30_23_31_55_29/
14_34_36_19_25_51_37,14,34,36,19,25,51,37,SC,6x6x6,111,6,1000000,1,strict (C generator),53481,data/mechanics/14_34_36_19_25_51_37/
14_34_6_58_40_26_38,14,34,6,58,40,26,38,SC,6x6x6,111,6,1000000,1,strict (C generator),20,data/mechanics/14_34_6_58_40_26_38/
14_35_17_2_90_25_33,14,35,17,2,90,25,33,SC,6x6x6,111,6,1000000,1,strict (C generator),24699,data/mechanics/14_35_17_2_90_25_33/
14_35_9_6_65_77_10,14,35,9,6,65,77,10,SC,6x6x6,111,6,1000000,1,strict (C generator),1167,data/mechanics/14_35_9_6_65_77_10/
14_36_22_23_13_79_29,14,36,22,23,13,79,29,SC,6x6x6,111,6,1000000,1,strict (C generator),4128,data/mechanics/14_36_22_23_13_79_29/
14_39_21_37_23_32_50,14,39,21,37,23,32,50,SC,6x6x6,111,6,1000000,1,strict (C generator),11341,data/mechanics/14_39_21_37_23_32_50/
14_3_11_74_83_27_4,14,3,11,74,83,27,4,SC,6x6x6,111,6,1000000,1,strict (C generator),8,data/mechanics/14_3_11_74_83_27_4/
14_42_13_30_31_52_34,14,42,13,30,31,52,34,SC,6x6x6,111,6,1000000,1,strict (C generator),161,data/mechanics/14_42_13_30_31_52_34/
14_43_15_28_34_33_49,14,43,15,28,34,33,49,SC,6x6x6,111,6,1000000,1,strict (C generator),65664,data/mechanics/14_43_15_28_34_33_49/
14_44_2_40_31_52_33,14,44,2,40,31,52,33,SC,6x6x6,111,6,1000000,1,strict (C generator),15894,data/mechanics/14_44_2_40_31_52_33/
14_6_54_29_28_55_30,14,6,54,29,28,55,30,SC,6x6x6,111,6,1000000,1,strict (C generator),6,data/mechanics/14_6_54_29_28_55_30/
14_7_32_59_26_60_18,14,7,32,59,26,60,18,SC,6x6x6,111,6,1000000,1,strict (C generator),3,data/mechanics/14_7_32_59_26_60_18/
14_7_52_31_38_30_44,14,7,52,31,38,30,44,SC,6x6x6,111,6,1000000,1,strict (C generator),4,data/mechanics/14_7_52_31_38_30_44/
14_7_8_69_89_24_5,14,7,8,69,89,24,5,SC,6x6x6,111,6,1000000,1,strict (C generator),6,data/mechanics/14_7_8_69_89_24_5/
15_0_14_77_77_23_10,15,0,14,77,77,23,10,SC,6x6x6,111,6,1000000,1,strict (C generator),1,data/mechanics/15_0_14_77_77_23_10/
15_10_42_35_43_31_40,15,10,42,35,43,31,40,SC,6x6x6,111,6,1000000,1,strict (C generator),1,data/mechanics/15_10_42_35_43_31_40/
15_12_33_55_17_75_9,15,12,33,55,17,75,9,SC,6x6x6,111,6,1000000,1,strict (C generator),471,data/mechanics/15_12_33_55_17_75_9/
15_13_23_52_33_51_29,15,13,23,52,33,51,29,SC,6x6x6,111,6,1000000,1,strict (C generator),1,data/mechanics/15_13_23_52_33_51_29/
15_13_24_59_32_50_23,15,13,24,59,32,50,23,SC,6x6x6,111,6,1000000,1,strict (C generator),1,data/mechanics/15_13_24_59_32_50_23/
15_13_37_32_39_53_27,15,13,37,32,39,53,27,SC,6x6x6,111,6,1000000,1,strict (C generator),0,data/mechanics/15_13_37_32_39_53_27/
15_15_44_39_12_74_17,15,15,44,39,12,74,17,SC,6x6x6,111,6,1000000,1,strict (C generator),82163,data/mechanics/15_15_44_39_12_74_17/
15_16_27_50_27_52_29,15,16,27,50,27,52,29,SC,6x6x6,111,6,1000000,1,strict (C generator),0,data/mechanics/15_16_27_50_27_52_29/
15_17_35_35_40_46_28,15,17,35,35,40,46,28,SC,6x6x6,111,6,1000000,1,strict (C generator),6,data/mechanics/15_17_35_35_40_46_28/
15_18_23_31_74_39_16,15,18,23,31,74,39,16,SC,6x6x6,111,6,1000000,1,strict (C generator),0,data/mechanics/15_18_23_31_74_39_16/
15_18_27_45_50_35_26,15,18,27,45,50,35,26,SC,6x6x6,111,6,1000000,1,strict (C generator),6,data/mechanics/15_18_27_45_50_35_26/
15_18_7_86_23_22_45,15,18,7,86,23,22,45,SC,6x6x6,111,6,1000000,1,strict (C generator),3780,data/mechanics/15_18_7_86_23_22_45/
15_19_34_33_30_56_29,15,19,34,33,30,56,29,SC,6x6x6,111,6,1000000,1,strict (C generator),7,data/mechanics/15_19_34_33_30_56_29/
15_22_26_46_47_12_48,15,22,26,46,47,12,48,SC,6x6x6,111,6,1000000,1,strict (C generator),61,data/mechanics/15_22_26_46_47_12_48/
15_22_44_31_27_23_54,15,22,44,31,27,23,54,SC,6x6x6,111,6,1000000,1,strict (C generator),1,data/mechanics/15_22_44_31_27_23_54/
15_23_35_31_40_40_32,15,23,35,31,40,40,32,SC,6x6x6,111,6,1000000,1,strict (C generator),2,data/mechanics/15_23_35_31_40_40_32/
15_25_21_44_30_39_42,15,25,21,44,30,39,42,SC,6x6x6,111,6,1000000,1,strict (C generator),0,data/mechanics/15_25_21_44_30_39_42/
15_26_2_80_21_16_56,15,26,2,80,21,16,56,SC,6x6x6,111,6,1000000,1,strict (C generator),25433,data/mechanics/15_26_2_80_21_16_56/
15_27_11_55_42_26_40,15,27,11,55,42,26,40,SC,6x6x6,111,6,1000000,1,strict (C generator),23,data/mechanics/15_27_11_55_42_26_40/
15_28_27_29_30_71_16,15,28,27,29,30,71,16,SC,6x6x6,111,6,1000000,1,strict (C generator),109,data/mechanics/15_28_27_29_30_71_16/
15_28_42_25_29_25_52,15,28,42,25,29,25,52,SC,6x6x6,111,6,1000000,1,strict (C generator),333,data/mechanics/15_28_42_25_29_25_52/
15_29_38_37_21_18_58,15,29,38,37,21,18,58,SC,6x6x6,111,6,1000000,1,strict (C generator),231,data/mechanics/15_29_38_37_21_18_58/
15_29_45_16_37_23_51,15,29,45,16,37,23,51,SC,6x6x6,111,6,1000000,1,strict (C generator),282995,data/mechanics/15_29_45_16_37_23_51/
15_2_33_45_64_53_4,15,2,33,45,64,53,4,SC,6x6x6,111,6,1000000,1,strict (C generator),0,data/mechanics/15_2_33_45_64_53_4/
15_2_6_81_86_21_5,15,2,6,81,86,21,5,SC,6x6x6,111,6,1000000,1,strict (C generator),8,data/mechanics/15_2_6_81_86_21_5/
15_30_10_43_42_47_29,15,30,10,43,42,47,29,SC,6x6x6,111,6,1000000,1,strict (C generator),37,data/mechanics/15_30_10_43_42_47_29/
15_32_25_23_47_45_29,15,32,25,23,47,45,29,SC,6x6x6,111,6,1000000,1,strict (C generator),8,data/mechanics/15_32_25_23_47_45_29/
15_34_11_33_51_49_23,15,34,11,33,51,49,23,SC,6x6x6,111,6,1000000,1,strict (C generator),8,data/mechanics/15_34_11_33_51_49_23/
15_34_24_15_56_25_47,15,34,24,15,56,25,47,SC,6x6x6,111,6,1000000,1,strict (C generator),28730,data/mechanics/15_34_24_15_56_25_47/
15_37_16_44_24_41_39,15,37,16,44,24,41,39,SC,6x6x6,111,6,1000000,1,strict (C generator),2784,data/mechanics/15_37_16_44_24_41_39/
15_40_26_21_26_45_43,15,40,26,21,26,45,43,SC,6x6x6,111,6,1000000,1,strict (C generator),126789,data/mechanics/15_40_26_21_26_45_43/
15_4_0_106_42_48_1,15,4,0,106,42,48,1,SC,6x6x6,111,6,1000000,1,strict (C generator),642,data/mechanics/15_4_0_106_42_48_1/
15_8_29_55_35_41_33,15,8,29,55,35,41,33,SC,6x6x6,111,6,1000000,1,strict (C generator),0,data/mechanics/15_8_29_55_35_41_33/
15_8_45_29_47_29_43,15,8,45,29,47,29,43,SC,6x6x6,111,6,1000000,1,strict (C generator),9,data/mechanics/15_8_45_29_47_29_43/
