folder_name,E,N_active,core_nodes,core_edges,cascade
10_0_26_75_43_53_9,384.0,206,206,384,0
10_13_50_46_13_69_15,369.0,206,187,350,6
10_14_31_40_49_48_24,388.0,206,191,373,1
10_14_38_49_33_37_35,382.0,206,191,367,1
10_15_23_72_21_73_2,369.0,206,190,353,1
10_15_33_29_78_22_29,382.0,206,191,367,0
10_16_39_60_18_32_41,376.0,206,187,357,3
10_16_39_63_27_21_40,368.0,206,189,351,1
10_17_39_36_48_31_35,380.0,206,188,362,1
10_18_20_64_29_56_19,380.0,206,186,360,2
10_18_31_51_18_63_25,385.0,206,188,367,0
10_1_12_87_77_24_5,372.0,206,205,371,0
10_1_17_90_68_19_11,369.0,206,205,368,0
10_20_30_45_45_47_19,372.0,206,185,351,1
10_20_37_40_27_48_34,383.0,206,184,361,2
10_20_42_30_46_44_24,371.0,206,183,348,3
10_23_20_33_76_38_16,376.0,206,181,351,2
10_24_14_63_41_47_17,371.0,206,182,347,0
10_24_32_54_19_16_61,386.0,206,179,359,3
10_24_32_58_21_16_55,378.0,206,181,353,1
10_24_41_26_35_34_46,385.0,206,181,360,1
10_24_42_21_52_43_24,369.0,206,179,342,3
10_25_38_19_45_38_41,387.0,206,181,362,0
10_26_23_22_57_62_16,386.0,206,179,359,1
10_26_27_27_49_49_28,385.0,206,180,359,0
10_26_35_29_43_29_44,382.0,206,174,350,6
10_27_20_36_44_65_14,380.0,206,178,352,1
10_27_22_48_36_47_26,375.0,206,178,347,1
10_27_26_46_39_39_29,371.0,206,178,343,1
10_27_39_26_50_31_33,368.0,206,174,336,5
10_28_25_40_47_14_52,384.0,206,178,356,0
10_28_31_31_44_45_27,373.0,206,177,344,1
10_2_16_74_87_20_7,373.0,206,204,371,0
10_2_16_81_79_23_5,369.0,206,204,367,0
10_2_19_74_81_24_6,371.0,206,204,369,0
10_2_20_68_88_22_6,372.0,206,204,370,0
10_31_28_34_48_31_34,370.0,206,171,335,4
10_31_43_20_42_29_41,368.0,206,167,329,8
10_32_27_33_11_71_32,388.0,206,174,356,0
10_33_26_22_21_83_21,388.0,206,170,352,3
10_34_21_39_46_37_29,368.0,206,172,334,0
10_35_24_26_58_17_46,377.0,206,169,340,2
10_36_9_36_65_12_48,385.0,206,170,349,0
10_37_18_19_53_58_21,379.0,206,168,341,1
10_38_10_30_56_46_26,379.0,206,168,341,0
10_38_12_41_41_33_41,380.0,206,167,341,1
10_38_24_26_40_48_30,372.0,206,165,331,3
10_38_7_51_19_63_28,382.0,206,167,343,1
10_39_28_18_27_53_41,384.0,206,162,340,5
10_3_12_74_87_21_9,378.0,206,203,375,0
10_3_12_76_85_23_7,376.0,206,203,373,0
10_3_14_84_73_27_5,370.0,206,203,367,0
10_3_15_72_85_27_4,374.0,206,203,371,0
10_3_15_85_73_22_8,369.0,206,203,366,0
10_3_21_63_87_24_8,375.0,206,203,372,0
10_40_19_21_35_57_34,385.0,206,164,343,2
10_40_31_28_24_40_43,370.0,206,157,321,9
10_42_3_39_55_41_26,373.0,206,164,331,0
10_44_16_35_44_13_54,373.0,206,161,328,1
10_48_16_27_23_55_37,375.0,206,153,322,5
10_4_16_77_77_25_7,371.0,206,202,367,0
10_4_9_80_82_24_7,376.0,206,202,372,0
10_5_10_79_78_28_6,375.0,206,201,370,0
10_5_11_75_88_20_7,373.0,206,201,368,0
10_5_17_69_84_24_7,372.0,206,201,367,0
10_5_27_58_46_63_7,387.0,206,201,382,0
10_6_17_76_75_24_8,368.0,206,200,362,0
10_6_22_64_54_46_14,386.0,206,200,380,0
11_0_10_80_89_22_4,375.0,205,205,375,0
11_0_13_82_80_24_6,374.0,205,205,374,0
11_0_49_25_87_41_3,372.0,205,205,372,0
11_0_62_36_28_74_5,372.0,205,205,372,0
11_10_55_31_45_31_33,373.0,205,194,362,1
11_11_43_46_20_51_34,387.0,205,193,375,1
11_12_20_69_45_25_34,384.0,205,192,371,1
11_13_14_69_60_28_21,377.0,205,192,364,0
11_14_28_62_22_42_37,388.0,205,189,372,2
11_15_28_64_27_39_32,379.0,205,189,363,1
11_15_43_40_46_25_36,373.0,205,188,356,2
11_15_48_35_26_48_33,379.0,205,187,361,3
11_15_50_30_35_43_32,376.0,205,188,359,2
11_16_42_27_49_49_22,377.0,205,187,359,2
11_16_52_21_41_47_28,375.0,205,184,354,5
11_17_45_35_36_34_38,377.0,205,187,359,1
11_18_36_28_36_64_23,388.0,205,185,368,2
11_19_44_24_41_29_48,388.0,205,185,368,1
11_19_52_33_30_28_43,370.0,205,184,349,2
11_1_14_80_83_21_6,371.0,205,204,370,0
11_1_16_67_92_22_7,377.0,205,204,376,0
11_20_28_65_21_25_46,378.0,205,183,356,2
11_20_33_40_47_34_31,375.0,205,184,354,1
11_20_35_45_18_51_36,384.0,205,184,363,1
11_20_43_25_43_41_33,378.0,205,184,357,1
11_21_32_21_78_30_23,374.0,205,182,351,2
11_21_34_21_78_30_21,370.0,205,182,347,2
11_22_44_37_25_43_34,370.0,205,181,346,2
11_24_46_22_39_30_44,376.0,205,179,350,2
11_24_7_61_51_25_37,386.0,205,181,362,0
11_25_24_36_57_25_38,381.0,205,180,356,0
11_25_34_42_25_57_22,368.0,205,178,341,2
11_26_22_41_31_63_22,382.0,205,178,355,1
11_26_30_33_32_57_27,380.0,205,178,353,1
11_26_31_23_58_21_46,385.0,205,176,356,3
11_26_35_15_56_61_12,371.0,205,177,343,2
11_26_35_22_21_78_23,387.0,205,177,359,2
11_27_22_28_27_97_4,386.0,205,176,357,2
11_27_25_51_22_44_36,377.0,205,178,350,0
11_28_25_43_29_37_43,383.0,205,172,350,5
11_2_16_75_83_23_6,371.0,205,203,369,0
11_2_9_77_89_21_7,377.0,205,203,375,0
11_30_32_26_49_28_40,374.0,205,172,341,3
11_30_41_17_32_41_44,380.0,205,172,347,3
11_31_30_41_26_18_59,381.0,205,170,346,4
11_31_30_46_19_13_66,383.0,205,173,351,1
11_31_40_19_36_22_57,382.0,205,172,349,2
11_33_21_49_27_22_53,379.0,205,170,344,2
11_33_36_24_31_31_50,378.0,205,170,343,2
11_34_10_53_42_19_47,379.0,205,171,345,0
11_35_31_27_37_30_45,373.0,205,166,334,4
11_36_15_44_39_32_39,374.0,205,168,337,1
11_37_28_32_31_33_44,371.0,205,166,332,2
11_38_20_27_31_43_46,387.0,205,165,347,2
11_38_21_33_21_43_49,386.0,205,165,346,2
11_39_27_30_31_25_53,375.0,205,160,330,6
11_3_10_77_85_22_8,376.0,205,202,373,0
11_3_17_73_82_24_6,370.0,205,202,367,0
11_40_27_27_28_47_36,369.0,205,164,328,1
11_41_15_31_12_82_24,383.0,205,159,337,5
11_43_21_18_54_33_36,368.0,205,162,325,0
11_44_3_42_55_14_47,374.0,205,160,329,1
11_46_7_47_21_43_41,373.0,205,156,324,3
11_4_15_69_83_29_5,374.0,205,201,370,0
11_5_11_79_79_26_5,370.0,205,200,365,0
11_5_20_66_82_25_7,369.0,205,200,364,0
11_5_38_46_48_63_5,378.0,205,200,373,0
11_5_45_45_58_38_14,368.0,205,200,363,0
11_6_60_40_22_48_29,374.0,205,198,367,1
12_10_13_70_66_26_19,377.0,204,194,367,0
12_11_34_30_58_55_16,386.0,204,192,374,1
12_12_31_60_32_26_43,385.0,204,190,371,2
12_14_24_10_105_46_5,386.0,204,189,371,1
12_14_37_37_48_37_31,381.0,204,190,367,0
12_14_44_34_36_40_36,382.0,204,186,364,4
12_14_51_29_38_29_43,379.0,204,188,363,2
12_15_27_56_32_57_17,376.0,204,187,359,2
12_17_17_66_52_27_25,371.0,204,187,354,0
12_17_31_52_27_29_48,388.0,204,185,369,2
12_17_48_40_27_23_49,375.0,204,186,357,1
12_19_36_33_58_26_32,372.0,204,185,353,0
12_1_18_69_89_20_7,371.0,204,203,370,0
12_20_29_37_56_33_29,376.0,204,184,356,0
12_21_27_29_60_48_19,378.0,204,183,357,0
12_21_42_26_45_33_37,375.0,204,181,352,2
12_24_27_55_28_33_37,371.0,204,179,346,1
12_25_23_43_32_38_43,388.0,204,179,363,0
12_25_42_41_22_22_52,371.0,204,173,340,6
12_26_49_23_24_29_53,376.0,204,173,345,5
12_27_16_63_35_8_55,379.0,204,176,351,1
12_28_12_29_80_43_12,373.0,204,176,345,0
12_28_39_38_22_30_47,370.0,204,171,337,5
12_29_23_39_37_46_30,375.0,204,173,344,2
12_29_30_40_29_45_31,368.0,204,174,338,1
12_30_33_41_18_43_39,370.0,204,171,337,3
12_31_21_34_40_49_29,377.0,204,172,345,1
12_31_35_36_12_57_33,370.0,204,168,334,5
12_32_28_41_17_57_29,369.0,204,169,334,3
12_32_37_21_37_37_40,371.0,204,169,336,3
12_33_13_43_47_20_48,382.0,204,169,347,2
12_33_1_50_62_41_17,370.0,204,170,336,1
12_33_32_39_21_32_47,370.0,204,166,332,5
12_35_31_26_18_51_43,380.0,204,164,340,5
12_36_21_30_41_32_44,378.0,204,167,341,1
12_36_25_33_26_31_53,381.0,204,164,341,4
12_36_31_28_27_40_42,371.0,204,165,332,3
12_40_10_50_27_32_45,374.0,204,162,332,2
12_40_24_23_27_35_55,385.0,204,162,343,2
12_42_23_26_8_86_19,371.0,204,155,322,7
12_44_15_29_15_69_32,379.0,204,156,331,4
12_45_10_39_22_46_42,376.0,204,157,329,2
12_4_10_70_87_22_11,379.0,204,200,375,0
12_4_18_68_82_24_8,370.0,204,200,366,0
12_4_36_51_41_55_17,385.0,204,199,380,1
12_4_46_49_49_39_17,368.0,204,200,364,0
12_5_15_75_78_22_9,368.0,204,199,363,0
13_0_62_29_47_39_26,375.0,203,203,375,0
13_10_30_36_71_42_14,378.0,203,193,368,0
13_10_54_30_17_66_26,381.0,203,193,371,0
13_12_53_23_54_25_36,372.0,203,189,358,2
13_13_23_43_67_48_9,375.0,203,190,362,0
13_17_23_52_44_31_36,383.0,203,185,365,1
13_18_2_86_37_14_46,387.0,203,185,369,0
13_19_41_19_63_36_25,370.0,203,183,350,1
13_1_7_76_84_25_10,382.0,203,202,381,0
13_20_22_31_49_65_16,387.0,203,183,367,0
13_21_13_47_61_32_29,383.0,203,182,362,0
13_22_31_22_44_58_26,386.0,203,178,361,3
13_23_33_30_42_21_54,388.0,203,178,363,2
13_24_29_51_22_45_32,370.0,203,178,345,1
13_25_20_35_37_78_8,378.0,203,178,353,0
13_25_23_38_61_23_33,371.0,203,175,343,3
13_26_41_28_23_48_37,373.0,203,175,345,2
13_27_43_20_37_35_41,371.0,203,172,340,4
13_29_39_24_37_31_43,370.0,203,169,336,5
13_2_6_78_81_28_8,380.0,203,201,378,0
13_30_19_37_40_37_40,382.0,203,173,352,0
13_31_25_14_73_9_51,383.0,203,171,351,1
13_31_31_22_40_41_38,376.0,203,169,342,3
13_33_24_38_22_47_39,376.0,203,166,339,4
13_33_27_45_18_32_48,371.0,203,169,337,1
13_33_9_49_24_56_32,383.0,203,169,349,1
13_34_13_38_38_46_34,380.0,203,167,344,2
13_34_17_36_36_36_44,382.0,203,169,348,0
13_36_17_26_48_44_32,376.0,203,167,340,0
13_36_23_33_32_21_58,381.0,203,165,343,2
13_36_24_31_34_39_39,371.0,203,164,332,3
13_3_13_78_79_21_9,369.0,203,200,366,0
13_3_18_61_91_22_8,372.0,203,199,368,1
13_41_18_15_38_48_43,386.0,203,161,344,1
13_4_13_70_84_26_6,371.0,203,199,367,0
13_4_14_65_91_25_4,370.0,203,199,366,0
13_4_17_73_71_31_7,369.0,203,199,365,0
13_4_30_60_52_26_31,384.0,203,199,380,0
13_6_12_78_72_26_9,368.0,203,197,362,0
13_6_52_41_29_29_46,385.0,203,197,379,0
13_8_36_60_35_24_40,380.0,203,195,372,0
14_0_14_69_86_23_10,377.0,202,202,377,0
14_10_31_54_46_26_35,379.0,202,192,369,0
14_10_32_59_25_31_45,388.0,202,192,378,0
14_13_29_20_87_25_28,386.0,202,188,372,1
14_14_22_40_73_32_21,378.0,202,188,364,0
14_15_47_38_31_25_46,374.0,202,185,357,2
14_16_25_60_20_50_31,381.0,202,186,365,0
14_16_32_54_26_32_42,379.0,202,185,362,1
14_17_20_61_33_30_41,384.0,202,183,365,2
14_17_23_70_31_23_38,370.0,202,185,353,0
14_18_23_57_34_29_41,381.0,202,183,362,1
14_18_33_43_14_63_31,385.0,202,183,366,1
14_19_23_45_46_34_35,382.0,202,181,361,2
14_1_18_78_48_39_18,383.0,202,201,382,0
14_20_23_45_42_33_39,384.0,202,180,362,2
14_20_44_29_18_51_40,381.0,202,178,357,4
14_21_17_64_35_25_40,376.0,202,181,355,0
14_21_25_31_54_40_31,383.0,202,180,361,1
14_23_19_47_55_34_24,368.0,202,177,343,2
14_23_23_20_75_41_20,377.0,202,177,352,2
14_25_11_63_30_30_43,382.0,202,177,357,0
14_25_17_33_67_12_48,387.0,202,177,362,0
14_25_20_29_59_28_41,387.0,202,175,360,2
14_25_39_29_35_38_36,368.0,202,174,340,3
14_26_43_19_49_11_54,372.0,202,173,343,3
14_27_14_47_50_28_36,376.0,202,174,348,1
14_27_1_4_143_23_4,376.0,202,175,349,0
14_28_19_30_68_32_25,369.0,202,174,341,0
14_28_21_32_42_40_39,384.0,202,173,355,1
14_28_22_46_20_58_28,374.0,202,172,344,2
14_28_25_44_29_24_52,379.0,202,166,343,8
14_29_22_35_32_38_46,386.0,202,171,355,2
14_29_31_25_38_30_49,381.0,202,171,350,2
14_29_33_26_25_43_46,382.0,202,169,349,4
14_29_34_26_24_39_50,383.0,202,171,352,2
14_29_35_19_25_74_20,373.0,202,166,337,7
14_2_14_75_77_27_7,370.0,202,200,368,0
14_2_16_67_88_21_8,370.0,202,200,368,0
14_30_25_31_30_35_51,387.0,202,172,357,0
14_31_28_25_39_36_43,378.0,202,169,345,2
14_31_33_29_20_34_55,382.0,202,166,346,5
14_31_34_25_41_14_57,375.0,202,169,342,2
14_31_37_29_36_12_57,369.0,202,167,334,4
14_32_18_37_42_47_26,369.0,202,169,336,1
14_32_28_27_25_59_31,375.0,202,167,340,3
14_32_31_18_41_40_40,376.0,202,165,339,5
14_33_11_35_55_22_46,383.0,202,169,350,0
14_33_20_47_27_18_57,377.0,202,164,339,5
14_33_21_34_50_23_41,369.0,202,166,333,3
14_33_38_23_21_42_45,371.0,202,165,334,4
14_33_38_27_23_28_53,370.0,202,163,331,6
14_34_0_48_42_44_34,385.0,202,167,350,1
14_34_29_37_20_35_47,370.0,202,164,332,4
14_34_30_23_31_55_29,368.0,202,164,330,4
14_34_36_19_25_51_37,370.0,202,162,330,6
14_34_6_58_40_26_38,369.0,202,168,335,0
14_35_17_2_90_25_33,379.0,202,166,343,1
14_35_9_6_65_77_10,388.0,202,167,353,0
14_36_22_23_13_79_29,385.0,202,165,348,1
14_39_21_37_23_32_50,372.0,202,160,330,3
14_3_11_74_83_27_4,369.0,202,199,366,0
14_42_13_30_31_52_34,373.0,202,160,331,0
14_43_15_28_34_33_49,376.0,202,157,331,2
14_44_2_40_31_52_33,375.0,202,158,331,0
14_6_54_29_28_55_30,384.0,202,196,378,0
14_7_32_59_26_60_18,380.0,202,195,373,0
14_7_52_31_38_30_44,385.0,202,194,377,1
14_7_8_69_89_24_5,368.0,202,195,361,0
15_0_14_77_77_23_10,371.0,201,201,371,0
15_10_42_35_43_31_40,383.0,201,191,373,0
15_12_33_55_17_75_9,370.0,201,189,358,0
15_13_23_52_33_51_29,388.0,201,188,375,0
15_13_24_59_32_50_23,377.0,201,188,364,0
15_13_37_32_39_53_27,383.0,201,188,370,0
15_15_44_39_12_74_17,370.0,201,184,353,2
15_16_27_50_27_52_29,381.0,201,182,362,3
15_17_35_35_40_46_28,375.0,201,182,356,2
15_18_23_31_74_39_16,372.0,201,182,353,1
15_18_27_45_50_35_26,369.0,201,183,351,0
15_18_7_86_23_22_45,381.0,201,183,363,0
15_19_34_33_30_56_29,380.0,201,180,359,2
15_22_26_46_47_12_48,374.0,201,178,351,1
15_22_44_31_27_23_54,375.0,201,176,350,3
15_23_35_31_40_40_32,369.0,201,177,345,1
15_25_21_44_30_39_42,383.0,201,173,355,3
15_26_2_80_21_16_56,385.0,201,174,358,1
15_27_11_55_42_26_40,376.0,201,173,348,1
15_28_27_29_30_71_16,370.0,201,172,341,1
15_28_42_25_29_25_52,370.0,201,170,339,3
15_29_38_37_21_18_58,369.0,201,170,338,2
15_29_45_16_37_23_51,368.0,201,165,332,7
15_2_33_45_64_53_4,374.0,201,199,372,0
15_2_6_81_86_21_5,368.0,201,199,366,0
15_30_10_43_42_47_29,378.0,201,170,347,1
15_32_25_23_47_45_29,369.0,201,164,332,5
15_34_11_33_51_49_23,371.0,201,166,336,1
15_34_24_15_56_25_47,379.0,201,164,342,3
15_37_16_44_24_41_39,368.0,201,162,329,2
15_40_26_21_26_45_43,371.0,201,158,328,3
15_4_0_106_42_48_1,368.0,201,197,364,0
15_8_29_55_35_41_33,387.0,201,193,379,0
15_8_45_29_47_29_43,388.0,201,193,380,0
