x,y,rho,p
C4 strands (eq),UTS,-0.3349221014020238,5.177827451363541e-10
C4 strands (eq),toughness,-0.18760527533231658,0.0006500430542453442
C4 strands (eq),UTS axis-CV,0.16980713765037128,0.00206102217883683
C4 strands (eq),toughness axis-CV,0.13702026365679318,0.013139121169389716
z C4 strands (eq),UTS,-0.33403631286833496,5.785321320416506e-10
z C4 strands (eq),toughness,-0.1873612630706146,0.000660887885438368
z C4 strands (eq),UTS axis-CV,0.16834683923470067,0.0022550335912472114
z C4 strands (eq),toughness axis-CV,0.13601023821911548,0.013834859844738992
S strands (eq),UTS,-0.005046695229714722,0.9275631403476255
S strands (eq),toughness,-0.04971844211040748,0.3701581736548287
S strands (eq),UTS axis-CV,0.08501853944075548,0.12495732010266047
S strands (eq),toughness axis-CV,0.08929853510275972,0.10699763520600944
P2 memory (eq),UTS,-0.4893962772857875,4.2628283773960925e-21
P2 memory (eq),toughness,-0.3529488075316392,5.009826180627139e-11
P2 memory (eq),UTS axis-CV,0.1572942163259647,0.004354758569065725
P2 memory (eq),toughness axis-CV,0.09089096392736878,0.10086016120087551
C4 bonds (eq),UTS,0.05774270468544726,0.29785707380039794
C4 bonds (eq),toughness,0.04093571666847416,0.46068403460279483
C4 bonds (eq),UTS axis-CV,-0.013893255102979353,0.8023679537604491
C4 bonds (eq),toughness axis-CV,-0.07823355714279831,0.15811045240198005
C4 strands (MD start),UTS,-0.23968353222677832,1.1777413115358183e-05
C4 strands (MD start),toughness,-0.2025113014399126,0.00022755272574104867
C4 strands (MD start),UTS axis-CV,0.021034131515401944,0.7047260693786679
C4 strands (MD start),toughness axis-CV,0.03201571287959179,0.5640235129996378
