x,y,r_within,p_perm,n
Q_aa strands (eq),UTS_a,0.10192814481023649,0.009995002498750625,981
Q_aa strands (eq),T_a,0.03896692761157454,0.3238380809595202,981
Q_aa strands (MD start),UTS_a,0.12416866698864802,0.001999000499750125,981
Q_aa strands (MD start),T_a,0.08587335463816062,0.027486256871564217,981
scaffold strands along a,UTS_a,0.17820119426784078,0.0004997501249375312,981
scaffold strands along a,T_a,0.1647474918366444,0.0004997501249375312,981
2-core strands along a,UTS_a,0.2551304041533685,0.0004997501249375312,981
2-core strands along a,T_a,0.19851160882924448,0.0004997501249375312,981
min plane count along a,UTS_a,0.5753044448650414,0.0004997501249375312,981
min plane count along a,T_a,0.5414924859805617,0.0004997501249375312,981
2-core min plane count along a,UTS_a,0.6593757567307174,0.0004997501249375312,981
2-core min plane count along a,T_a,0.6162225886328487,0.0004997501249375312,981
box length L_a/L (eq),UTS_a,0.20954910192883697,0.0004997501249375312,981
box length L_a/L (eq),T_a,-0.004400998772955329,0.9095452273863068,981
box length L_a/L at pull start (seed 1),UTS_a,0.19934371679972634,0.0004997501249375312,981
box length L_a/L at pull start (seed 1),T_a,-0.047546550311550195,0.2353823088455772,981
scaffold strands along a,L_a/L (eq),-0.3097592787556089,0.0004997501249375312,981
scaffold strands along a,Q_aa (eq),-0.03104979045455754,0.42278860569715143,981
L_a/L (eq),L_a/L pull start,0.6945293245056422,0.0004997501249375312,981
L_a/L (eq),Q_aa (eq),0.5130231514870263,0.0004997501249375312,981
